CREATE DATABASE  IF NOT EXISTS `periodicals` /*!40100 DEFAULT CHARACTER SET utf8 */;
USE `periodicals`;
-- MySQL dump 10.13  Distrib 8.0.18, for Win64 (x86_64)
--
-- Host: localhost    Database: periodicals
-- ------------------------------------------------------
-- Server version	8.0.11

/*!40101 SET @OLD_CHARACTER_SET_CLIENT=@@CHARACTER_SET_CLIENT */;
/*!40101 SET @OLD_CHARACTER_SET_RESULTS=@@CHARACTER_SET_RESULTS */;
/*!40101 SET @OLD_COLLATION_CONNECTION=@@COLLATION_CONNECTION */;
/*!50503 SET NAMES utf8 */;
/*!40103 SET @OLD_TIME_ZONE=@@TIME_ZONE */;
/*!40103 SET TIME_ZONE='+00:00' */;
/*!40014 SET @OLD_UNIQUE_CHECKS=@@UNIQUE_CHECKS, UNIQUE_CHECKS=0 */;
/*!40014 SET @OLD_FOREIGN_KEY_CHECKS=@@FOREIGN_KEY_CHECKS, FOREIGN_KEY_CHECKS=0 */;
/*!40101 SET @OLD_SQL_MODE=@@SQL_MODE, SQL_MODE='NO_AUTO_VALUE_ON_ZERO' */;
/*!40111 SET @OLD_SQL_NOTES=@@SQL_NOTES, SQL_NOTES=0 */;

--
-- Table structure for table `edition`
--

DROP TABLE IF EXISTS `edition`;
/*!40101 SET @saved_cs_client     = @@character_set_client */;
/*!50503 SET character_set_client = utf8mb4 */;
CREATE TABLE `edition` (
  `id` int(11) NOT NULL AUTO_INCREMENT,
  `name` varchar(255) NOT NULL,
  `type_id` int(11) NOT NULL,
  `theme_id` int(11) NOT NULL,
  `periodicity_per_year` int(11) NOT NULL,
  `minimum_subscription_period_in_months` int(11) NOT NULL,
  `price_for_minimum_subscription_period` decimal(19,4) NOT NULL,
  `is_blocked` tinyint(4) NOT NULL,
  PRIMARY KEY (`id`),
  UNIQUE KEY `id_UNIQUE` (`id`),
  KEY `edition_theme_fk` (`theme_id`),
  KEY `edition_type_fk_idx` (`type_id`),
  CONSTRAINT `edition_theme_fk` FOREIGN KEY (`theme_id`) REFERENCES `edition_theme` (`id`),
  CONSTRAINT `edition_type_fk` FOREIGN KEY (`type_id`) REFERENCES `edition_type` (`id`)
) ENGINE=InnoDB AUTO_INCREMENT=740 DEFAULT CHARSET=utf8;
/*!40101 SET character_set_client = @saved_cs_client */;

--
-- Dumping data for table `edition`
--
-- ORDER BY:  `id`

LOCK TABLES `edition` WRITE;
/*!40000 ALTER TABLE `edition` DISABLE KEYS */;
INSERT INTO `edition` VALUES (1,'Мир тяжелых моторов',1,1,24,1,5.8500,0),(2,'Транспортная безопасность',1,1,48,1,7.9300,0),(3,'Транспортный вестник',1,1,52,1,9.1800,0),(4,'Белорусы и рынок',1,2,12,1,6.2700,0),(5,'Светлогорский Бизнес',1,2,52,1,1.8000,0),(6,'Экономическая газета',1,2,96,1,38.4900,0),(7,'02 - газета Вицебскай мiлiцыi',1,3,12,1,2.9000,0),(8,'Белорусская военная газета. Во славу Родины',1,3,142,1,7.5500,0),(9,'Милицейский вестник',1,3,52,1,5.6900,0),(10,'Ах! Развивайка!',1,5,6,6,3.1700,0),(11,'Бабушкины сказки',1,5,2,6,0.7700,0),(12,'В гостях у сказки',1,5,12,3,3.6600,0),(13,'Глобус',1,5,12,3,3.1400,0),(14,'ДГ. Комплект изданий для детей младшего возраста',1,5,26,6,15.7300,0),(15,'ДГ. Комплект изданий для детей старшего и среднего возраста',1,5,30,6,15.3700,0),(16,'Детская \"Сказка-раскраска\"',1,5,2,6,1.1600,0),(17,'Детская газета',1,5,12,3,3.2900,0),(18,'Детская сказка на ночь',1,5,2,6,0.7700,0),(19,'Знамя юности',1,5,52,1,4.5100,0),(20,'Знамя юности для работников учреждений образования',1,5,52,1,4.1600,0),(21,'Знамя юности Льготная для членов ОО \"БРСМ\"',1,5,52,1,4.1600,0),(22,'Зорька',1,5,52,1,4.8600,0),(23,'Переходный возраст',1,5,48,1,6.5600,0),(24,'Полосатая газета',1,5,10,1,2.3600,0),(25,'Шапокляк',1,5,12,1,1.9600,0),(26,'Азбука дома (Минская область)',1,6,48,1,2.5600,0),(27,'Антенна-Телесемь',1,6,52,1,6.3600,0),(28,'Антенна-Телесемь для индивидуальных подписчиков льготный экономный на полугодие',1,6,52,6,35.2900,0),(29,'Антенна-Телесемь для индивидуальных подписчиков. имеющих подписной абонемент за любой предыдущий период',1,6,52,1,6.0200,0),(30,'ВЕЧЕРНИЙ МОГИЛЁВ ( выпуск по средам) (Могилев) (за пределы)',1,6,52,1,10.5600,0),(31,'ВЕЧЕРНИЙ МОГИЛЁВ ( выпуск по средам) (Могилев) подписка на полугодие (за пределы)',1,6,52,6,41.0000,0),(32,'ВЕЧЕРНИЙ МОГИЛЁВ (выпуск среда+ пятница) (за пределы)',1,6,104,1,2066417.0000,0),(33,'ВЕЧЕРНИЙ МОГИЛЁВ (выпуск среда+ пятница) подписка на полугодие (за пределы)',1,6,104,6,63.0000,0),(34,'Газета пенсионера',1,6,52,1,3.8600,0),(35,'Джем-сканворд',1,6,4,3,0.2400,0),(36,'Дорожные кроссворды',1,6,12,1,0.9900,0),(37,'Дорожные кроссворды Для пенсионеров и инвалидов всех групп',1,6,12,1,0.8600,0),(38,'Здоровая жизнь',1,6,12,3,2.3500,0),(39,'Здоровье и еда (с программой телевидения)',1,6,52,1,1.9600,0),(40,'Кабельное телевидение',1,6,52,1,6.6500,0),(41,'Комиксы. Анекдоты. Кроссворды',1,6,12,1,1.3900,0),(42,'Комиксы. Анекдоты. Кроссворды Для пенсионеров и инвалидов всех групп',1,6,12,1,1.1400,0),(43,'Крама крыжаванак',1,6,4,3,0.2300,0),(44,'Магазин сканвордов',1,6,52,1,2.1500,0),(45,'Магазин сканвордов подписка на квартал',1,6,52,3,6.0200,0),(46,'Мудрые советы',1,6,24,1,0.9300,0),(47,'На досуге (Витебск)',1,6,52,1,3.0500,0),(48,'На досуге (Витебск) (за пределы)',1,6,52,1,3.0500,0),(49,'На досуге (Витебск) Для подписчиков. имеющих полугодовую подписку в 2019г.. для инвалидов 1 и 2 групп. для ликвидаторов Чернобыльской аварии. для пенсионеров',1,6,52,1,2.9600,0),(50,'На досуге (Витебск) Для подписчиков. имеющих полугодовую подписку в 2019г.. для инвалидов 1 и 2 групп. для ликвидаторов Чернобыльской аварии. для пенсионеров (за пределы)',1,6,52,1,2.9600,0),(51,'Почтенный возраст',1,6,24,1,0.9300,0),(52,'Почтенный возраст подписка на полугодие',1,6,24,6,5.1700,0),(53,'Программа ТВ. Анекдоты. Кроссворды',1,6,52,1,4.2300,0),(54,'Программа ТВ. Анекдоты. Кроссворды Для пенсионеров и инвалидов всех групп',1,6,52,1,3.4300,0),(55,'Пятерка. 5Х5',1,6,24,1,1.1400,0),(56,'Сканворд пенсионера',1,6,24,1,0.9300,0),(57,'Советчица',1,6,52,1,2.0100,0),(58,'Советчица подписка на полугодие',1,6,52,6,11.2600,0),(59,'Твой город (Витебск) вторник',1,6,52,1,3.3400,0),(60,'Твой город (Витебск) вторник (за пределы)',1,6,52,1,3.3400,0),(61,'Твой город (Витебск) вторник подписка на квартал',1,6,52,3,8.6800,0),(62,'Твой город (Витебск) вторник подписка на квартал (за пределы)',1,6,52,3,8.6800,0),(63,'Твой город (Витебск) четверг',1,6,52,1,3.8900,0),(64,'Твой город (Витебск) четверг (за пределы)',1,6,52,1,3.8900,0),(65,'Твой город (Витебск) четверг подписка на полугодие',1,6,52,6,20.3100,0),(66,'Твой город (Витебск) четверг подписка на полугодие (за пределы)',1,6,52,6,20.3100,0),(67,'Теленеделя',1,6,52,1,3.6600,0),(68,'Телепанорама (Гомель)',1,6,52,1,6.2100,0),(69,'Телепанорама (Гомель) (за пределы)',1,6,52,1,6.2100,0),(70,'Хатнiя справы',1,6,12,1,0.2300,0),(71,'Цифровые сканворды',1,6,52,1,2.1500,0),(72,'ЧЕТВЕРГ',1,6,52,1,1.8700,0),(73,'ЧЕТВЕРГ',1,6,52,1,4.1100,0),(74,'ЧЕТВЕРГ Для пенсионеров. инвалидов всех групп. участников ВОВ и приравненных к ним лиц. многодетных семей. и подписчиков. имеющих абонемент на любое полугодие 2019 года',1,6,52,1,1.7300,0),(75,'ЧЕТВЕРГ льготная для пенсионеров. инвалидов всех групп. участников ВОВ и приравненных к ним лиц. многодетных семей. и подписчиков. имеющих абонемент на любое полугодие 2019 года',1,6,52,1,3.8300,0),(76,'Ваше здоровье',1,7,24,1,3.3100,0),(77,'Ваше здоровье Для инвалидов и участников ВОВ, инвалидов 1,2,3 групп, труда, детства, ликвидаторов аварии на ЧАЭС, многодетных матерей, блокадников Ленинграда, воинов-интернационалистов, медицинских работников, учащихся, тружеников тыла.',1,7,24,1,2.9300,0),(78,'Доживем до 100',1,7,12,1,0.2400,0),(79,'Здравушка. 100 лет без бед',1,7,24,1,1.4700,0),(80,'Здравушка. 100 лет без бед подписка на полугодие',1,7,24,6,8.3200,0),(81,'Здравушка. ТВ (без программы ТВ) подписка на полугодие',1,7,4,6,0.4600,0),(82,'Здравушка. ТВ (без программы ТВ)',1,7,4,3,0.2400,0),(83,'Медицинский вестник',1,7,52,1,5.8300,0),(84,'Медицинский вестник подписка на полугодие',1,7,52,6,30.4000,0),(85,'100 вопросов, 100 ответов и полезные советы',1,8,4,6,2.1600,0),(86,'1000 и 1 мелочь',1,8,12,1,1.7400,0),(87,'15 суток',1,8,12,1,0.8400,0),(88,'Анекдот слышал?',1,8,4,3,0.9900,0),(89,'Анекдоты плюс',1,8,12,3,363170.0000,0),(90,'Бабушкины заготовки на зиму',1,8,2,1,0.7400,0),(91,'Варим, солим, маринуем...',1,8,2,1,1.8400,0),(92,'Вельмi смачна',1,8,12,1,0.2300,0),(93,'Вкуснятина',1,8,12,1,0.8400,0),(94,'Вяжем, шьем и вышиваем',1,8,6,6,4.0500,0),(95,'Гороскоп (газета) + Гороскоп. Спецвыпуск (журнал) комплект',1,8,16,3,2.8900,0),(96,'ДГ. Комплект изданий \"Заготовки\"',1,8,6,6,3.0900,0),(97,'ДГ. Комплект изданий \"На все случаи жизни\"',1,8,22,6,14.7800,0),(98,'ДГ. КОМПЛЕКТ с Телепрограммой:',1,8,64,6,1963363.0000,0),(99,'Дежурный доктор',1,8,12,1,0.3700,0),(100,'Дежурный доктор (газета) + Здоровье пенсионера (журнал). Комплект изданий',1,8,64,1,3.2600,0),(101,'Деревенские заготовки',1,8,2,1,0.7200,0),(102,'Досуг пенсионера',1,8,52,1,3.4300,0),(103,'Друг пенсионера',1,8,52,1,2.6900,0),(104,'Женская газета',1,8,52,1,5.4500,0),(105,'Женская газета Для пенсионеров и инвалидов всех групп',1,8,52,1,4.6800,0),(106,'Житейская газета',1,8,12,3,3.9300,0),(107,'Заготовочки',1,8,2,1,0.6500,0),(108,'Календарь православных праздников на 2020 год. Доподписка',1,8,2,6,1.6900,0),(109,'Кухонька',1,8,6,6,3.2600,0),(110,'Ложка',1,8,12,1,0.2400,0),(111,'Лунный посевной календарь на 2020 год. Доподписка',1,8,2,6,1.4600,0),(112,'Мир с Богом',1,8,4,6,2.1200,0),(113,'Мясо, сало, колбаса и другие чудеса',1,8,4,3,1.0900,0),(114,'На недельку!',1,8,12,1,0.6500,0),(115,'Народные лекарства и снадобья',1,8,4,3,0.9400,0),(116,'Родительский дом',1,8,24,1,0.8400,0),(117,'Родительский дом подписка на полугодие',1,8,24,6,4.5300,0),(118,'Сам себе доктор',1,8,12,1,1.4600,0),(119,'Сенсация',1,8,12,1,0.7300,0),(120,'Хозяюшка',1,8,12,1,0.9500,0),(121,'Экономим вместе',1,8,12,1,0.2400,0),(122,'7 дней',1,9,52,1,5.2400,0),(123,'Беларус-МТЗ обозрение',1,9,100,1,7.4300,0),(124,'Беларус-МТЗ обозрение для инвалидов, ветеранов ВОВ, тружеников тыла, афганцев, чернобыльцев, ветеранов труда ОАО \"МТЗ\", почетных доноров',1,9,100,1,5.8100,0),(125,'Брестская газета (Брест)',1,9,52,1,5.4000,0),(126,'Брестская газета (Брест) (за пределы)',1,9,52,1,5.4000,0),(127,'Брестская газета (Брест) льготная',1,9,52,1,4.8100,0),(128,'Брестская газета (Брест) льготная (за пределы)',1,9,52,1,4.8100,0),(129,'Вести потребкооперации',1,9,48,1,3.7900,0),(130,'ВЕЧЕРНИЙ БОБРУЙСК (Могилев)',1,9,52,1,5.0000,0),(131,'ВЕЧЕРНИЙ БОБРУЙСК (Могилев) (за пределы)',1,9,52,1,5.0000,0),(132,'Вечерний Гродно (Гродно)',1,9,52,1,5.8000,0),(133,'Вечерний Гродно (Гродно) (за пределы)',1,9,52,1,5.8000,0),(134,'Вечерний Гродно (Гродно) льготная, для подписчиков, имеющих подписной абонемент на любой период 2019г.',1,9,52,1,5.3000,0),(135,'Вечерний Гродно (Гродно) льготная, для подписчиков, имеющих подписной абонемент на любой период 2019г. (за пределы)',1,9,52,1,5.3000,0),(136,'Герой працы (Шумилинский р-н)',1,9,100,1,6.3000,0),(137,'Герой працы (Шумилинский р-н) (за пределы)',1,9,100,1,6.3000,0),(138,'Голас Веткаўшчыны (Ветковский р-н)',1,9,98,1,7.3500,0),(139,'Голас Веткаўшчыны (Ветковский р-н) (за пределы)',1,9,98,1,7.3500,0),(140,'Голас Расоншчыны (Россонский р-н)',1,9,52,6,26.2400,0),(141,'Голас Расоншчыны (Россонский р-н)',1,9,52,1,4.9000,0),(142,'Голас Расоншчыны (Россонский р-н) (за пределы)',1,9,52,6,26.2400,0),(143,'Голас Расоншчыны (Россонский р-н) (за пределы)',1,9,52,1,4.9000,0),(144,'Гомельские ведомости (Гомель)',1,9,150,1,8.1200,0),(145,'Гомельские ведомости (Гомель) (за пределы)',1,9,150,1,8.1200,0),(146,'Гомельские ведомости (Гомель) льготная - для ветеранов ВОВ, пенсионеров всех категорий, в том числе инвалидов всех групп',1,9,150,1,7.1100,0),(147,'Гомельские ведомости (Гомель) льготная - для ветеранов ВОВ, пенсионеров всех категорий, в том числе инвалидов всех групп (за пределы)',1,9,150,1,7.1100,0),(148,'Дзяннiца (Щучинский р-н)',1,9,106,1,5.2300,0),(149,'ДНЕПРОВСКАЯ НЕДЕЛЯ (Могилев)',1,9,52,1,4.0600,0),(150,'ДНЕПРОВСКАЯ НЕДЕЛЯ (Могилев) (за пределы)',1,9,52,1,4.0600,0),(151,'ДНЕПРОВСКАЯ НЕДЕЛЯ (Могилев) подписка на полугодие',1,9,52,6,20.3300,0),(152,'ДНЕПРОВСКАЯ НЕДЕЛЯ (Могилев) подписка на полугодие (за пределы)',1,9,52,6,20.3300,0),(153,'Дняпроўская праўда (Дубровенский р-н)',1,9,102,1,6.0000,0),(154,'Дняпроўская праўда (Дубровенский р-н) (за пределы)',1,9,102,1,6.0000,0),(155,'Дняпроўская праўда (Дубровенский р-н) для пенсионеров подписка на полугодие',1,9,102,6,33.0000,0),(156,'Дняпроўская праўда (Дубровенский р-н) для пенсионеров подписка на полугодие (за пределы)',1,9,102,6,33.0000,0),(157,'Добрушскi край (Добрушский р-н)',1,9,100,1,6.9000,0),(158,'Добрушскi край (Добрушский р-н) (за пределы)',1,9,100,1,6.9000,0),(159,'Железнодорожник Белоруссии',1,9,96,1,5.8400,0),(160,'Живая вода',1,9,52,1,3.8000,0),(161,'Жыццё Прыдзвiння (Витебский р-н)',1,9,98,1,6.3000,0),(162,'Жыццё Прыдзвiння (Витебский р-н) (за пределы)',1,9,98,1,6.3000,0),(163,'Зара над Нёманам (Мостовский р-н)',1,9,102,1,6.3000,0),(164,'Зара над Нёманам (Мостовский р-н) (за пределы)',1,9,102,1,6.3000,0),(165,'Зара над Нёманам (Мостовский р-н) подписка на квартал',1,9,102,3,18.3000,0),(166,'Зара над Нёманам (Мостовский р-н) подписка на квартал (за пределы)',1,9,102,3,18.3000,0),(167,'Калiнкавiцкiя навiны (Калинковичский р-н)',1,9,146,1,7.2600,0),(168,'Калiнкавiцкiя навiны (Калинковичский р-н) (за пределы)',1,9,146,1,7.2600,0),(169,'КОММЕРЧЕСКИЙ КУРЬЕР (Могилев)',1,9,52,1,6.5500,0),(170,'КОММЕРЧЕСКИЙ КУРЬЕР (Могилев) (за пределы)',1,9,52,1,6.5500,0),(171,'КОММЕРЧЕСКИЙ КУРЬЕР (Могилев) для пенсионеров, участников ВОВ, инвалидов, малообеспеченных граждан',1,9,52,1,5.5500,0),(172,'Культура',1,12,52,1,9.0000,0),(173,'Наша слова',1,12,52,1,2.6100,0),(174,'Аналитическая газета \"Секретные исследования\"',1,13,24,1,2.0000,0),(175,'Версия',1,13,12,1,1.0100,0),(176,'Краязнаўчая газета',1,13,48,1,4.5700,0),(177,'Навука',1,13,52,1,3.3500,0),(178,'Сверхсекретные расследования',1,13,4,3,1.4000,0),(179,'Секретные расследования',1,13,12,1,1.0500,0),(180,'Домой!',1,14,12,1,4.3000,0),(181,'Настаўнiцкая газета',1,14,146,1,14.5000,0),(182,'Пухавiцкiя навiны (Пуховичский р-н)',1,14,94,1,5.5000,0),(183,'Пухавiцкiя навiны (Пуховичский р-н) (за пределы)',1,14,94,1,5.5000,0),(184,'Intex-press (Барановичcкий р-н) (за пределы)',1,15,52,1,5.4700,0),(185,'Intex-press (Барановичский р-н)',1,15,52,1,5.4700,0),(186,'Iвацэвiцкi веснiк (Ивацевичский р-н)',1,15,98,1,6.0000,0),(187,'Iвацэвiцкi веснiк (Ивацевичский р-н) (за пределы)',1,15,98,1,6.0000,0),(188,'Iнфa-Kур\'ер (Слуцкий р-н)',1,15,52,1,4.3500,0),(189,'Iнфa-Kур\'ер (Слуцкий р-н) (за пределы)',1,15,52,1,4.3500,0),(190,'IСКРА (Чаусский р-н) (за пределы)',1,15,100,1,6.5000,0),(191,'IСКРА (Чаусский р-н) подписка на квартал',1,15,100,3,18.0000,0),(192,'IСКРА (Чаусский р-н) подписка на квартал (за пределы)',1,15,100,3,18.0000,0),(193,'IСКРА (Чаусский р-н) подписка на полугодие',1,15,100,6,34.2000,0),(194,'IСКРА (Чаусский р-н) подписка на полугодие (за пределы)',1,15,100,6,34.2000,0),(195,'IСКРА (Чаусский р-н)',1,15,100,1,6.5000,0),(196,'Iўеўскi край (Ивьевский р-н)',1,15,98,1,4.7000,0),(197,'Iўеўскi край (Ивьевский р-н) (за пределы)',1,15,98,1,4.7000,0),(198,'The Minsk Times',1,15,48,1,10.3000,0),(199,'Авангард (Буда- Кошелевский р-н)',1,15,52,1,7.1000,0),(200,'Авангард (Буда- Кошелевский р-н) (за пределы)',1,15,52,1,7.1000,0),(201,'Адзiнства (Борисовский р-н)',1,15,52,1,4.4000,0),(202,'Адзiнства (Борисовский р-н) (за пределы)',1,15,52,1,4.4000,0),(203,'Адзiнства (Борисовский р-н) для подписчиков оформивших подписку на 6 месяцев',1,15,52,6,23.7600,0),(204,'Адзiнства (Борисовский р-н) для подписчиков оформивших подписку на 6 месяцев (за пределы)',1,15,52,6,23.7600,0),(205,'Аргументы и факты в Белоруссии Для новых индивидуальных подписчиков',1,15,52,1,8.1500,0),(206,'Аргументы и факты в Белоруссии Комплект ВЫГОДНЫЙ. Подписавшимся на все 1 полугодие 2020 года.',1,15,54,6,40.8500,0),(207,'Аргументы и факты в Белоруссии Льготная подписка для индивидуальных подписчиков, имеющих подписной абонемент за любой предыдущий период',1,15,52,1,7.2500,0),(208,'Аргументы и факты в Белоруссии Льготная подписка для пенсионеров, инвалидов всех групп, многодетных семей, матерей-одиночек.',1,15,52,1,6.9500,0),(209,'Аргументы и факты в Белоруссии Льготная подписка для учащихся и студентов средних, среднеспециальных и высших учебных заведений.',1,15,52,1,7.4000,0),(210,'Аршанская газета (Оршанский р-н) (за пределы)',1,15,148,1,5.9500,0),(211,'Аршанская газета (выпуск по четвергам) (Оршанский р-н)',1,15,52,1,3.8000,0),(212,'Аршанская газета (выпуск по четвергам) (Оршанский р-н) (за пределы)',1,15,52,1,3.8000,0),(213,'Аршанская газета (Оршанский р-н)',1,15,148,1,5.9500,0),(214,'Аршанская газета (Оршанский р-н) для пенсионеров',1,15,148,1,5.6500,0),(215,'Аршанская газета (Оршанский р-н) для пенсионеров (за пределы)',1,15,148,1,5.6500,0),(216,'Аршанская газета (Оршанский р-н) подписка на полугодие',1,15,148,6,33.0000,0),(217,'Аршанская газета (Оршанский р-н) подписка на полугодие (за пределы)',1,15,148,6,33.0000,0),(218,'АСIПОВIЦКI КРАЙ (Осиповичский р-н)',1,15,100,1,7.0000,0),(219,'АСIПОВIЦКI КРАЙ (Осиповичский р-н) (за пределы)',1,15,100,1,7.0000,0),(220,'Астравецкая праўда (Островецкий р-н) (за пределы)',1,15,100,1,5.5000,0),(221,'Астравецкая праўда (Островецкий р-н)',1,15,100,1,5.5000,0),(222,'Ашмянскi веснiк (Ошмянский р-н)',1,15,100,1,5.5000,0),(223,'Ашмянскi веснiк (Ошмянский р-н) (за пределы)',1,15,100,1,5.5000,0),(224,'БАБРУЙСКАЕ ЖЫЦЦЁ (Могилев)',1,15,52,3,25.8200,0),(225,'БАБРУЙСКАЕ ЖЫЦЦЁ (Могилев) (за пределы)',1,15,52,3,25.8200,0),(226,'БАБРУЙСКАЕ ЖЫЦЦЁ (Могилев) для ветеранов ВОВ и лиц, приравненых к ним, пенсионеров (за пределы)',1,15,52,3,20.8400,0),(227,'БАБРУЙСКАЕ ЖЫЦЦЁ (Могилев) для ветеранов ВОВ, лиц, приравненых к ним, пенсионеров',1,15,52,3,20.8400,0),(228,'Беларускi Час',1,15,52,1,7.3400,0),(229,'БелГазета',1,15,50,1,12.1300,0),(230,'БелГазета ВЫГОДНЫЙ. Для индивидуальных подписчиков - на 6 месяцев',1,15,50,6,60.9500,0),(231,'Бераставiцкая газета (Берестовицкий р-н)',1,15,104,1,5.0000,0),(232,'Бераставiцкая газета (Берестовицкий р-н) (за пределы)',1,15,104,1,5.0000,0),(233,'Бераставiцкая газета (Берестовицкий р-н) подписка на квартал',1,15,104,3,13.0000,0),(234,'Белорусская лесная газета',1,17,52,1,4.4600,0),(235,'Навiны пчалярства',1,17,6,2,0.9100,0),(236,'Паляўнiчы i рыбалоў',1,17,26,1,3.0600,0),(237,'Приусадебное хозяйство',1,17,24,1,0.9900,0),(238,'Приусадебное хозяйство подписка на полугодие',1,17,24,6,5.4300,0),(239,'Бесплатно обо всем (Кобринский р-н)',1,18,52,1,3.1200,0),(240,'Бесплатно обо всем (Кобринский р-н) (за пределы)',1,18,52,1,3.1200,0),(241,'Кругозор Медиа (Жлобинский р-н)',1,18,24,1,0.3500,0),(242,'Кругозор Медиа (Жлобинский р-н) (за пределы)',1,18,24,1,0.3500,0),(243,'Лидер-Пресс (Солигорский р-н)',1,18,50,1,5.1100,0),(244,'Лидер-Пресс (Солигорский р-н) (за пределы)',1,18,50,1,5.1100,0),(245,'Лидер-Пресс (Солигорский р-н) льготная для пенсионеров, ветеранов и участников ВОВ, инвалидов 1,2 групп',1,18,50,1,4.5300,0),(246,'Лидер-Пресс (Солигорский р-н) льготная для пенсионеров, ветеранов и участников ВОВ, инвалидов 1,2 групп (за пределы)',1,18,50,1,4.5300,0),(247,'Мир косметики Белита-Витэкс',1,18,12,1,0.7700,0),(248,'Недвижимость Белоруссии',1,18,50,1,2.9000,0),(249,'Полесский курьер (Пинский р-н)',1,18,48,1,1.1800,0),(250,'Полесье своими глазами (Мозырский р-н)',1,18,52,1,3.5100,0),(251,'Полесье своими глазами (Мозырский р-н) за пределы',1,18,52,1,3.5100,0),(252,'Рекламка. Рекламное приложение к газете \"Гродзенская праўда\" (Гродно)',1,18,52,1,5.0000,0),(253,'Рекламка. Рекламное приложение к газете \"Гродзенская праўда\" (Гродно) (за пределы)',1,18,52,1,5.0000,0),(254,'Воскресение',1,19,12,1,0.9700,0),(255,'Гродненские епархиальные ведомости (Гродно)',1,19,12,6,10.8200,0),(256,'ДГ. Комплект изданий \"Вера! Надежда! Любовь!\"',1,19,6,6,3.6500,0),(257,'Духовный вестник',1,19,12,1,1.2100,0),(258,'Каталiцкi веснiк (Витебск)',1,19,12,1,1.0700,0),(259,'Колокол - The Bell',1,19,12,1,1.6900,0),(260,'Наше Православие (Витебск)',1,19,12,1,0.6700,0),(261,'Наше Православие (Витебск) (за пределы)',1,19,12,1,0.6700,0),(262,'Новогрудские епархиальные ведомости (Новогрудок)',1,19,12,1,2.0000,0),(263,'Новогрудские епархиальные ведомости (Новогрудок) (за пределы)',1,19,12,1,2.0000,0),(264,'Преображение',1,19,12,1,0.7300,0),(265,'Царкоўнае слова',1,19,52,1,5.3700,0),(266,'Вместе!',1,20,52,1,4.3700,0),(267,'Прессбол',1,21,100,1,31.8400,0),(268,'Прессбол подписка на полугодие',1,21,100,6,155.9500,0),(269,'Рыболов',1,21,24,1,3.5000,0),(270,'Спортивная панорама',1,21,190,1,23.0000,0),(271,'Спортивная панорама для индивидуальных подписчиков, оформивших подписку на 6 месяцев',1,21,190,6,110.0000,0),(272,'Новости БелАЗА (г.Жодино)',1,22,52,6,15.0000,0),(273,'Новости БелАЗА (г.Жодино) (за пределы)',1,22,52,6,15.0000,0),(274,'Республиканская строительная газета',1,22,48,6,93.3200,0),(275,'Детективная газета XXI ВЕК',1,23,12,1,1.4300,0),(276,'Частный детектив',1,23,24,1,1.3700,0),(277,'Энергетика Беларуси',1,24,24,1,2.0300,0),(278,'OfficeLife',2,2,6,2,14.3100,0),(279,'Pro электричество',2,2,2,6,32.5500,0),(280,'Бизнес-ревю',2,2,6,2,14.2600,0),(281,'Гермес',2,2,12,1,13.6200,0),(282,'Директор',2,2,12,1,26.3800,0),(283,'Индивидуальный предприниматель',2,2,12,1,41.4000,0),(284,'Индивидуальный предприниматель для подписчиков журнала \"Индивидуальный предприниматель\" во 2-ом полугодии 2019г.',2,2,12,1,40.8900,0),(285,'Маркетинг: идеи и технологии',2,2,10,6,1.0000,0),(286,'Ментор',2,2,6,2,19.1500,0),(287,'Меркурый',2,2,4,6,17.0200,0),(288,'Секретарское дело',2,2,12,1,70.0000,0),(289,'Финансовый директор',2,2,12,1,85.9600,0),(290,'Армия',2,3,6,2,6.6800,0),(291,'Вестник Военной академии Республики Беларусь',2,3,4,3,13.9600,0),(292,'Военно-промышленный комплекс ВПК. Беларусь. Military-industrial complex VPK. Belarus',2,3,4,3,35.9600,0),(293,'Журнал специального назначения',2,3,6,2,9.8500,0),(294,'Библиотечка журнала \"Юрист\". Право и бизнес',2,4,12,1,65.1600,0),(295,'Библиотечка журнала \"Юрист\". Право и бизнес для подписчиков журнала \"Юрист\"',2,4,12,1,57.1700,0),(296,'Веснiк Кaнстытуцыйнага Суда Рэспублiкi Беларусь',2,4,4,3,11.4900,0),(297,'Главный Бухгалтер',2,4,48,1,72.6000,0),(298,'Главный Бухгалтер Для подписчиков журнала \"Главный Бухгалтер\" во 2-ом полугодии 2019г.',2,4,48,1,70.8100,0),(299,'Главный бухгалтер, Главный бухгалтер. Зарплата. Комплект журналов',2,4,72,1,133.8300,0),(300,'Главный бухгалтер, Главный бухгалтер.Зарплата и Я - юрисконсульт организации. Комплект журналов',2,4,84,1,202.1100,0),(301,'Главный Бухгалтер, Главный бухгалтер.Зарплата и Я-специалист по кадрам. Комплект журналов',2,4,96,1,202.7200,0),(302,'Главный Бухгалтер, Зарплата в бюджетной организации. Комплект журналов',2,4,72,1,137.6600,0),(303,'Главный Бухгалтер, Я - специалист по кадрам. Комплект журналов',2,4,72,1,138.5500,0),(304,'Главный Бухгалтер, Я - юрисконсульт организации. Комплект журналов',2,4,60,1,138.0600,0),(305,'Главный Бухгалтер, Я-специалист по охране труда. Комплект журналов',2,4,72,1,133.1900,0),(306,'Главный Бухгалтер. Зарплата',2,4,24,1,66.3400,0),(307,'Главный Бухгалтер. Зарплата для подписчиков журнала \"Главный бухгалтер. Зарплата\" во 2-м полугодии 2019г.',2,4,24,1,64.5500,0),(308,'Государственный контроль: анализ, практика, комментарии',2,4,4,1,20.6800,0),(309,'Государственный контроль: анализ, практика, комментарии для пенсионеров',2,4,4,1,19.1500,0),(310,'Законность и правопорядок',2,4,4,3,5.5000,0),(311,'Зарплата в бюджетной организации',2,4,24,1,70.1700,0),(312,'Зарплата в бюджетной организации для подписчиков журнала \"Зарплата в бюджетной организации\" во 2-ом полугодии 2019г.',2,4,24,1,68.3800,0),(313,'Предварительное расследование',2,4,2,1,12.8900,0),(314,'Сборник правовых актов \"Национальный реестр правовых актов Республики Беларусь\"',2,4,48,1,77.0200,0),(315,'Судебный вестник Плюс: экономическое правосудие',2,4,12,1,16.8100,0),(316,'Судебный вестник Плюс: экономическое правосудие для студентов, магистратов и аспирантов дневной формы обучения; пенсионеров, работников судебной системы',2,4,12,1,15.2100,0),(317,'Судовы веснiк',2,4,4,3,8.1900,0),(318,'Таможенный вестник',2,4,12,1,32.7700,0),(319,'Трудовое и социальное право',2,4,4,3,14.6800,0),(320,'Юридический мир',2,4,12,1,71.0600,0),(321,'Юрист',2,4,12,1,82.8400,0),(322,'Юрист в строительстве',2,4,6,2,130.0200,0),(323,'Юстыцыя Беларусi. Юстиция Беларуси и Приложение к журналу \"Юстиция Беларуси\" Комплект',2,4,36,1,7.0200,0),(324,'Я - специалист по кадрам, Я - юрисконсульт организации. Комплект журналов',2,4,36,1,136.5300,0),(325,'Я - юрисконсульт организации',2,4,12,1,70.5700,0),(326,'Я - юрисконсульт организации Для подписчиков журнала \"Я-юрисконсульт организации\" во 2-ом полугодии 2019г.',2,4,12,1,68.7900,0),(327,'3/9 царство',2,5,12,1,2.1900,0),(328,'3/9 царство и Непоседа - комплект',2,5,36,1,6.4800,0),(329,'Domik',2,5,6,2,12.8700,0),(330,'Апельсин',2,5,12,1,2.0000,0),(331,'Апельсин + Пропеллер. Комплект',2,5,24,1,3.6200,0),(332,'Асцярожна: дзецi!',2,5,12,1,2.6400,0),(333,'Бабушкин сундучок',2,5,12,1,1.4100,0),(334,'Буся - чытанка-маляванка для дашкольнiкаў',2,5,6,2,2.4300,0),(335,'Бярозка',2,5,12,1,4.2700,0),(336,'Бярозка для членов Белорусской республиканской пионерской организации',2,5,12,1,3.5700,0),(337,'Волшебный',2,5,24,1,2.8900,0),(338,'Волшебный подписка на квартал',2,5,24,3,8.2300,0),(339,'Волшебный подписка на полугодие',2,5,24,6,16.2100,0),(340,'Волшебный светлячок',2,5,12,1,1.8100,0),(341,'Волшебный. Комплект: Волшебный, Волшебный. Спецвыпуск.',2,5,26,6,17.3200,0),(342,'Волшебный. Спецвыпуск.',2,5,2,6,1.4500,0),(343,'Вырежи и наклей',2,5,12,1,1.1100,0),(344,'Вяселка',2,5,12,1,2.5000,0),(345,'Девчонки',2,5,24,1,2.0900,0),(346,'Девчонки подписка на квартал',2,5,24,3,5.4900,0),(347,'Детская книжка-малышка',2,5,12,1,1.1600,0),(348,'Детские сказки',2,5,12,1,1.5000,0),(349,'Детский журнал',2,5,12,1,2.0000,0),(350,'Детский журнал + Симба. Комплект',2,5,24,1,3.6200,0),(351,'Дневник стрекозы',2,5,12,1,2.0000,0),(352,'Дуду',2,5,12,1,2.6400,0),(353,'Дюймовочка',2,5,12,1,0.9100,0),(354,'Дюймовочка+блокнотик',2,5,12,1,1.6200,0),(355,'Жевжик',2,5,12,1,0.9700,0),(356,'Забавные наклейки',2,5,12,1,3.9400,0),(357,'Зайкина школа',2,5,12,1,1.6000,0),(358,'Зайкина школа + Сказка на ночь. Комплект',2,5,24,1,2.7700,0),(359,'Играю с мамой',2,5,12,1,1.8100,0),(360,'Карандаш',2,5,12,1,1.1100,0),(361,'Качели',2,5,12,1,3.3000,0),(362,'КОГДА ТЫ ОДИН ДОМА',2,5,12,1,2.0200,0),(363,'Когда ты один дома+Развлекательный каламбур. Комплект',2,5,24,1,3.9100,0),(364,'Любимые сказки',2,5,12,1,0.9100,0),(365,'Маленькие академики',2,5,12,1,2.9800,0),(366,'Маленькие художники',2,5,12,1,3.2300,0),(367,'Мамин светлячок',2,5,12,1,2.5500,0),(368,'Мамино солнышко',2,5,12,1,2.0000,0),(369,'Мамино солнышко. Мамино солнышко + Играю с мамой. Комплект 3',2,5,24,1,3.3600,0),(370,'Мамино солнышко. Мамино солнышко + Мишутка. Комплект 1',2,5,24,1,3.3600,0),(371,'Мамино солнышко. Мамино солнышко + Мишуткины прописи. Комплект 5',2,5,24,1,3.3600,0),(372,'Мамино солнышко. Мамино солнышко + Сказочный журнал. Комплект 4',2,5,24,1,3.3000,0),(373,'Мамино солнышко. Мамино солнышко+ Волшебный светлячок. Комплект 2',2,5,24,1,3.3600,0),(374,'Матулiна сонейка',2,5,12,1,2.5500,0),(375,'Мишутка',2,5,12,1,1.8100,0),(376,'Мишуткины прописи',2,5,12,1,1.8100,0),(377,'Вулкан сканвордов',2,6,12,1,1.2600,0),(378,'Журнал цифровых сканвордов',2,6,12,1,0.9800,0),(379,'Кейворды на бис',2,6,12,1,1.0400,0),(380,'Магазин кроссвордов',2,6,24,1,2.0900,0),(381,'Матрица',2,6,12,1,0.9100,0),(382,'Мини магазин сканвордов',2,6,12,1,0.7400,0),(383,'Мини цифровые сканворды',2,6,12,1,0.5200,0),(384,'Мини-судоку',2,6,12,1,0.5200,0),(385,'На посошок!',2,6,12,1,0.7400,0),(386,'Ну, за сканворды!',2,6,12,1,1.3200,0),(387,'Оранжевое настроение',2,6,12,1,1.0400,0),(388,'Сканвордище',2,6,12,1,1.5500,0),(389,'Сканворды',2,6,12,1,1.0400,0),(390,'Сканворды на ура!',2,6,12,1,0.7400,0),(391,'Сканворды советов',2,6,12,1,2.8900,0),(392,'Сканвордыч',2,6,12,1,1.2600,0),(393,'Судоку',2,6,12,1,1.0400,0),(394,'Судоку на бис',2,6,12,1,0.7400,0),(395,'ТОП-сканворд',2,6,12,1,2.8100,0),(396,'Три в одном',2,6,12,1,0.9800,0),(397,'Филворды на бис',2,6,12,1,1.0400,0),(398,'Цифровые сканворды на бис',2,6,12,1,0.7400,0),(399,'Японские кроссворды на бис',2,6,12,1,1.0400,0),(400,'Вулкан сканвордов',2,7,12,1,1.2600,0),(401,'Журнал цифровых сканвордов',2,7,12,1,0.9800,0),(402,'Кейворды на бис',2,7,12,1,1.0400,0),(403,'Магазин кроссвордов',2,7,24,1,2.0900,0),(404,'Матрица',2,7,12,1,0.9100,0),(405,'Мини магазин сканвордов',2,7,12,1,0.7400,0),(406,'Мини цифровые сканворды',2,7,12,1,0.5200,0),(407,'Мини-судоку',2,7,12,1,0.5200,0),(408,'На посошок!',2,7,12,1,0.7400,0),(409,'Ну, за сканворды!',2,7,12,1,1.3200,0),(410,'Оранжевое настроение',2,7,12,1,1.0400,0),(411,'Сканвордище',2,7,12,1,1.5500,0),(412,'Сканворды',2,7,12,1,1.0400,0),(413,'Сканворды на ура!',2,7,12,1,0.7400,0),(414,'Сканворды советов',2,7,12,1,2.8900,0),(415,'Сканвордыч',2,7,12,1,1.2600,0),(416,'Судоку',2,7,12,1,1.0400,0),(417,'Судоку на бис',2,7,12,1,0.7400,0),(418,'ТОП-сканворд',2,7,12,1,2.8100,0),(419,'Три в одном',2,7,12,1,0.9800,0),(420,'Филворды на бис',2,7,12,1,1.0400,0),(421,'Цифровые сканворды на бис',2,7,12,1,0.7400,0),(422,'Японские кроссворды на бис',2,7,12,1,1.0400,0),(423,'1000 советов кулинару',2,8,24,1,1.9400,0),(424,'1000 советов кулинару для пенсионеров, ветеранов, постоянных подписчиков',2,8,24,1,1.8100,0),(425,'Алеся',2,8,12,1,5.7000,0),(426,'Библиотека газеты \"Друг пенсионера\" Пенсионерочка',2,8,2,1,3.9400,0),(427,'Библиотека газеты \"Друг пенсионера\" Пенсионерочка + спецвыпуск \"Живем без лекарств\". Комплект',2,8,4,6,6.0600,0),(428,'Библиотека газеты \"Друг пенсионера\" Пенсионерочка + Я на пенсии. Комплект',2,8,14,6,10.1100,0),(429,'Гаспадыня - семейный журнал',2,8,12,1,2.3000,0),(430,'Гаспадыня - семейный журнал для пенсионеров, инвалидов, учащихся и студентов',2,8,12,1,2.2000,0),(431,'Гаспадыня - семейный журнал подписка на полугодие',2,8,12,6,12.7800,0),(432,'Годовой гороскоп',2,8,4,3,1.0400,0),(433,'Город женщин',2,8,12,1,4.4700,0),(434,'Гороскоп. Годовой спецвыпуск',2,8,2,1,1.1500,0),(435,'Давление в норме 120/80',2,8,12,1,1.4500,0),(436,'Давление в норме 120/80 подписка на полугодие',2,8,12,6,8.1100,0),(437,'ДАЧНЫЙ ПЛЮС. КОМПЛЕКТ: Народный доктор, Сваты на даче',2,8,36,3,12.1100,0),(438,'Делаем сами',2,8,24,1,2.9600,0),(439,'Делаем сами подписка на квартал',2,8,24,3,8.4300,0),(440,'Делаем сами подписка на полугодие',2,8,24,6,16.4700,0),(441,'ДЕЛАЕМ САМИ. КОМПЛЕКТ: Делаем сами, Делаем сами. Спецвыпуск, Мастерская на дому',2,8,30,6,20.6600,0),(442,'Делаем сами. Спецвыпуск',2,8,4,3,1.4500,0),(443,'Для всей семьи любимая',2,8,6,2,3.0000,0),(444,'Добрый сосед',2,8,24,1,1.8300,0),(445,'Добрый сосед подписка на полугодие',2,8,24,6,9.4500,0),(446,'Домашние хлопоты',2,8,4,3,1.1500,0),(447,'Домашние цветы',2,8,12,1,1.4800,0),(448,'Домашние цветы подписка на квартал',2,8,12,3,4.2100,0),(449,'Домашние цветы подписка на полугодие',2,8,12,6,8.2300,0),(450,'ДОМАШНИЕ ЦВЕТЫ. КОМПЛЕКТ:Домашние цветы, Домашние цветы. Спецвыпуск, Комнатный цветник',2,8,18,6,12.1300,0),(451,'Домашние цветы. Спецвыпуск.',2,8,4,3,1.4500,0),(452,'Домашний',2,8,24,1,3.7400,0),(453,'Домашний подписка на квартал',2,8,24,3,10.6600,0),(454,'Домашний подписка на полугодие',2,8,24,6,20.6800,0),(455,'ДОМАШНИЙ. КОМПЛЕКТ: Домашний, Домашний. Спецвыпуск',2,8,28,3,11.9600,0),(456,'Домашний. Спецвыпуск',2,8,4,3,1.4500,0),(457,'ДОМАШНЯЯ КУХНЯ. ЛУЧШИЕ КУЛИНАРНЫЕ РЕЦЕПТЫ',2,8,12,1,1.1100,0),(458,'Домашняя кухня. Лучшие кулинарные рецепты+Коллекция Домашняя кухня. Комплект',2,8,24,1,1.8900,0),(459,'Домашняя энциклопедия здоровья',2,8,4,3,1.4500,0),(460,'Женские штучки',2,8,2,1,0.7400,0),(461,'ЖЖ. Женский журнал',2,8,6,2,6.2800,0),(462,'Живу с диабетом',2,8,12,1,1.4500,0),(463,'Живу с диабетом подписка на полугодие',2,8,12,6,8.1100,0),(464,'Заготовки из кладовки',2,8,4,3,0.9100,0),(465,'Заготовки+рецепты',2,8,4,3,0.9100,0),(466,'Здоровье пенсионера',2,8,52,1,3.1400,0),(467,'Здоровье пенсионера + Рецепты от Алёны. Комплект журналов',2,8,64,1,3.5900,0),(468,'Знаки судьбы',2,8,4,3,0.7400,0),(469,'Золотые рецепты наших читателей',2,8,24,1,2.8900,0),(470,'Золотые рецепты наших читателей подписка на квартал',2,8,24,3,8.2300,0),(471,'Золотые рецепты наших читателей подписка на полугодие',2,8,24,6,16.2100,0),(472,'Золотые ручки',2,8,4,3,1.4900,0),(473,'1000 советов',2,9,24,1,1.9400,0),(474,'1000 советов для пенсионеров, ветеранов, постоянных подписчиков',2,9,24,1,1.8100,0),(475,'1000 советов и Здоровая семья: советы от А до Я. Комплект',2,9,36,1,2.6200,0),(476,'Беларуская думка',2,9,12,1,3.4500,0),(477,'Вожык',2,9,12,1,6.1800,0),(478,'Вожык для жителей сельской местности (райцентры и населенные пункты районов)',2,9,12,1,5.1000,0),(479,'Гродно',2,9,12,1,11.8900,0),(480,'Друк Беларусi 2019',2,9,2,6,14.0200,0),(481,'Живи Как хозяин',2,9,12,1,24.9600,0),(482,'Календарь советов',2,9,12,1,1.3000,0),(483,'Летапiс газетных артыкулаў',2,9,12,1,12.0000,0),(484,'Летапiс друку Беларусi. Кнiжны летапiс',2,9,12,1,16.7200,0),(485,'Летапiс часопiсных артыкулаў',2,9,12,1,15.4900,0),(486,'Новыя кнiгi',2,9,12,1,5.3200,0),(487,'Однако, жизнь!',2,9,24,3,6.7700,0),(488,'Служба спасения',2,9,12,1,12.8500,0),(489,'Тендер',2,9,48,3,455.1100,0),(490,'Радиолюбитель',2,11,12,1,7.8700,0),(491,'Артэфакт',2,12,2,6,16.3800,0),(492,'Дзеяслоў',2,12,6,2,9.3600,0),(493,'Лiдскi летапiсец',2,12,4,3,3.0900,0),(494,'Мастацтва',2,12,12,1,10.0000,0),(495,'На экранах',2,12,12,1,2.5300,0),(496,'Партер',2,12,12,1,6.1700,0),(497,'Arche. Пачатак',2,13,4,3,5.1000,0),(498,'Nonlinear Phenomena in Complex Sistems. Нелинейные явления в сложных системах',2,13,4,3,17.2300,0),(499,'Автомобильные дороги и мосты',2,13,2,6,54.4000,0),(500,'Аграрная экономика',2,13,12,1,4.8100,0),(501,'Агропанорама',2,13,6,2,7.0200,0),(502,'Архiвы i справаводства (Архивы и делопроизводство)',2,13,6,2,30.0000,0),(503,'Бiблiятэчны свет',2,13,6,2,6.8100,0),(504,'Беларускi гiстарычны часопiс',2,13,12,1,9.0900,0),(505,'Веснiк Беларускага дзяржаўнага ўнiверсiтэта культуры i мастацтваў',2,13,4,3,23.3500,0),(506,'Веснiк Брэсцкага ўнiверсiтэта. Серыя 1. Фiласофiя. Палiталогiя. Сацыялогiя.',2,13,2,6,10.8500,0),(507,'Веснiк Брэсцкага ўнiверсiтэта. Серыя 2. Гiсторыя. Эканомiка. Права',2,13,2,6,10.8500,0),(508,'Веснiк Брэсцкага ўнiверсiтэта. Серыя 3. Фiлалогiя. Педагогiка. Псiхалогiя.',2,13,2,6,10.8500,0),(509,'Веснiк Брэсцкага ўнiверсiтэта. Серыя 4. Фiзiка. Матэматыка.',2,13,2,6,10.8500,0),(510,'Веснiк Брэсцкага ўнiверсiтэта. Серыя 5. Хiмiя. Бiялогiя. Навукi аб зямлi',2,13,2,6,10.8500,0),(511,'Веснiк Вiцебскага дзяржаўнага ўнiверсiтэта (Витебск)',2,13,4,6,25.3200,0),(512,'Веснiк Гродзенскага дзяржаўнага ўнiверсiтэта iмя Янкi Купалы. Серыя 1. Гiсторыя i археалогiя. Фiласофiя. Палiталогiя',2,13,2,6,20.0200,0),(513,'Веснiк Гродзенскага дзяржаўнага ўнiверсiтэта iмя Янкi Купалы. Серыя 2. Матэматыка. Фiзiка. Iнфарматыка, вылiчальная тэхнiка i кiраванне',2,13,4,3,21.5500,0),(514,'Веснiк Гродзенскага дзяржаўнага ўнiверсiтэта iмя Янкi Купалы. Серыя 3. Фiлалогiя. Педагогiка. Псiхалогiя',2,13,4,3,21.5500,0),(515,'Веснiк Гродзенскага дзяржаўнага ўнiверсiтэта iмя Янкi Купалы. Серыя 4. Правазнаўства',2,13,4,3,21.8100,0),(516,'Веснiк Гродзенскага дзяржаўнага ўнiверсiтэта iмя Янкi Купалы. Серыя 5. Эканомiка. Сацыялогiя. Бiялогiя',2,13,4,3,21.5500,0),(517,'Веснiк Гродзенскага дзяржаўнага ўнiверсiтэта iмя Янкi Купалы. Серыя 6. Тэхнiка',2,13,2,6,17.8300,0),(518,'Веснiк Магiлеўскага дзяржаўнага ўнiверсiтэта iмя А.А.Куляшова Серия D- Экономика, социология, право.',2,13,2,6,17.6600,0),(519,'Веснiк Магiлеўскага дзяржаўнага ўнiверсiтэта iмя А.А.Куляшова Серия А- Гуманитарные науки (история, философия, филология)',2,13,2,6,17.6600,0),(520,'Веснiк Магiлеўскага дзяржаўнага ўнiверсiтэта iмя А.А.Куляшова Серия В- Естественные науки',2,13,2,6,17.6600,0),(521,'Веснiк Магiлеўскага дзяржаўнага ўнiверсiтэта iмя А.А.Куляшова Серия С- Психология, педагогика, методика',2,13,2,6,17.6600,0),(522,'Веснiк Мазырскага дзяржаўнага педагагiчнага ўнiверсiтэта iмя I.П.Шамякiна',2,13,2,6,12.7700,0),(523,'Веснiк Палескага дзяржаўнага ўнiверсiтэта. Серыя грамадскiх i гуманiтарных навук',2,13,2,1,7.8700,0),(524,'Веснiк Палескага дзяржаўнага ўнiверсiтэта. Серыя прыродазнаўчых навук',2,13,2,1,7.8700,0),(525,'Веснiк сувязi',2,13,6,2,26.9700,0),(526,'Вести Института предпринимательской деятельности',2,13,2,6,25.2000,0),(527,'Вести Института современных знаний',2,13,4,3,27.4500,0),(528,'Вестник Академии МВД Республики Беларусь',2,13,2,6,12.1300,0),(529,'Вестник БарГУ',2,13,4,3,29.9100,0),(530,'Вестник Белорусской государственной сельскохозяйственной академии',2,13,4,3,39.5700,0),(531,'Вестник Белорусско-Российского университета',2,13,4,3,22.5500,0),(532,'Вестник Брестского государственного технического университета. Серия \"Водохозяйственное строительство, теплоэнергетика и геоэкология\"',2,13,2,6,15.6300,0),(533,'Вестник Брестского государственного технического университета. Серия \"Строительство и архитектура\"',2,13,2,6,15.6300,0),(534,'Вестник Брестского государственного технического университета. Серия \"Экономика\"',2,13,2,6,15.6300,0),(535,'Вестник Витебского государственного технологического университета',2,13,2,6,17.2300,0),(536,'Вестник Гомельского государственного технического университета имени П.О. Сухого (Гомель)',2,13,4,3,14.7200,0),(537,'Вестник МГЛУ. Серия 1. Филология',2,13,6,2,20.5300,0),(538,'Вестник МГЛУ. Серия 2. Педагогика. Психология. Методика преподавания иностранных языков',2,13,2,6,14.6400,0),(539,'Вестник Могилевского государственного университета продовольствия',2,13,2,6,15.7800,0),(540,'Вестник Полоцкого государственного университета. Серия D. Экономические и юридические науки',2,13,4,6,29.1500,0),(541,'Вестник Полоцкого государственного университета. Серия F. Строительство. Прикладные науки',2,13,2,6,14.5700,0),(542,'Вестник Полоцкого государственного университета. Серия А. Гуманитарные науки.',2,13,4,6,27.8700,0),(543,'Вестник Полоцкого государственного университета. Серия В. Промышленность. Прикладные науки',2,13,2,6,14.5700,0),(544,'Вестник Полоцкого государственного университета. Серия Е. Педагогические науки',2,13,2,6,14.5700,0),(545,'Вестник Полоцкого государственного университета. Серия С. Фундаментальные науки',2,13,2,6,14.5700,0),(546,'Вестник Университета гражданской защиты МЧС Беларуси',2,13,4,3,17.6600,0),(547,'Адукацыя i выхаванне',2,14,12,1,9.6100,0),(548,'Бiблiятэка прапануе',2,14,12,1,4.6400,0),(549,'Бiблiятэка прапануе, в N 5 - CD-ROM подписка на полугодие',2,14,12,6,35.4900,0),(550,'Бiялогiя i хiмiя',2,14,6,2,9.2600,0),(551,'Беларуская мова i лiтаратура',2,14,12,1,8.1000,0),(552,'Библиотека предлагает',2,14,6,2,4.6400,0),(553,'Веснiк адукацыi',2,14,12,1,11.7000,0),(554,'Вестник МГИРО + Приложение к научно-методическому журналу \"Вестник МГИРО\". Комплект',2,14,8,3,41.4900,0),(555,'Весцi БДПУ. Серыя 1. Педагогiка. Псiхалогiя. Фiлалогiя',2,14,4,3,21.0100,0),(556,'Весцi БДПУ. Серыя 2. Гiсторiя. Фiласофiя. Палiталогiя. Сацыялогiя. Эканомiка. Культуралогiя',2,14,4,3,22.0000,0),(557,'Весцi БДПУ. Серыя 3. Фiзiка. Матэматыка. Iнфарматыка. Бiялогiя. Геаграфiя',2,14,4,3,13.4300,0),(558,'Выхаванне i дадатковая адукацыя',2,14,12,1,5.5300,0),(559,'Вышэйшая школа',2,14,6,2,27.4500,0),(560,'Гiсторыя i грамадазнаўства',2,14,6,2,9.2600,0),(561,'Геаграфiя',2,14,6,2,8.1000,0),(562,'Диалог. Психологический и социально-педагогический журнал',2,14,6,2,8.1800,0),(563,'Директор школы, гимназии, лицея',2,14,12,1,27.8400,0),(564,'Директор школы, гимназии, лицея для подписчиков журнала \"Директор школы, гимназии, лицея\" во 2-м полугодии 2019г.',2,14,12,1,27.6600,0),(565,'Замежныя мовы',2,14,4,3,8.1000,0),(566,'Зборнiк нарматыўных дакументаў Мiнiстэрства адукацыi Рэспублiкi Беларусь',2,14,24,1,2.8100,0),(567,'Здоровый образ жизни (РБ)',2,14,12,1,9.4700,0),(568,'Кем быть?',2,14,12,1,8.9400,0),(569,'Мастацкая i музычная адукацыя',2,14,4,3,9.2600,0),(570,'Матэматыка',2,14,6,2,8.1000,0),(571,'Минская школа сегодня',2,14,12,1,8.1000,0),(572,'Народная асвета',2,14,12,1,8.0000,0),(573,'Образование Минщины',2,14,6,6,20.8700,0),(574,'Пачатковае навучанне: сям\'я, дзiцячы сад, школа',2,14,16,1,10.3900,0),(575,'Пачатковае навучанне: сям\'я, дзiцячы сад, школа подписка на квартал',2,14,16,3,28.9400,0),(576,'Пачатковае навучанне: сям\'я, дзiцячы сад, школа подписка на полугодие',2,14,16,6,54.6800,0),(577,'Пачатковая школа Журнал с ежемесячным мультимедийным приложением',2,14,12,1,10.0400,0),(578,'Пачатковая школа Журнал с ежемесячным мультимедийным приложением ВЫГОДНАЯ ПОДПИСКА. для индивидуальных подписчиков- сразу на 6 месяцев',2,14,12,6,54.2600,0),(579,'Праздник в школе',2,14,12,1,4.6400,0),(580,'Пралеска',2,14,12,1,12.0400,0),(581,'Пралеска льгота для индивидуальных подписчиков, кто подписывается сразу на 6 (шесть) месяцев',2,14,12,6,66.2600,0),(582,'Пралеска с мультимедийным приложением',2,14,12,3,37.1300,0),(583,'Профессиональное образование',2,14,4,3,8.1000,0),(584,'Роднае слова',2,14,12,1,13.4000,0),(585,'Руководитель учреждения дошкольного образования',2,14,12,1,24.6600,0),(586,'Руководитель учреждения дошкольного образования для подписчиков журнала \"Руководитель учреждения дошкольного образования\" во 2-м полугодии 2019г.',2,14,12,1,24.5100,0),(587,'Русский язык и литература',2,14,12,1,8.1000,0),(588,'Спецыяльная адукацыя',2,14,6,2,8.1000,0),(589,'Фiзiка',2,14,4,3,8.1000,0),(590,'Школьному психологу и социальному педагогу',2,14,6,2,4.6400,0),(591,'Беларусь. Belarus (на английском языке)',2,15,12,1,15.1500,0),(592,'Беларусь. Belarus (на белорусском языке)',2,15,12,1,15.1500,0),(593,'Беларусь. Belarus (на китайском языке)',2,15,12,1,15.1500,0),(594,'Журналист',2,15,4,3,20.2100,0),(595,'Маладосць',2,15,12,1,6.3400,0),(596,'Маладосць для учителей',2,15,12,1,4.3600,0),(597,'Метаморфозы',2,15,4,1,17.0200,0),(598,'Милиция Беларуси',2,15,6,6,16.7200,0),(599,'Нёман',2,15,12,1,6.9600,0),(600,'Нёман для учителей',2,15,12,1,5.2200,0),(601,'Новая Немига литературная',2,15,6,2,26.8100,0),(602,'Планета',2,15,12,3,11.9500,0),(603,'Полымя',2,15,12,1,6.7100,0),(604,'Полымя для учителей',2,15,12,1,4.6100,0),(605,'Беларускi пчаляр',2,16,6,2,6.2800,0),(606,'Домашний любимец',2,16,12,1,0.9800,0),(607,'Домашний любимец подписка на квартал',2,16,12,3,2.5500,0),(608,'Мир животных',2,16,4,1,6.8100,0),(609,'1000 советов дачнику',2,17,24,1,2.3600,0),(610,'1000 советов дачнику для пенсионеров, ветеранов, постоянных подписчиков',2,17,24,1,2.2300,0),(611,'Белорусское сельское хозяйство',2,17,12,1,28.5100,0),(612,'Зеленый контейнер',2,17,6,2,9.6800,0),(613,'Земледелие и защита растений',2,17,6,2,13.8300,0),(614,'Лесное и охотничье хозяйство',2,17,12,1,9.4700,0),(615,'Наше сельское хозяйство',2,17,24,1,28.5100,0),(616,'САД, ОГОРОД - КОРМИЛЕЦ И ЛЕКАРЬ',2,17,24,1,2.0900,0),(617,'Сад, огород - кормилец и лекарь + Календарь советов. Комплект',2,17,36,1,3.2600,0),(618,'Сад, огород-кормилец и лекарь+Спецвыпуск \"Сад, огород - кормилец и лекарь\". Комплект',2,17,36,1,3.0600,0),(619,'Садовый дизайн. Приложение к журналу \"Хозяин\"',2,17,6,2,3.6200,0),(620,'Секреты хозяина',2,17,12,1,0.9800,0),(621,'Спецвыпуск \"САД, ОГОРОД - КОРМИЛЕЦ И ЛЕКАРЬ\"',2,17,12,1,1.1100,0),(622,'Хозяин',2,17,12,1,3.0400,0),(623,'Хозяин Для пенсионеров',2,17,12,1,2.9100,0),(624,'Хозяин Для подписавшихся на полугодие',2,17,12,6,16.7200,0),(625,'Эколог и Я',2,17,4,1,6.8100,0),(626,'Благодать',2,19,6,1,3.5100,0),(627,'Крынiца жыцця',2,19,6,2,3.1400,0),(628,'Крынiчка',2,19,4,3,3.1400,0),(629,'Радость',2,19,4,3,2.7700,0),(630,'Сретение',2,19,6,2,2.1800,0),(631,'Ступени',2,19,4,6,8.0900,0),(632,'Библиотека инженера по охране труда',2,20,6,2,41.4900,0),(633,'Библиотечка \"Аховы працы\"',2,20,12,1,40.4300,0),(634,'Бюллетень Министерства труда и социальной защиты Республики Беларусь',2,20,12,1,17.1700,0),(635,'Кадровик. Управление персоналом',2,20,24,1,69.3600,0),(636,'Нормирование и тарификация труда',2,20,12,1,60.3600,0),(637,'Нормирование и тарификация труда для подписчиков журнала \"Нормирование и тарификация труда\" во 2-ом полугодии 2019г.',2,20,12,1,58.6400,0),(638,'Отдел кадров',2,20,12,1,105.7400,0),(639,'Отдел кадров Для тех, кто выписывал журнал ранее при предъявлении абонемента',2,20,12,1,102.6200,0),(640,'ОТТБ. Охрана труда. Технологии безопасности',2,20,12,1,32.2600,0),(641,'Охрана труда',2,20,12,1,43.4000,0),(642,'Охрана труда в здравоохранении. Комплект журналов',2,20,16,3,199.6800,0),(643,'Охрана труда в сельском хозяйстве. Комплект журналов',2,20,16,3,195.4300,0),(644,'Охрана труда в торговле. Комплект журналов',2,20,16,3,200.2100,0),(645,'Охрана труда и социальная защита',2,20,12,1,31.0600,0),(646,'Охрана труда Льготный при подписке сразу на 6 месяцев',2,20,12,6,228.5100,0),(647,'ОХРАНА ТРУДА. ЗДРАВООХРАНЕНИЕ',2,20,4,3,48.7200,0),(648,'Охрана труда. Практикум',2,20,12,1,35.9600,0),(649,'Охрана труда. Практикум+ Библиотечка \"Аховы працы\". Комплект',2,20,24,1,68.9400,0),(650,'ОХРАНА ТРУДА. СЕЛЬСКОЕ ХОЗЯЙСТВО',2,20,4,3,48.7200,0),(651,'Охрана труда. Торговля',2,20,4,3,48.7200,0),(652,'Практикум по охране труда. Комплект журналов',2,20,18,2,166.6000,0),(653,'Я - специалист по кадрам',2,20,24,1,71.1900,0),(654,'Я - специалист по кадрам для подписчиков журнала \"Я - специалист по кадрам\" во 2-м полугодии 2019г.',2,20,24,1,69.4000,0),(655,'Я- специалист по охране труда',2,20,24,1,65.7000,0),(656,'Я- специалист по охране труда для подписчиков журнала \"Я- специалист по охране труда\" во 2-ом полугодии 2019г.',2,20,24,1,63.9100,0),(657,'Мир спорта',2,21,4,3,18.6200,0),(658,'Наш СПОРТ',2,21,12,1,4.4700,0),(659,'Ну, за рыбалку!',2,21,6,2,1.0400,0),(660,'Рыболов практик',2,21,4,1,8.0000,0),(661,'Рыболовный журнал',2,21,4,3,8.1900,0),(662,'Спорт time',2,21,12,1,7.2000,0),(663,'Спорт на воде',2,21,4,3,4.6800,0),(664,'Архитектура и строительство',2,22,6,6,92.0400,0),(665,'Библиотека главного энергетика',2,22,6,2,32.5500,0),(666,'Библиотечка сметчика',2,22,6,1,112.0000,0),(667,'Библиотечка сметчика Для подписчиков журнала \"Сметное дело и (или) Производственно-технический отдел и (или) Библиотечка сметчика\" во 2-ом полугодии 2019 г.',2,22,6,1,111.4900,0),(668,'Вестник Белнефтехима',2,22,12,1,15.4300,0),(669,'Главный инженер в строительстве',2,22,12,1,101.1500,0),(670,'Главный инженер в строительстве Для подписчиков журнала \"Главный инженер в строительстве\" во 2-ом полугодии 2019г.',2,22,12,1,98.8500,0),(671,'Главный энергетик',2,22,12,1,43.1900,0),(672,'Инженер-механик',2,22,4,3,7.0200,0),(673,'Литье и металлургия',2,22,4,3,42.1100,0),(674,'Производственно-технический отдел',2,22,6,1,113.2800,0),(675,'Производственно-технический отдел Для подписчиков журнала \"Сметное дело и (или) Производственно-технический отдел и (или) Библиотечка сметчика\" во 2-ом полугодии 2019 г.',2,22,6,1,112.8900,0),(676,'Промышленная безопасность и охрана труда. Практикум',2,22,12,1,34.6800,0),(677,'Сварщик в Белоруссии',2,22,6,2,30.2100,0),(678,'Сметное дело',2,22,12,1,118.1300,0),(679,'Сметное дело Для подписчиков журнала \"Сметное дело\" во 2-ом полугодии 2019г.',2,22,12,1,115.7000,0),(680,'Сметное дело и Библиотечка сметчика. Комплект журналов',2,22,18,6,1.0000,0),(681,'Сметное дело и Библиотечка сметчика. Комплект журналов Для подписчиков журнала \"Сметное дело\" во 2-ом полугодии 2019г.',2,22,18,6,1.0000,0),(682,'Сметное дело и Производственно-технический отдел. Комплект журналов',2,22,18,6,1.0000,0),(683,'Сметное дело и Производственно-технический отдел. Комплект журналов для подписчиков журналов \"Сметное дело и (или) Производственно-технический отдел\" во 2-ом полугодии 2019г.',2,22,18,6,1.0000,0),(684,'Сметное дело, Библиотечка сметчика и Производственно-технический отдел. Комплект журналов',2,22,24,6,1.0000,0),(685,'Сметное дело, Библиотечка сметчика и Производственно-технический отдел. Комплект журналов для подписчиков \"Сметное дело и (или) Производственно-технический отдел и (или) Библиотечка сметчика \" во 2-ом полугодии 2019г.',2,22,24,6,1.0000,0),(686,'Экология на предприятии',2,22,12,1,109.3600,0),(687,'ЭНЕРГЕТИКА. Комплект журналов',2,22,24,2,230.2100,0),(688,'Энергосбережение. Комплект журналов',2,22,18,2,188.0900,0),(689,'Энергосбережение. Практикум',2,22,6,2,43.1900,0),(690,'Банкаўскi веснiк',2,24,12,1,35.7400,0),(691,'Банковская деятельность',2,24,6,6,737.6200,0),(692,'Банковская деятельность Для подписчиков журнала \"Банковская деятельность\" во 2-ом полугодии 2019г.',2,24,6,6,733.4000,0),(693,'Белорусский экономический журнал',2,24,4,3,17.1300,0),(694,'Библиотечка бюджетника',2,24,4,1,123.7400,0),(695,'Библиотечка бюджетника Для подписчиков журнала \"Моя бухгалтерия. Бюджетные организации и (или) Библиотечка бюджетника и (или) Бюджетные организации. Здравоохранение\" во 2-ом полугодии 2019 г.',2,24,4,1,122.2100,0),(696,'Бухгалтерский учет и анализ',2,24,12,1,12.6600,0),(697,'Бюджетные организации. Здравоохранение',2,24,4,1,108.0400,0),(698,'Бюджетные организации. Здравоохранение Для подписчиков журнала \"Бюджетные организации. Здравоохранение\" во 2-ом полугодии 2019 г.',2,24,4,1,105.3600,0),(699,'Валютное регулирование и ВЭД',2,24,12,1,90.2100,0),(700,'Веснiк Беларускага дзяржаўнага эканамiчнага ўнiверсiтэта',2,24,6,2,13.7800,0),(701,'Вестник Ассоциации белорусских банков',2,24,12,1,43.7200,0),(702,'Заработная плата',2,24,12,1,103.1900,0),(703,'Заработная плата для тех, кто выписывал журнал ранее при предъявлении абонемента',2,24,12,1,100.1300,0),(704,'Консультант предпринимателя',2,24,12,1,6.2800,0),(705,'Моя бухгалтерия',2,24,12,1,95.5300,0),(706,'Моя бухгалтерия Для подписчиков журнала\"Моя Бухгалтерия\" во 2-ом полугодии 2019г.',2,24,12,1,93.2300,0),(707,'Моя бухгалтерия. Бюджетные организации',2,24,24,1,143.5700,0),(708,'Моя бухгалтерия. Бюджетные организации + Библиотечка бюджетника + Бюджетные организации. Здравоохранение. Комплект журналов',2,24,32,6,1.0000,0),(709,'Моя бухгалтерия. Бюджетные организации + Библиотечка бюджетника + Бюджетные организации. Здравоохранение. Комплект журналов для подписчков во 2 полугодии 2019',2,24,32,6,1.0000,0),(710,'Моя бухгалтерия. Бюджетные организации + Библиотечка бюджетника. Комплект журналов',2,24,28,6,1.0000,0),(711,'Моя бухгалтерия. Бюджетные организации + Библиотечка бюджетника. Комплект журналов для подписчиков журнала \"Моя бухгалтерия. Бюджетные организации и (или) Библиотечка бюджетника\" во 2-ом полугодии 2019г.',2,24,28,6,1.0000,0),(712,'Моя бухгалтерия. Бюджетные организации + Бюджетные организации. Здравоохранение. Комплект журналов',2,24,28,6,1.0000,0),(713,'Моя бухгалтерия. Бюджетные организации + Бюджетные организации. Здравоохранение. Комплект журналов Для подписчиков журналов \"Моя бухгалтерия. Бюджетные организации\" и (или) \"Бюджетные организации. Здравоохранение\" во 2-ом полугодии 2019г.',2,24,28,6,1.0000,0),(714,'Моя бухгалтерия. Бюджетные организации Для подписчиков журнала \"Моя бухгалтерия. Бюджетные организации\" во 2-ом полугодии 2019г.',2,24,24,1,139.7400,0),(715,'Моя бухгалтерия. Все для годового отчета',2,24,4,1,115.9600,0),(716,'Моя бухгалтерия. Все для годового отчета Для подписчиков журнала \"Моя бухгалтерия. Все для годового отчета\" в 1-ом полугодии 2019 г.',2,24,4,1,114.3000,0),(717,'Моя Бухгалтерия. Опыт проверок',2,24,12,1,115.1300,0),(718,'Моя Бухгалтерия. Опыт проверок Для подписчиков журнала \"Моя Бухгалтерия. Опыт проверок\" во 2-ом полугодии 2019г.',2,24,12,1,112.9600,0),(719,'Моя бухгалтерия. Сельское хозяйство',2,24,12,1,90.0400,0),(720,'Моя бухгалтерия. Сельское хозяйство Для подписчиков журнала \"Моя бухгалтерия. Сельское хозяйство\" во 2-ом полугодии 2019г.',2,24,12,1,88.0600,0),(721,'Моя Бухгалтерия. Строительство',2,24,24,1,159.9100,0),(722,'Моя Бухгалтерия. Строительство Для подписчиков журнала \"Моя Бухгалтерия. Строительство\" во 2-ом полугодии 2019г.',2,24,24,1,155.5700,0),(723,'Моя Бухгалтерия. Торговля и общественное питание',2,24,12,1,126.5500,0),(724,'Моя Бухгалтерия. Торговля и общественное питание Для подписчиков журнала \"Моя Бухгалтерия. Торговля и общественное питание\" во 2-ом полугодии 2019г.',2,24,12,1,124.5100,0),(725,'Моя Бухгалтерия. Транспорт',2,24,12,1,126.8100,0),(726,'Моя Бухгалтерия. Транспорт Для подписчиков журнала\"Моя Бухгалтерия. Транспорт\" во 2-ом полугодии 2019г.',2,24,12,1,124.5700,0),(727,'Моя Бухгалтерия. Ценообразование',2,24,12,1,129.3600,0),(728,'Моя бухгалтерия. Ценообразование Для подписчиков журнала \"Моя бухгалтерия. Ценообразование\" во 2-ом полугодии 2019 г.',2,24,12,1,126.9400,0),(729,'МСФО',2,24,6,2,124.0400,0),(730,'Налоги Беларуси',2,24,48,1,29.7000,0),(731,'Налоговая оптимизация',2,24,12,1,110.9400,0),(732,'Налоговый вестник',2,24,24,1,66.1700,0),(733,'Планово-экономический отдел',2,24,12,1,102.1300,0),(734,'Планово-экономический отдел Для тех, кто выписывал журнал ранее при предъявлении абонемента',2,24,12,1,99.1000,0),(735,'Страхование в Беларуси',2,24,12,1,4.1500,0),(736,'Строительство и экономика',2,24,12,6,162.1300,0),(737,'Труд и заработная плата',2,24,12,6,833.6200,0),(738,'Упрощенная система налогообложения',2,24,24,1,82.0400,0),(739,'Упрощенная система налогообложения для подписчиков журнала \"Упрощенная система налогообложения\" во 2-ом полугодии 2019г.',2,24,24,1,80.6400,0);
/*!40000 ALTER TABLE `edition` ENABLE KEYS */;
UNLOCK TABLES;

--
-- Table structure for table `edition_theme`
--

DROP TABLE IF EXISTS `edition_theme`;
/*!40101 SET @saved_cs_client     = @@character_set_client */;
/*!50503 SET character_set_client = utf8mb4 */;
CREATE TABLE `edition_theme` (
  `id` int(11) NOT NULL AUTO_INCREMENT,
  `title` varchar(255) NOT NULL,
  PRIMARY KEY (`id`)
) ENGINE=InnoDB AUTO_INCREMENT=25 DEFAULT CHARSET=utf8;
/*!40101 SET character_set_client = @saved_cs_client */;

--
-- Dumping data for table `edition_theme`
--
-- ORDER BY:  `id`

LOCK TABLES `edition_theme` WRITE;
/*!40000 ALTER TABLE `edition_theme` DISABLE KEYS */;
INSERT INTO `edition_theme` VALUES (1,'Автомобили. Транспорт'),(2,'Бизнес. Предпринимательство. Рынок'),(3,'Вооруженные Силы. Правоохранительные органы'),(4,'Государство и право. Юридические науки'),(5,'Детские и молодежные издания'),(6,'Досуг. Телепрограммы с анонсами'),(7,'Здравоохранение. Медицина'),(8,'Издания для женщин. Издания для мужчин'),(9,'Издания универсального содержания'),(10,'Книговедение. Полиграфия. Филателия'),(11,'Компьютерные издания. Телевидение. Радио. Связь'),(12,'Культура. Искусство. Литература'),(13,'Научные и научно-популярные издания'),(14,'Образование. Педагогика'),(15,'Общественно-политические и литературно-художественные издания'),(16,'Природа. Мир животных и растений'),(17,'Приусадебное хозяйство. Сельское хозяйство. Экология. Лесное хозяйство'),(18,'Рекламные издания'),(19,'Религиозные издания'),(20,'Социальная защита населения. Издания для инвалидов. Охрана труда. Кадровая служба.'),(21,'Спорт. Путешествия. Туризм'),(22,'Техника. Промышленность. Строительство. Архитектура. Дизайн'),(23,'Фантастика. Детектив'),(24,'Экономика и финансы');
/*!40000 ALTER TABLE `edition_theme` ENABLE KEYS */;
UNLOCK TABLES;

--
-- Table structure for table `edition_type`
--

DROP TABLE IF EXISTS `edition_type`;
/*!40101 SET @saved_cs_client     = @@character_set_client */;
/*!50503 SET character_set_client = utf8mb4 */;
CREATE TABLE `edition_type` (
  `id` int(11) NOT NULL,
  `type` varchar(255) NOT NULL,
  PRIMARY KEY (`id`)
) ENGINE=InnoDB DEFAULT CHARSET=utf8;
/*!40101 SET character_set_client = @saved_cs_client */;

--
-- Dumping data for table `edition_type`
--
-- ORDER BY:  `id`

LOCK TABLES `edition_type` WRITE;
/*!40000 ALTER TABLE `edition_type` DISABLE KEYS */;
INSERT INTO `edition_type` VALUES (1,'Газета'),(2,'Журнал');
/*!40000 ALTER TABLE `edition_type` ENABLE KEYS */;
UNLOCK TABLES;

--
-- Table structure for table `payment`
--

DROP TABLE IF EXISTS `payment`;
/*!40101 SET @saved_cs_client     = @@character_set_client */;
/*!50503 SET character_set_client = utf8mb4 */;
CREATE TABLE `payment` (
  `id` int(11) NOT NULL AUTO_INCREMENT,
  `user_id` int(11) NOT NULL,
  `type_id` int(11) NOT NULL,
  `date` timestamp NOT NULL,
  `amount` decimal(19,4) NOT NULL,
  `subscription_id` int(11) DEFAULT NULL,
  PRIMARY KEY (`id`),
  KEY `user_fk` (`user_id`),
  KEY `type_fk` (`type_id`),
  KEY `subscription_fk` (`subscription_id`),
  CONSTRAINT `subscription_fk` FOREIGN KEY (`subscription_id`) REFERENCES `subscription` (`id`),
  CONSTRAINT `type_fk` FOREIGN KEY (`type_id`) REFERENCES `payment_type` (`id`),
  CONSTRAINT `user_fk` FOREIGN KEY (`user_id`) REFERENCES `user` (`id`)
) ENGINE=InnoDB AUTO_INCREMENT=1001 DEFAULT CHARSET=utf8;
/*!40101 SET character_set_client = @saved_cs_client */;

--
-- Dumping data for table `payment`
--
-- ORDER BY:  `id`

LOCK TABLES `payment` WRITE;
/*!40000 ALTER TABLE `payment` DISABLE KEYS */;
INSERT INTO `payment` VALUES (1,392,1,'2019-10-23 21:00:00',49.3200,655),(2,369,2,'2019-07-19 21:00:00',23.5200,90),(3,45,1,'2019-11-20 21:00:00',37.7900,NULL),(4,29,2,'2019-03-18 21:00:00',22.1400,76),(5,586,1,'2019-07-02 21:00:00',48.1900,NULL),(6,255,1,'2019-07-24 21:00:00',37.5800,320),(7,942,2,'2019-12-17 21:00:00',33.2200,922),(8,985,1,'2019-10-14 21:00:00',49.4700,574),(9,26,2,'2019-09-07 21:00:00',40.9000,444),(10,274,1,'2019-02-25 21:00:00',25.8300,316),(11,552,1,'2019-06-29 21:00:00',29.1000,NULL),(12,165,1,'2019-09-13 21:00:00',28.9000,NULL),(13,557,1,'2019-12-31 21:00:00',29.8100,NULL),(14,579,1,'2019-10-13 21:00:00',35.3300,NULL),(15,919,1,'2019-07-07 21:00:00',22.9500,130),(16,999,1,'2019-03-05 21:00:00',46.0000,149),(17,370,2,'2020-02-09 21:00:00',34.8500,831),(18,270,1,'2019-02-19 21:00:00',26.4600,191),(19,662,2,'2019-04-19 21:00:00',49.1200,482),(20,312,1,'2019-06-10 21:00:00',46.5400,501),(21,854,1,'2019-11-15 21:00:00',34.9500,266),(22,393,1,'2019-03-27 21:00:00',40.7000,236),(23,549,1,'2019-06-24 21:00:00',44.2800,911),(24,491,1,'2019-04-07 21:00:00',35.9500,464),(25,71,1,'2019-08-31 21:00:00',46.2600,NULL),(26,961,1,'2019-06-05 21:00:00',29.6900,767),(27,704,1,'2019-02-28 21:00:00',45.3700,NULL),(28,741,1,'2019-12-11 21:00:00',39.8600,NULL),(29,496,1,'2019-10-25 21:00:00',26.1200,10),(30,303,1,'2019-09-01 21:00:00',29.1300,454),(31,842,2,'2019-08-02 21:00:00',32.3700,349),(32,25,1,'2019-08-29 21:00:00',48.2000,515),(33,914,1,'2019-03-28 21:00:00',33.7000,874),(34,94,1,'2019-06-15 21:00:00',23.8200,NULL),(35,793,1,'2019-03-02 21:00:00',21.6600,NULL),(36,853,1,'2019-10-09 21:00:00',43.3600,NULL),(37,847,1,'2019-09-22 21:00:00',36.2300,657),(38,418,1,'2019-03-20 21:00:00',28.7400,732),(39,695,1,'2019-02-18 21:00:00',46.6000,NULL),(40,81,2,'2019-06-12 21:00:00',24.6600,611),(41,577,1,'2020-01-18 21:00:00',30.1700,295),(42,999,1,'2019-04-22 21:00:00',49.6900,1),(43,468,1,'2019-12-25 21:00:00',31.9300,NULL),(44,423,1,'2019-03-14 21:00:00',46.1500,NULL),(45,805,1,'2020-01-09 21:00:00',20.5600,NULL),(46,354,2,'2019-12-13 21:00:00',46.7500,298),(47,893,2,'2019-07-18 21:00:00',29.9700,617),(48,121,2,'2020-02-06 21:00:00',20.3900,123),(49,46,1,'2019-11-05 21:00:00',46.2600,NULL),(50,367,1,'2019-03-06 21:00:00',28.3600,18),(51,201,1,'2019-10-18 21:00:00',46.4200,450),(52,633,2,'2019-10-21 21:00:00',20.7100,242),(53,835,1,'2020-01-11 21:00:00',30.8000,333),(54,308,1,'2019-05-16 21:00:00',41.5100,608),(55,380,1,'2019-04-12 21:00:00',23.2100,810),(56,323,1,'2019-05-16 21:00:00',31.0800,NULL),(57,951,2,'2020-01-27 21:00:00',40.5700,136),(58,92,1,'2019-04-18 21:00:00',47.3400,NULL),(59,251,1,'2019-04-19 21:00:00',43.3200,NULL),(60,709,2,'2019-07-05 21:00:00',27.4700,517),(61,436,1,'2019-03-25 21:00:00',36.9100,938),(62,837,1,'2019-10-11 21:00:00',34.3900,502),(63,57,1,'2020-01-10 21:00:00',20.6700,NULL),(64,935,1,'2019-02-17 21:00:00',29.6400,NULL),(65,665,1,'2019-07-27 21:00:00',46.4200,NULL),(66,672,2,'2019-04-19 21:00:00',44.0000,837),(67,443,1,'2019-11-12 21:00:00',28.9900,NULL),(68,756,2,'2019-08-30 21:00:00',43.2400,846),(69,815,2,'2019-09-20 21:00:00',25.8700,106),(70,196,1,'2020-01-08 21:00:00',44.2300,653),(71,786,2,'2019-04-02 21:00:00',21.3700,864),(72,799,2,'2019-07-01 21:00:00',36.5200,549),(73,983,1,'2019-06-24 21:00:00',42.3700,NULL),(74,223,1,'2019-12-17 21:00:00',47.4500,NULL),(75,685,2,'2019-09-01 21:00:00',20.9400,499),(76,644,1,'2019-03-31 21:00:00',36.3800,643),(77,422,1,'2019-11-30 21:00:00',32.1300,437),(78,733,1,'2019-07-19 21:00:00',22.0000,NULL),(79,38,1,'2019-09-17 21:00:00',32.5100,NULL),(80,304,1,'2019-03-02 21:00:00',40.2900,NULL),(81,268,1,'2019-10-17 21:00:00',46.7700,673),(82,615,2,'2019-10-17 21:00:00',34.0500,84),(83,668,2,'2019-10-04 21:00:00',41.0800,966),(84,376,1,'2019-03-22 21:00:00',30.8500,NULL),(85,877,2,'2020-02-05 21:00:00',49.7700,430),(86,700,2,'2019-10-21 21:00:00',30.4900,134),(87,314,1,'2019-08-28 21:00:00',20.6800,905),(88,453,2,'2019-08-18 21:00:00',38.3300,295),(89,78,2,'2019-03-12 21:00:00',37.5300,271),(90,472,2,'2019-11-16 21:00:00',40.2200,462),(91,954,1,'2019-06-26 21:00:00',48.8200,349),(92,105,1,'2019-09-21 21:00:00',35.0200,NULL),(93,946,1,'2019-05-27 21:00:00',33.2500,NULL),(94,902,2,'2020-01-15 21:00:00',31.7900,673),(95,574,1,'2019-04-07 21:00:00',49.3600,186),(96,994,1,'2019-02-15 21:00:00',40.1800,80),(97,98,2,'2020-02-11 21:00:00',42.6500,70),(98,151,2,'2019-03-14 21:00:00',23.0400,976),(99,141,1,'2019-08-25 21:00:00',48.9300,NULL),(100,591,1,'2019-11-23 21:00:00',43.2400,NULL),(101,181,1,'2019-05-11 21:00:00',20.8600,141),(102,830,1,'2019-09-01 21:00:00',22.3800,NULL),(103,588,2,'2019-12-18 21:00:00',45.7100,522),(104,447,2,'2019-05-30 21:00:00',31.5100,452),(105,96,1,'2019-05-11 21:00:00',22.9000,377),(106,810,2,'2019-06-02 21:00:00',31.0100,688),(107,494,1,'2019-12-22 21:00:00',42.2800,914),(108,184,1,'2019-10-27 21:00:00',38.9400,955),(109,282,1,'2019-09-08 21:00:00',22.8000,NULL),(110,537,1,'2020-01-24 21:00:00',39.8500,742),(111,318,1,'2019-05-01 21:00:00',44.7400,NULL),(112,516,1,'2019-06-11 21:00:00',43.9300,675),(113,133,1,'2019-07-12 21:00:00',41.1000,849),(114,934,2,'2020-01-07 21:00:00',21.6200,242),(115,336,1,'2019-12-13 21:00:00',45.1600,NULL),(116,457,1,'2019-07-13 21:00:00',24.9300,NULL),(117,783,1,'2019-04-02 21:00:00',47.7700,203),(118,218,1,'2019-07-04 21:00:00',26.6000,NULL),(119,973,1,'2019-07-12 21:00:00',21.7900,469),(120,138,1,'2019-08-05 21:00:00',33.7300,NULL),(121,588,1,'2019-11-28 21:00:00',33.3600,485),(122,376,1,'2019-09-13 21:00:00',23.1100,NULL),(123,240,1,'2019-12-01 21:00:00',40.7300,NULL),(124,361,1,'2019-03-27 21:00:00',46.3900,802),(125,479,1,'2020-01-19 21:00:00',47.9800,NULL),(126,107,2,'2019-05-09 21:00:00',23.2700,574),(127,836,1,'2020-01-07 21:00:00',47.7200,NULL),(128,558,1,'2020-01-26 21:00:00',41.1800,NULL),(129,79,1,'2019-08-06 21:00:00',39.2600,NULL),(130,127,2,'2019-04-09 21:00:00',34.1700,735),(131,537,1,'2019-06-24 21:00:00',22.4800,60),(132,117,2,'2019-08-17 21:00:00',41.2100,838),(133,909,1,'2019-06-23 21:00:00',20.5700,196),(134,373,2,'2019-06-05 21:00:00',33.9600,68),(135,480,1,'2019-06-14 21:00:00',48.6800,NULL),(136,550,1,'2019-09-12 21:00:00',37.4800,460),(137,466,1,'2019-11-06 21:00:00',37.3000,652),(138,242,2,'2019-03-26 21:00:00',27.5600,334),(139,805,2,'2019-05-30 21:00:00',22.7700,719),(140,586,1,'2019-12-31 21:00:00',26.0900,365),(141,236,2,'2019-02-23 21:00:00',27.4600,532),(142,643,1,'2019-10-26 21:00:00',31.6400,543),(143,321,1,'2019-03-21 21:00:00',36.5000,NULL),(144,825,2,'2019-06-13 21:00:00',27.7800,760),(145,599,2,'2019-07-02 21:00:00',37.5300,16),(146,868,1,'2019-03-07 21:00:00',45.4800,NULL),(147,502,2,'2019-08-13 21:00:00',36.0300,566),(148,711,2,'2019-05-30 21:00:00',46.8400,677),(149,338,2,'2019-11-12 21:00:00',47.9800,396),(150,289,1,'2019-02-22 21:00:00',38.8000,722),(151,153,1,'2020-02-05 21:00:00',38.7100,NULL),(152,965,1,'2019-04-30 21:00:00',44.0100,NULL),(153,599,1,'2019-08-23 21:00:00',43.5100,591),(154,443,1,'2019-05-09 21:00:00',44.5300,NULL),(155,393,1,'2019-08-12 21:00:00',45.6400,356),(156,446,1,'2019-12-03 21:00:00',43.3400,NULL),(157,356,2,'2020-01-31 21:00:00',39.0200,627),(158,962,2,'2019-12-01 21:00:00',49.7500,29),(159,497,1,'2020-01-11 21:00:00',44.0800,NULL),(160,836,2,'2020-02-04 21:00:00',34.2000,385),(161,414,1,'2019-04-17 21:00:00',48.3400,903),(162,350,2,'2019-09-29 21:00:00',48.9700,193),(163,936,1,'2019-07-16 21:00:00',28.9400,878),(164,251,1,'2019-12-10 21:00:00',33.3300,NULL),(165,850,1,'2019-07-31 21:00:00',44.8100,NULL),(166,622,1,'2019-08-27 21:00:00',37.7900,844),(167,458,1,'2019-06-24 21:00:00',48.5300,407),(168,773,2,'2019-09-21 21:00:00',29.1300,76),(169,166,2,'2019-05-03 21:00:00',36.8400,580),(170,248,1,'2019-05-31 21:00:00',30.6600,674),(171,939,1,'2019-06-11 21:00:00',21.7600,882),(172,303,2,'2019-08-11 21:00:00',30.2200,522),(173,128,2,'2019-07-09 21:00:00',23.7300,5),(174,525,1,'2019-07-01 21:00:00',24.3400,682),(175,163,2,'2019-12-12 21:00:00',39.4000,184),(176,747,1,'2019-08-09 21:00:00',45.2500,575),(177,127,2,'2019-10-04 21:00:00',23.9500,898),(178,67,1,'2019-12-19 21:00:00',47.7400,NULL),(179,624,2,'2019-08-28 21:00:00',20.7700,896),(180,321,2,'2019-06-14 21:00:00',28.4900,723),(181,558,1,'2020-02-02 21:00:00',26.3900,NULL),(182,808,1,'2019-09-05 21:00:00',45.1100,285),(183,700,1,'2019-06-01 21:00:00',39.4400,NULL),(184,358,1,'2020-01-12 21:00:00',44.6100,38),(185,108,1,'2019-11-26 21:00:00',48.5700,212),(186,210,1,'2019-02-14 21:00:00',21.6300,54),(187,657,1,'2019-05-09 21:00:00',47.9500,75),(188,500,1,'2019-10-14 21:00:00',26.9000,594),(189,477,1,'2019-06-07 21:00:00',42.6300,NULL),(190,481,1,'2019-02-17 21:00:00',30.1400,NULL),(191,272,2,'2019-06-13 21:00:00',40.4600,513),(192,687,1,'2020-01-16 21:00:00',30.6400,NULL),(193,602,1,'2020-02-02 21:00:00',23.9800,NULL),(194,215,2,'2019-05-02 21:00:00',35.8100,747),(195,695,1,'2019-04-20 21:00:00',23.0400,385),(196,531,1,'2019-08-17 21:00:00',44.8900,NULL),(197,380,1,'2020-01-04 21:00:00',40.1500,178),(198,9,1,'2019-05-13 21:00:00',30.0500,994),(199,718,1,'2020-01-31 21:00:00',46.3800,512),(200,744,1,'2019-03-31 21:00:00',36.2700,658),(201,250,1,'2019-07-18 21:00:00',21.5100,164),(202,268,2,'2019-10-08 21:00:00',27.4100,399),(203,90,1,'2019-09-12 21:00:00',31.1800,NULL),(204,237,2,'2019-12-02 21:00:00',48.7000,397),(205,881,1,'2019-06-17 21:00:00',20.7200,784),(206,51,1,'2019-11-11 21:00:00',32.9800,NULL),(207,598,2,'2019-04-25 21:00:00',41.9600,768),(208,344,1,'2019-10-21 21:00:00',38.8900,NULL),(209,949,2,'2019-02-26 21:00:00',21.2400,206),(210,322,1,'2019-12-09 21:00:00',27.0700,NULL),(211,551,2,'2019-03-06 21:00:00',32.3900,990),(212,862,2,'2019-11-04 21:00:00',35.7400,25),(213,353,1,'2019-03-01 21:00:00',20.7400,NULL),(214,409,1,'2019-09-06 21:00:00',42.6000,NULL),(215,183,1,'2019-08-20 21:00:00',49.0900,NULL),(216,185,2,'2019-02-15 21:00:00',31.2000,699),(217,59,2,'2019-06-23 21:00:00',43.2000,563),(218,475,1,'2019-12-05 21:00:00',24.2100,NULL),(219,306,2,'2019-11-29 21:00:00',42.5500,415),(220,841,1,'2019-12-12 21:00:00',42.9300,NULL),(221,5,1,'2019-08-21 21:00:00',46.0800,596),(222,663,1,'2019-03-05 21:00:00',38.2000,419),(223,680,1,'2019-06-20 21:00:00',38.3800,NULL),(224,261,1,'2020-01-13 21:00:00',44.9700,189),(225,124,1,'2019-04-03 21:00:00',46.4900,NULL),(226,220,1,'2019-06-16 21:00:00',34.1100,NULL),(227,477,1,'2019-06-11 21:00:00',44.5000,NULL),(228,595,1,'2019-05-30 21:00:00',32.8200,NULL),(229,476,1,'2019-10-01 21:00:00',49.4600,NULL),(230,386,1,'2019-05-25 21:00:00',35.2600,NULL),(231,969,1,'2019-04-27 21:00:00',31.1000,NULL),(232,449,1,'2019-12-11 21:00:00',26.5400,NULL),(233,623,1,'2019-10-18 21:00:00',33.0600,NULL),(234,754,2,'2019-05-20 21:00:00',42.7100,129),(235,460,1,'2020-01-19 21:00:00',23.2600,198),(236,884,2,'2019-06-08 21:00:00',45.2000,667),(237,80,2,'2020-01-26 21:00:00',45.7100,193),(238,583,1,'2019-10-05 21:00:00',47.1000,543),(239,880,1,'2019-09-07 21:00:00',29.3000,NULL),(240,556,1,'2019-08-23 21:00:00',37.7100,NULL),(241,327,2,'2019-07-05 21:00:00',24.0700,381),(242,806,2,'2019-04-27 21:00:00',35.0400,301),(243,775,1,'2019-07-04 21:00:00',30.4000,NULL),(244,255,1,'2019-08-09 21:00:00',49.7700,NULL),(245,821,1,'2019-09-20 21:00:00',37.0500,NULL),(246,17,2,'2019-11-19 21:00:00',38.8100,650),(247,965,2,'2019-10-01 21:00:00',34.8600,976),(248,91,2,'2019-06-12 21:00:00',45.8700,290),(249,742,1,'2019-07-05 21:00:00',28.8800,NULL),(250,809,1,'2019-02-17 21:00:00',23.9700,418),(251,480,1,'2019-06-10 21:00:00',35.8800,281),(252,757,1,'2020-01-28 21:00:00',26.7000,93),(253,333,2,'2019-10-20 21:00:00',31.6400,117),(254,729,2,'2019-10-02 21:00:00',48.4600,559),(255,425,1,'2019-04-04 21:00:00',46.6900,NULL),(256,541,2,'2019-12-03 21:00:00',29.7800,550),(257,836,1,'2019-10-13 21:00:00',40.8300,866),(258,292,2,'2019-12-29 21:00:00',28.0800,348),(259,330,1,'2020-01-17 21:00:00',41.5000,569),(260,220,1,'2020-02-07 21:00:00',44.3500,605),(261,199,1,'2019-04-19 21:00:00',22.7700,492),(262,834,1,'2020-01-13 21:00:00',41.1100,100),(263,994,1,'2019-08-17 21:00:00',49.6900,NULL),(264,279,2,'2020-01-25 21:00:00',23.2500,714),(265,213,1,'2020-02-07 21:00:00',25.0500,NULL),(266,38,1,'2019-08-04 21:00:00',27.0400,551),(267,693,1,'2019-05-07 21:00:00',47.0100,832),(268,379,1,'2019-11-09 21:00:00',23.4000,176),(269,858,1,'2020-01-29 21:00:00',39.0400,427),(270,88,1,'2019-07-26 21:00:00',28.2300,NULL),(271,448,1,'2019-06-28 21:00:00',39.9200,NULL),(272,270,1,'2019-06-25 21:00:00',29.9400,572),(273,967,1,'2019-08-01 21:00:00',38.8500,991),(274,257,1,'2019-08-15 21:00:00',33.3400,NULL),(275,868,1,'2019-11-16 21:00:00',36.7100,NULL),(276,73,1,'2019-10-18 21:00:00',49.0700,540),(277,117,1,'2019-05-01 21:00:00',27.7100,NULL),(278,689,1,'2019-03-12 21:00:00',49.7800,NULL),(279,542,2,'2019-05-27 21:00:00',38.8500,661),(280,550,1,'2020-01-08 21:00:00',33.4600,711),(281,763,1,'2019-08-27 21:00:00',37.1800,NULL),(282,454,1,'2019-12-08 21:00:00',49.9200,NULL),(283,415,1,'2019-11-06 21:00:00',32.6000,NULL),(284,859,2,'2019-08-07 21:00:00',34.4400,490),(285,636,2,'2019-03-12 21:00:00',26.6800,144),(286,858,2,'2019-11-26 21:00:00',40.3700,957),(287,736,2,'2020-02-03 21:00:00',36.5200,391),(288,598,1,'2020-01-09 21:00:00',21.1400,859),(289,405,1,'2019-02-18 21:00:00',46.6200,289),(290,674,2,'2019-03-15 21:00:00',41.4500,365),(291,910,1,'2019-05-10 21:00:00',46.3700,NULL),(292,125,2,'2019-06-17 21:00:00',41.3700,845),(293,552,2,'2019-08-23 21:00:00',34.3300,645),(294,688,1,'2019-03-04 21:00:00',25.2700,775),(295,421,1,'2019-05-11 21:00:00',26.5200,NULL),(296,604,2,'2019-12-05 21:00:00',46.7300,912),(297,471,1,'2019-02-21 21:00:00',43.2000,NULL),(298,165,1,'2019-04-16 21:00:00',20.3700,NULL),(299,761,1,'2019-05-18 21:00:00',46.4100,NULL),(300,141,1,'2019-04-30 21:00:00',32.6400,NULL),(301,7,1,'2019-07-20 21:00:00',38.3700,510),(302,804,2,'2019-07-31 21:00:00',28.4100,870),(303,533,1,'2019-12-15 21:00:00',20.6500,735),(304,151,2,'2019-11-22 21:00:00',24.0400,475),(305,299,2,'2019-08-27 21:00:00',28.2800,661),(306,722,1,'2019-03-28 21:00:00',43.7100,NULL),(307,846,1,'2019-02-26 21:00:00',48.6000,192),(308,696,1,'2019-11-24 21:00:00',42.5200,NULL),(309,729,1,'2019-08-08 21:00:00',31.1600,790),(310,162,2,'2020-02-04 21:00:00',39.4600,574),(311,984,1,'2020-02-03 21:00:00',42.6600,NULL),(312,219,2,'2019-09-05 21:00:00',22.0300,368),(313,750,1,'2019-07-02 21:00:00',30.2400,NULL),(314,188,1,'2019-06-29 21:00:00',39.2800,620),(315,409,2,'2019-12-25 21:00:00',33.2800,574),(316,913,2,'2019-07-13 21:00:00',46.4800,112),(317,914,2,'2019-06-07 21:00:00',30.7900,38),(318,333,1,'2019-03-18 21:00:00',22.0300,398),(319,2,2,'2020-01-16 21:00:00',23.6100,434),(320,838,2,'2019-03-05 21:00:00',36.4600,488),(321,767,1,'2019-10-22 21:00:00',48.6100,143),(322,651,1,'2019-02-24 21:00:00',26.1500,881),(323,220,1,'2019-04-02 21:00:00',49.5900,800),(324,898,2,'2019-04-14 21:00:00',21.1100,434),(325,60,1,'2019-06-24 21:00:00',30.5100,518),(326,162,1,'2019-06-20 21:00:00',24.8900,NULL),(327,687,2,'2019-02-21 21:00:00',41.8600,937),(328,104,1,'2019-05-02 21:00:00',41.2900,NULL),(329,862,2,'2019-12-05 21:00:00',44.4100,152),(330,389,1,'2019-06-15 21:00:00',46.7400,NULL),(331,335,1,'2019-06-09 21:00:00',35.6500,NULL),(332,204,2,'2019-09-09 21:00:00',29.1100,620),(333,389,2,'2019-07-18 21:00:00',39.9500,718),(334,972,1,'2019-06-03 21:00:00',23.4500,540),(335,269,1,'2019-10-14 21:00:00',49.1500,NULL),(336,440,1,'2019-12-01 21:00:00',42.2700,NULL),(337,401,2,'2020-01-25 21:00:00',29.9600,773),(338,443,2,'2019-09-17 21:00:00',32.4900,310),(339,369,1,'2019-08-10 21:00:00',38.5100,7),(340,216,1,'2019-02-15 21:00:00',39.6200,802),(341,686,1,'2019-10-20 21:00:00',37.3600,NULL),(342,128,1,'2019-07-29 21:00:00',44.2600,NULL),(343,377,2,'2019-07-26 21:00:00',29.0000,776),(344,225,1,'2019-03-02 21:00:00',39.1200,642),(345,192,1,'2019-10-19 21:00:00',22.1800,837),(346,925,1,'2019-03-02 21:00:00',27.7100,76),(347,149,2,'2019-03-31 21:00:00',25.0300,571),(348,113,2,'2019-10-04 21:00:00',34.0300,705),(349,418,1,'2020-01-08 21:00:00',33.2600,786),(350,42,2,'2019-07-09 21:00:00',22.8800,741),(351,160,1,'2019-06-23 21:00:00',43.6800,NULL),(352,600,1,'2019-08-26 21:00:00',24.7200,447),(353,447,1,'2019-08-28 21:00:00',47.8400,759),(354,338,1,'2020-02-08 21:00:00',30.1900,NULL),(355,983,1,'2019-12-31 21:00:00',36.7700,NULL),(356,944,2,'2019-06-18 21:00:00',38.4200,169),(357,375,1,'2019-10-25 21:00:00',40.5500,NULL),(358,544,1,'2019-12-02 21:00:00',38.9700,49),(359,693,2,'2020-02-10 21:00:00',26.6100,860),(360,570,1,'2019-07-15 21:00:00',40.0700,NULL),(361,421,2,'2019-05-02 21:00:00',33.2700,398),(362,424,2,'2020-01-25 21:00:00',38.4700,372),(363,542,1,'2019-05-30 21:00:00',31.2200,NULL),(364,935,1,'2019-02-19 21:00:00',24.1900,681),(365,637,1,'2019-03-26 21:00:00',35.8900,877),(366,509,1,'2019-06-15 21:00:00',22.7200,35),(367,983,1,'2019-04-06 21:00:00',30.8300,NULL),(368,444,2,'2019-10-28 21:00:00',43.6100,451),(369,343,1,'2019-12-21 21:00:00',33.5500,NULL),(370,759,1,'2020-02-09 21:00:00',45.8800,536),(371,790,2,'2019-06-05 21:00:00',25.3300,432),(372,955,1,'2019-12-03 21:00:00',29.6800,NULL),(373,993,1,'2020-01-14 21:00:00',46.4000,NULL),(374,308,1,'2020-01-18 21:00:00',26.2800,NULL),(375,249,1,'2019-09-27 21:00:00',27.6500,241),(376,230,2,'2019-04-27 21:00:00',43.5300,74),(377,503,2,'2019-07-26 21:00:00',39.9700,946),(378,323,1,'2019-09-02 21:00:00',22.6800,864),(379,310,1,'2019-09-24 21:00:00',37.4100,240),(380,435,1,'2019-11-06 21:00:00',40.8900,571),(381,638,2,'2019-08-09 21:00:00',23.7200,968),(382,162,1,'2019-05-23 21:00:00',44.2200,NULL),(383,351,2,'2019-03-07 21:00:00',23.4600,420),(384,857,1,'2019-09-03 21:00:00',42.0100,523),(385,794,1,'2019-06-22 21:00:00',34.9700,763),(386,729,1,'2019-08-18 21:00:00',31.9600,NULL),(387,577,2,'2019-03-24 21:00:00',40.1100,423),(388,630,2,'2019-02-28 21:00:00',24.0000,146),(389,232,1,'2019-10-15 21:00:00',48.7400,213),(390,433,1,'2019-07-28 21:00:00',32.2100,167),(391,830,1,'2019-05-23 21:00:00',36.9900,NULL),(392,484,1,'2019-09-26 21:00:00',45.4800,638),(393,461,1,'2019-03-06 21:00:00',24.2000,NULL),(394,734,2,'2020-01-24 21:00:00',42.6200,603),(395,467,1,'2019-03-12 21:00:00',20.3100,844),(396,579,1,'2019-12-06 21:00:00',26.3500,NULL),(397,405,2,'2019-11-02 21:00:00',35.0300,713),(398,644,1,'2019-11-18 21:00:00',31.2900,69),(399,572,1,'2020-02-08 21:00:00',32.4400,762),(400,828,1,'2019-06-01 21:00:00',31.3900,NULL),(401,765,2,'2019-03-17 21:00:00',32.2800,860),(402,904,1,'2019-02-28 21:00:00',30.4800,232),(403,2,1,'2019-03-03 21:00:00',42.5600,NULL),(404,553,2,'2019-07-20 21:00:00',47.4900,496),(405,174,1,'2019-04-03 21:00:00',36.3400,NULL),(406,396,1,'2019-05-22 21:00:00',35.0800,140),(407,340,1,'2019-08-28 21:00:00',29.7500,23),(408,25,1,'2020-01-04 21:00:00',30.4200,158),(409,557,2,'2019-12-24 21:00:00',26.3900,436),(410,979,1,'2019-07-14 21:00:00',43.3400,770),(411,208,1,'2019-08-31 21:00:00',33.6800,NULL),(412,365,1,'2019-12-15 21:00:00',33.3800,210),(413,461,1,'2019-12-31 21:00:00',42.9700,892),(414,420,2,'2019-06-23 21:00:00',26.3600,812),(415,388,1,'2019-12-30 21:00:00',27.1300,460),(416,463,2,'2019-11-06 21:00:00',33.7600,135),(417,317,1,'2019-02-26 21:00:00',38.8500,737),(418,719,2,'2019-05-21 21:00:00',37.5500,262),(419,349,1,'2019-07-31 21:00:00',23.3600,NULL),(420,4,1,'2020-01-19 21:00:00',29.9900,NULL),(421,617,2,'2020-01-31 21:00:00',44.9500,447),(422,16,2,'2019-07-25 21:00:00',49.2800,143),(423,339,1,'2019-07-13 21:00:00',37.5100,NULL),(424,581,1,'2020-01-26 21:00:00',41.8700,914),(425,571,2,'2019-03-13 21:00:00',32.9900,193),(426,397,1,'2019-09-21 21:00:00',24.7900,219),(427,825,1,'2019-11-11 21:00:00',38.3400,406),(428,530,2,'2019-07-15 21:00:00',34.9800,759),(429,427,1,'2019-06-08 21:00:00',40.9200,NULL),(430,243,1,'2019-03-20 21:00:00',23.7200,NULL),(431,823,2,'2019-03-16 21:00:00',44.8600,591),(432,26,1,'2020-01-31 21:00:00',28.2200,NULL),(433,576,1,'2019-10-07 21:00:00',24.2600,908),(434,445,1,'2019-04-06 21:00:00',38.9000,939),(435,31,1,'2019-02-16 21:00:00',28.7400,NULL),(436,553,2,'2019-02-21 21:00:00',38.5000,118),(437,412,1,'2019-03-31 21:00:00',37.2900,NULL),(438,931,1,'2019-09-02 21:00:00',32.7200,766),(439,849,2,'2019-04-07 21:00:00',31.6200,484),(440,180,2,'2020-02-05 21:00:00',26.7300,175),(441,597,1,'2019-10-13 21:00:00',24.5300,995),(442,898,2,'2020-02-05 21:00:00',32.0300,173),(443,321,2,'2019-04-20 21:00:00',24.8900,670),(444,862,2,'2019-09-04 21:00:00',46.0200,611),(445,252,2,'2019-05-12 21:00:00',21.6300,700),(446,931,1,'2019-07-26 21:00:00',25.0000,NULL),(447,541,2,'2019-10-03 21:00:00',28.0600,662),(448,727,2,'2019-08-15 21:00:00',24.1600,559),(449,607,1,'2019-04-17 21:00:00',44.5600,816),(450,855,1,'2019-08-08 21:00:00',44.6600,540),(451,418,1,'2019-06-02 21:00:00',36.8800,414),(452,754,1,'2019-08-08 21:00:00',31.8000,163),(453,579,2,'2019-08-23 21:00:00',33.8300,206),(454,76,1,'2020-01-26 21:00:00',47.9700,366),(455,624,1,'2019-05-28 21:00:00',24.4500,NULL),(456,962,2,'2019-03-21 21:00:00',27.1400,445),(457,129,1,'2019-08-02 21:00:00',39.5800,388),(458,274,1,'2019-09-13 21:00:00',36.8500,224),(459,91,1,'2019-11-04 21:00:00',34.4400,NULL),(460,743,1,'2020-01-05 21:00:00',40.6400,83),(461,325,2,'2019-08-04 21:00:00',24.1000,607),(462,331,1,'2019-10-19 21:00:00',36.8500,NULL),(463,103,2,'2019-11-02 21:00:00',34.4800,282),(464,752,2,'2019-07-28 21:00:00',44.1100,967),(465,391,1,'2019-04-17 21:00:00',45.0800,NULL),(466,377,1,'2019-05-09 21:00:00',45.6100,NULL),(467,341,1,'2019-12-12 21:00:00',47.8300,646),(468,119,1,'2019-03-25 21:00:00',44.1700,85),(469,673,2,'2019-11-23 21:00:00',29.8700,761),(470,431,1,'2019-02-26 21:00:00',44.6600,NULL),(471,80,2,'2019-12-28 21:00:00',45.6000,4),(472,85,1,'2019-11-10 21:00:00',26.2300,699),(473,714,1,'2020-01-19 21:00:00',46.7300,NULL),(474,699,1,'2019-07-23 21:00:00',25.3800,NULL),(475,682,2,'2019-08-14 21:00:00',47.3100,2),(476,708,1,'2019-12-25 21:00:00',43.4200,925),(477,384,1,'2019-11-17 21:00:00',46.8800,NULL),(478,22,1,'2019-11-14 21:00:00',25.6700,NULL),(479,234,1,'2019-05-02 21:00:00',30.4100,NULL),(480,269,1,'2019-03-02 21:00:00',22.1100,173),(481,516,2,'2020-01-16 21:00:00',22.6200,792),(482,961,2,'2019-03-22 21:00:00',47.3000,95),(483,364,2,'2019-05-16 21:00:00',30.4600,904),(484,483,1,'2019-12-17 21:00:00',29.3300,178),(485,951,1,'2019-10-21 21:00:00',37.2500,NULL),(486,115,1,'2019-10-05 21:00:00',47.5300,NULL),(487,286,1,'2019-06-19 21:00:00',21.1300,180),(488,188,1,'2019-07-30 21:00:00',31.8500,NULL),(489,200,1,'2019-09-04 21:00:00',34.4500,NULL),(490,339,1,'2019-04-19 21:00:00',49.3500,NULL),(491,417,1,'2019-05-25 21:00:00',41.1800,NULL),(492,229,1,'2019-03-29 21:00:00',44.8400,225),(493,985,2,'2019-06-01 21:00:00',49.5400,397),(494,684,1,'2019-11-12 21:00:00',44.0900,NULL),(495,613,1,'2019-04-08 21:00:00',28.7300,NULL),(496,769,1,'2019-10-30 21:00:00',40.1000,117),(497,942,1,'2020-02-07 21:00:00',31.5400,369),(498,376,1,'2020-01-12 21:00:00',39.3000,452),(499,121,1,'2019-05-29 21:00:00',29.0600,567),(500,671,1,'2019-09-06 21:00:00',22.2200,629),(501,777,2,'2019-07-07 21:00:00',41.4900,314),(502,383,1,'2019-06-10 21:00:00',33.4100,723),(503,789,1,'2019-06-16 21:00:00',38.6100,747),(504,846,1,'2019-06-06 21:00:00',39.1100,939),(505,77,2,'2019-06-09 21:00:00',32.4900,942),(506,535,1,'2019-04-09 21:00:00',38.8900,408),(507,200,2,'2019-03-07 21:00:00',39.0200,520),(508,960,1,'2019-03-09 21:00:00',45.9900,801),(509,240,1,'2019-04-16 21:00:00',29.7400,NULL),(510,781,1,'2019-08-30 21:00:00',40.3100,NULL),(511,940,1,'2019-12-31 21:00:00',40.6200,NULL),(512,85,2,'2019-05-30 21:00:00',48.6400,653),(513,498,1,'2019-03-04 21:00:00',25.7000,768),(514,291,2,'2019-12-25 21:00:00',24.7700,571),(515,714,1,'2019-02-23 21:00:00',35.6500,NULL),(516,490,1,'2020-02-03 21:00:00',24.9500,395),(517,655,2,'2019-04-10 21:00:00',20.6900,191),(518,249,1,'2019-06-23 21:00:00',22.3700,368),(519,31,2,'2019-08-27 21:00:00',20.9500,524),(520,652,1,'2019-11-21 21:00:00',29.7400,777),(521,775,1,'2019-12-05 21:00:00',28.4200,607),(522,185,1,'2019-08-31 21:00:00',20.7200,NULL),(523,346,1,'2019-03-14 21:00:00',48.8100,83),(524,294,1,'2019-11-04 21:00:00',29.8000,NULL),(525,723,1,'2019-03-29 21:00:00',38.6500,634),(526,64,1,'2019-06-28 21:00:00',28.0200,300),(527,902,1,'2020-01-02 21:00:00',35.5600,10),(528,741,1,'2019-06-25 21:00:00',34.4000,571),(529,975,1,'2019-03-06 21:00:00',45.9300,531),(530,979,2,'2019-06-15 21:00:00',40.5200,242),(531,929,2,'2019-07-29 21:00:00',26.7800,69),(532,733,1,'2019-12-22 21:00:00',42.5800,76),(533,974,2,'2020-01-22 21:00:00',43.8200,926),(534,737,1,'2019-08-29 21:00:00',24.2400,85),(535,561,1,'2020-01-01 21:00:00',37.0900,44),(536,429,1,'2019-03-13 21:00:00',47.2500,580),(537,192,1,'2019-07-09 21:00:00',28.6300,NULL),(538,95,1,'2019-11-11 21:00:00',35.5700,227),(539,786,2,'2019-11-29 21:00:00',28.7400,570),(540,950,2,'2019-11-16 21:00:00',20.8600,182),(541,204,1,'2019-12-13 21:00:00',35.2200,NULL),(542,731,1,'2019-06-20 21:00:00',47.1800,NULL),(543,120,2,'2019-09-12 21:00:00',20.8900,936),(544,968,1,'2019-10-29 21:00:00',28.9000,218),(545,831,1,'2019-05-30 21:00:00',23.0200,965),(546,702,2,'2020-01-12 21:00:00',43.4800,269),(547,51,2,'2019-11-29 21:00:00',31.4000,726),(548,431,1,'2019-11-29 21:00:00',47.7800,984),(549,773,2,'2019-10-04 21:00:00',33.3500,634),(550,773,1,'2019-09-06 21:00:00',45.9800,435),(551,480,1,'2020-02-13 21:00:00',25.3800,NULL),(552,113,1,'2019-02-20 21:00:00',35.4700,937),(553,968,1,'2019-11-13 21:00:00',28.3300,745),(554,687,1,'2019-12-12 21:00:00',29.6800,NULL),(555,310,1,'2020-02-07 21:00:00',41.5300,176),(556,207,2,'2019-08-10 21:00:00',42.9800,521),(557,235,1,'2019-10-07 21:00:00',44.9600,NULL),(558,181,2,'2019-08-28 21:00:00',43.6500,306),(559,828,2,'2020-01-26 21:00:00',38.3200,797),(560,501,2,'2019-05-02 21:00:00',20.2300,675),(561,600,2,'2019-09-02 21:00:00',48.2600,979),(562,328,2,'2019-03-16 21:00:00',44.4700,753),(563,192,1,'2019-04-22 21:00:00',32.7900,NULL),(564,470,2,'2019-11-08 21:00:00',41.7500,541),(565,390,1,'2019-05-31 21:00:00',46.4800,590),(566,128,2,'2020-01-18 21:00:00',33.1800,252),(567,999,1,'2019-07-21 21:00:00',29.9800,183),(568,268,1,'2020-02-04 21:00:00',31.9600,813),(569,517,1,'2019-10-02 21:00:00',27.5300,NULL),(570,969,1,'2019-09-30 21:00:00',45.7600,NULL),(571,923,1,'2019-08-26 21:00:00',22.0500,453),(572,334,1,'2019-10-04 21:00:00',35.8700,648),(573,943,1,'2019-10-09 21:00:00',42.2100,NULL),(574,368,1,'2019-05-23 21:00:00',42.3900,NULL),(575,989,2,'2020-02-07 21:00:00',22.4000,480),(576,922,1,'2019-06-24 21:00:00',36.3000,861),(577,686,1,'2019-04-28 21:00:00',34.6300,758),(578,43,2,'2019-10-22 21:00:00',49.1900,275),(579,274,1,'2019-07-18 21:00:00',28.6000,NULL),(580,659,1,'2019-09-05 21:00:00',34.8800,NULL),(581,720,2,'2019-05-18 21:00:00',22.2100,146),(582,560,1,'2019-12-28 21:00:00',24.7800,NULL),(583,827,2,'2019-05-04 21:00:00',49.6500,921),(584,411,1,'2019-02-21 21:00:00',32.0900,604),(585,43,1,'2019-11-10 21:00:00',37.0200,967),(586,402,1,'2019-11-22 21:00:00',30.4400,NULL),(587,377,2,'2019-04-08 21:00:00',30.8100,142),(588,472,1,'2019-02-21 21:00:00',41.5900,NULL),(589,638,1,'2019-04-02 21:00:00',49.6300,739),(590,422,2,'2019-11-23 21:00:00',44.4800,563),(591,367,1,'2020-01-19 21:00:00',45.7000,NULL),(592,583,2,'2019-09-18 21:00:00',25.1800,524),(593,162,2,'2019-09-19 21:00:00',35.6700,609),(594,350,1,'2019-12-29 21:00:00',26.0400,420),(595,195,2,'2019-11-20 21:00:00',35.4700,496),(596,908,1,'2019-04-18 21:00:00',23.7100,30),(597,17,1,'2019-07-29 21:00:00',44.8800,604),(598,673,1,'2019-12-31 21:00:00',21.0600,NULL),(599,570,2,'2019-11-14 21:00:00',38.3100,39),(600,409,1,'2019-10-17 21:00:00',48.0100,NULL),(601,485,1,'2019-08-28 21:00:00',30.7700,780),(602,387,1,'2020-01-29 21:00:00',43.5300,NULL),(603,203,1,'2019-09-02 21:00:00',23.1100,NULL),(604,901,1,'2019-09-24 21:00:00',20.6600,90),(605,462,2,'2019-09-11 21:00:00',23.5200,683),(606,251,1,'2019-11-26 21:00:00',36.1000,NULL),(607,793,1,'2019-06-25 21:00:00',37.3400,855),(608,553,1,'2019-12-21 21:00:00',37.6000,974),(609,553,2,'2019-02-28 21:00:00',48.9000,216),(610,923,1,'2019-09-01 21:00:00',40.5500,267),(611,874,2,'2020-02-06 21:00:00',48.6100,652),(612,882,2,'2020-01-30 21:00:00',29.1900,169),(613,287,1,'2019-03-13 21:00:00',28.7900,512),(614,583,1,'2019-07-11 21:00:00',46.3500,604),(615,598,2,'2019-03-07 21:00:00',22.9100,300),(616,540,2,'2019-06-09 21:00:00',44.1500,746),(617,394,2,'2019-10-11 21:00:00',44.3500,128),(618,854,2,'2020-02-12 21:00:00',46.6800,117),(619,22,1,'2019-04-15 21:00:00',23.6100,57),(620,451,1,'2019-07-14 21:00:00',44.3300,NULL),(621,970,1,'2019-06-06 21:00:00',31.5100,764),(622,636,1,'2019-05-15 21:00:00',41.8700,NULL),(623,519,2,'2019-11-13 21:00:00',37.8200,678),(624,261,2,'2019-12-28 21:00:00',41.9100,446),(625,704,1,'2019-09-10 21:00:00',22.5800,935),(626,284,2,'2019-08-20 21:00:00',42.7300,862),(627,966,1,'2020-01-14 21:00:00',37.4000,NULL),(628,339,2,'2019-12-11 21:00:00',35.2700,769),(629,260,1,'2020-01-08 21:00:00',20.3400,NULL),(630,940,2,'2019-07-18 21:00:00',49.9900,382),(631,451,2,'2019-11-13 21:00:00',24.0900,728),(632,548,2,'2019-09-30 21:00:00',33.7300,491),(633,45,2,'2019-08-08 21:00:00',25.2100,458),(634,60,2,'2019-03-12 21:00:00',36.8700,462),(635,188,2,'2019-08-18 21:00:00',45.1400,106),(636,565,2,'2019-05-04 21:00:00',22.3800,102),(637,730,1,'2019-09-14 21:00:00',45.8200,NULL),(638,744,2,'2019-07-31 21:00:00',24.6400,400),(639,291,1,'2019-08-11 21:00:00',39.3800,79),(640,539,1,'2019-11-27 21:00:00',45.9200,NULL),(641,651,1,'2020-01-14 21:00:00',31.9100,NULL),(642,639,2,'2019-09-29 21:00:00',30.5900,834),(643,316,2,'2019-03-12 21:00:00',47.5800,634),(644,12,2,'2019-08-10 21:00:00',44.1900,667),(645,702,2,'2019-05-25 21:00:00',32.6000,363),(646,623,2,'2019-04-27 21:00:00',25.3100,989),(647,430,1,'2019-10-23 21:00:00',29.8700,418),(648,990,2,'2019-07-13 21:00:00',36.9200,278),(649,786,1,'2019-10-06 21:00:00',40.7700,40),(650,673,1,'2019-12-25 21:00:00',29.3000,NULL),(651,923,2,'2019-08-27 21:00:00',29.1900,44),(652,392,1,'2019-07-13 21:00:00',42.1600,61),(653,150,1,'2019-08-04 21:00:00',32.4700,NULL),(654,744,1,'2019-12-03 21:00:00',42.8000,NULL),(655,547,1,'2020-02-09 21:00:00',42.8100,754),(656,435,1,'2019-02-15 21:00:00',47.1500,NULL),(657,984,1,'2020-01-09 21:00:00',48.4900,858),(658,158,1,'2019-07-23 21:00:00',49.4800,NULL),(659,275,2,'2020-01-13 21:00:00',46.7000,325),(660,628,2,'2019-09-04 21:00:00',24.8100,162),(661,167,1,'2019-04-06 21:00:00',30.2300,NULL),(662,238,1,'2019-08-23 21:00:00',30.2600,NULL),(663,799,1,'2019-09-06 21:00:00',39.2600,NULL),(664,806,1,'2019-03-17 21:00:00',47.1700,NULL),(665,908,1,'2019-05-27 21:00:00',28.5600,NULL),(666,56,2,'2019-11-04 21:00:00',49.7300,22),(667,360,2,'2019-06-19 21:00:00',48.6100,458),(668,263,1,'2019-04-22 21:00:00',45.1500,NULL),(669,896,2,'2020-01-14 21:00:00',26.2700,317),(670,343,1,'2019-10-07 21:00:00',46.0300,258),(671,642,1,'2020-02-05 21:00:00',29.9600,NULL),(672,174,2,'2020-01-15 21:00:00',37.3600,587),(673,560,1,'2019-12-13 21:00:00',49.8500,922),(674,183,1,'2019-06-04 21:00:00',21.8500,NULL),(675,42,2,'2019-12-27 21:00:00',32.6800,78),(676,709,2,'2019-02-20 21:00:00',36.0000,445),(677,35,1,'2019-08-10 21:00:00',35.5900,NULL),(678,954,1,'2019-03-21 21:00:00',33.0900,NULL),(679,416,2,'2019-11-28 21:00:00',37.0300,291),(680,745,1,'2020-01-18 21:00:00',32.6600,728),(681,518,2,'2019-04-08 21:00:00',22.8700,710),(682,465,1,'2019-11-23 21:00:00',20.1200,NULL),(683,465,1,'2020-01-30 21:00:00',28.2500,NULL),(684,747,1,'2019-12-04 21:00:00',32.1300,NULL),(685,396,2,'2019-12-30 21:00:00',26.2300,830),(686,61,1,'2019-08-09 21:00:00',20.6400,NULL),(687,820,2,'2020-02-02 21:00:00',25.0100,200),(688,761,1,'2019-07-06 21:00:00',37.5600,842),(689,523,1,'2019-04-11 21:00:00',25.1000,340),(690,722,1,'2019-07-19 21:00:00',24.2600,896),(691,151,2,'2019-12-06 21:00:00',23.8900,647),(692,86,1,'2019-10-02 21:00:00',42.3000,477),(693,959,1,'2019-12-21 21:00:00',23.3600,NULL),(694,945,2,'2019-10-03 21:00:00',42.4900,788),(695,184,1,'2019-07-31 21:00:00',42.3500,273),(696,232,2,'2019-04-08 21:00:00',29.3600,252),(697,975,2,'2019-06-01 21:00:00',21.6800,279),(698,157,1,'2019-04-09 21:00:00',21.0700,802),(699,737,2,'2020-01-14 21:00:00',24.5900,793),(700,6,1,'2020-01-08 21:00:00',29.4300,280),(701,895,1,'2019-03-22 21:00:00',23.5500,181),(702,278,2,'2019-04-27 21:00:00',43.1200,989),(703,149,2,'2019-07-06 21:00:00',47.2000,636),(704,906,1,'2020-01-23 21:00:00',30.2700,NULL),(705,367,1,'2019-10-28 21:00:00',45.1300,127),(706,683,1,'2019-07-03 21:00:00',47.5000,NULL),(707,732,2,'2019-11-25 21:00:00',22.9900,67),(708,420,2,'2019-04-02 21:00:00',27.1200,969),(709,311,1,'2019-09-22 21:00:00',22.5100,NULL),(710,327,1,'2019-11-26 21:00:00',26.1400,154),(711,511,2,'2019-05-20 21:00:00',28.4500,164),(712,537,1,'2019-08-20 21:00:00',31.1100,5),(713,662,1,'2019-07-18 21:00:00',28.3600,562),(714,923,2,'2020-01-14 21:00:00',29.3100,203),(715,228,1,'2019-06-03 21:00:00',46.7000,593),(716,322,1,'2019-08-30 21:00:00',26.8200,675),(717,427,2,'2019-06-08 21:00:00',42.4500,632),(718,394,2,'2020-01-29 21:00:00',49.1100,733),(719,969,1,'2019-07-28 21:00:00',35.4100,750),(720,596,1,'2019-02-20 21:00:00',24.0800,310),(721,472,1,'2020-01-08 21:00:00',37.7700,NULL),(722,432,1,'2019-05-27 21:00:00',23.5800,587),(723,199,1,'2019-12-20 21:00:00',37.8000,NULL),(724,270,2,'2019-11-15 21:00:00',39.8100,564),(725,736,2,'2019-08-09 21:00:00',47.3300,535),(726,916,1,'2019-09-08 21:00:00',21.1500,NULL),(727,227,1,'2020-01-26 21:00:00',25.0500,NULL),(728,341,1,'2019-08-02 21:00:00',34.2500,NULL),(729,545,1,'2019-11-16 21:00:00',46.2600,860),(730,76,2,'2019-06-14 21:00:00',22.8500,979),(731,18,1,'2019-03-26 21:00:00',34.9500,NULL),(732,272,1,'2019-10-22 21:00:00',36.2200,936),(733,751,1,'2019-08-30 21:00:00',49.8200,71),(734,513,1,'2019-04-18 21:00:00',21.0600,485),(735,1000,1,'2019-10-25 21:00:00',20.1300,NULL),(736,479,1,'2019-04-26 21:00:00',49.2600,NULL),(737,393,2,'2019-05-10 21:00:00',24.3100,900),(738,688,1,'2020-02-07 21:00:00',30.0100,389),(739,15,1,'2019-07-04 21:00:00',27.6800,NULL),(740,902,2,'2019-06-12 21:00:00',48.7700,746),(741,404,1,'2020-02-09 21:00:00',26.5400,NULL),(742,527,1,'2019-09-08 21:00:00',22.3000,825),(743,620,2,'2019-11-29 21:00:00',36.4700,566),(744,82,1,'2019-12-19 21:00:00',45.7300,NULL),(745,468,1,'2019-02-20 21:00:00',34.2400,NULL),(746,121,1,'2020-02-02 21:00:00',35.6500,687),(747,566,1,'2019-12-06 21:00:00',38.5300,NULL),(748,20,2,'2019-04-21 21:00:00',40.7900,275),(749,750,2,'2020-02-09 21:00:00',49.7000,280),(750,181,1,'2019-10-11 21:00:00',25.2000,422),(751,829,2,'2019-03-07 21:00:00',21.0500,524),(752,929,2,'2020-02-05 21:00:00',46.8000,19),(753,439,1,'2019-03-02 21:00:00',42.0400,75),(754,217,2,'2020-02-12 21:00:00',46.7400,586),(755,224,2,'2019-12-02 21:00:00',28.4600,229),(756,351,1,'2019-04-14 21:00:00',28.1800,NULL),(757,640,1,'2020-01-23 21:00:00',25.6000,NULL),(758,948,1,'2019-02-17 21:00:00',38.2700,NULL),(759,583,2,'2019-12-27 21:00:00',49.7100,445),(760,610,1,'2019-07-20 21:00:00',29.9100,NULL),(761,403,2,'2019-08-13 21:00:00',22.5400,857),(762,541,2,'2019-05-21 21:00:00',38.6000,471),(763,24,1,'2020-02-07 21:00:00',23.9400,983),(764,858,1,'2019-11-22 21:00:00',22.6300,790),(765,810,1,'2019-10-17 21:00:00',48.3300,NULL),(766,47,2,'2019-04-15 21:00:00',46.3300,823),(767,637,2,'2019-10-04 21:00:00',46.7800,29),(768,874,1,'2019-03-02 21:00:00',35.4500,881),(769,293,1,'2019-12-11 21:00:00',45.3400,NULL),(770,549,1,'2019-12-15 21:00:00',28.3200,NULL),(771,66,1,'2019-05-10 21:00:00',41.9000,365),(772,529,1,'2020-01-06 21:00:00',23.0400,303),(773,805,1,'2019-07-31 21:00:00',47.5400,NULL),(774,571,2,'2019-11-12 21:00:00',21.0300,430),(775,498,2,'2019-05-09 21:00:00',25.0900,923),(776,330,2,'2020-01-22 21:00:00',21.9200,41),(777,126,1,'2020-02-09 21:00:00',43.0300,67),(778,325,1,'2019-08-28 21:00:00',39.4600,NULL),(779,302,1,'2019-07-02 21:00:00',43.5100,416),(780,201,1,'2019-03-22 21:00:00',36.6000,NULL),(781,473,1,'2019-10-25 21:00:00',24.8200,820),(782,945,2,'2019-12-03 21:00:00',23.0100,666),(783,628,2,'2019-03-28 21:00:00',32.6100,844),(784,833,2,'2019-10-08 21:00:00',25.4300,833),(785,209,2,'2019-05-30 21:00:00',49.7600,384),(786,142,1,'2019-03-01 21:00:00',28.9200,NULL),(787,661,1,'2019-10-30 21:00:00',48.8300,NULL),(788,779,1,'2019-10-15 21:00:00',36.9600,432),(789,181,1,'2019-11-06 21:00:00',25.8300,229),(790,65,1,'2020-01-29 21:00:00',30.5700,116),(791,31,1,'2020-01-31 21:00:00',24.2800,NULL),(792,825,2,'2019-09-01 21:00:00',46.1500,849),(793,589,1,'2019-04-20 21:00:00',23.9700,46),(794,800,2,'2019-10-24 21:00:00',20.0700,838),(795,442,1,'2019-03-23 21:00:00',49.6600,NULL),(796,241,1,'2019-10-14 21:00:00',26.2900,470),(797,90,1,'2019-10-08 21:00:00',46.8400,NULL),(798,245,2,'2019-05-31 21:00:00',41.3900,263),(799,199,1,'2019-08-06 21:00:00',35.0100,NULL),(800,574,1,'2020-02-06 21:00:00',45.7900,NULL),(801,790,1,'2019-09-24 21:00:00',45.9100,NULL),(802,30,2,'2020-02-10 21:00:00',21.6900,751),(803,945,2,'2020-01-26 21:00:00',46.0200,754),(804,274,2,'2019-02-21 21:00:00',45.3800,964),(805,836,1,'2019-12-28 21:00:00',48.1100,NULL),(806,654,1,'2019-06-04 21:00:00',41.5400,506),(807,542,2,'2019-03-24 21:00:00',21.9200,855),(808,218,1,'2019-03-10 21:00:00',39.7500,778),(809,139,2,'2019-06-03 21:00:00',38.7900,611),(810,287,1,'2019-12-04 21:00:00',44.8500,NULL),(811,325,2,'2019-07-25 21:00:00',26.1400,883),(812,599,1,'2019-04-19 21:00:00',39.0400,165),(813,751,2,'2019-04-18 21:00:00',31.4500,190),(814,555,1,'2019-03-02 21:00:00',28.7700,NULL),(815,83,1,'2019-09-10 21:00:00',24.5000,623),(816,37,2,'2019-12-01 21:00:00',29.6500,345),(817,184,1,'2019-10-07 21:00:00',41.2100,NULL),(818,154,1,'2019-08-15 21:00:00',46.5300,NULL),(819,438,1,'2019-04-05 21:00:00',40.3200,198),(820,173,1,'2019-07-30 21:00:00',48.7000,483),(821,81,1,'2020-01-11 21:00:00',31.2800,985),(822,754,2,'2019-02-21 21:00:00',21.2500,207),(823,494,1,'2019-11-28 21:00:00',35.1400,NULL),(824,452,1,'2019-03-08 21:00:00',37.1900,NULL),(825,727,1,'2019-12-27 21:00:00',42.1300,910),(826,680,2,'2019-09-05 21:00:00',42.1300,408),(827,812,1,'2019-10-24 21:00:00',37.6500,NULL),(828,695,1,'2019-05-20 21:00:00',49.1800,838),(829,710,1,'2019-09-11 21:00:00',27.8000,NULL),(830,400,2,'2020-02-04 21:00:00',29.0500,509),(831,675,1,'2019-12-28 21:00:00',42.1000,827),(832,961,1,'2019-08-11 21:00:00',46.4400,NULL),(833,103,1,'2019-07-09 21:00:00',23.8900,96),(834,455,1,'2020-01-25 21:00:00',25.8300,541),(835,383,1,'2019-08-23 21:00:00',30.9800,416),(836,485,1,'2019-09-15 21:00:00',42.2900,808),(837,149,2,'2019-05-22 21:00:00',29.3100,130),(838,390,1,'2019-09-27 21:00:00',36.8300,NULL),(839,345,1,'2019-05-15 21:00:00',29.4700,271),(840,334,2,'2019-08-22 21:00:00',40.3800,489),(841,517,1,'2019-05-06 21:00:00',30.2700,691),(842,62,1,'2019-12-03 21:00:00',37.2700,277),(843,437,2,'2019-04-18 21:00:00',27.4200,611),(844,963,2,'2019-05-02 21:00:00',20.7900,703),(845,556,1,'2019-05-09 21:00:00',43.7200,939),(846,721,1,'2019-04-11 21:00:00',26.9300,NULL),(847,85,1,'2020-01-09 21:00:00',45.8000,607),(848,571,1,'2019-04-06 21:00:00',29.2100,910),(849,721,1,'2019-07-29 21:00:00',23.3300,NULL),(850,644,1,'2019-06-05 21:00:00',20.6500,162),(851,651,1,'2019-12-25 21:00:00',40.3300,696),(852,290,1,'2019-12-25 21:00:00',31.0800,NULL),(853,955,1,'2020-01-18 21:00:00',49.9400,47),(854,134,2,'2019-09-25 21:00:00',45.3800,673),(855,620,2,'2019-05-25 21:00:00',28.8000,936),(856,159,1,'2019-04-28 21:00:00',27.2300,210),(857,208,1,'2019-10-19 21:00:00',38.8400,NULL),(858,966,1,'2019-04-13 21:00:00',22.2100,NULL),(859,628,1,'2019-04-16 21:00:00',25.2200,810),(860,272,1,'2020-01-29 21:00:00',41.8200,429),(861,965,1,'2019-12-21 21:00:00',45.0200,684),(862,424,1,'2019-11-29 21:00:00',46.5400,NULL),(863,913,1,'2019-04-02 21:00:00',35.8000,584),(864,743,1,'2019-04-19 21:00:00',43.9700,NULL),(865,101,2,'2019-10-20 21:00:00',43.8900,925),(866,362,1,'2020-02-06 21:00:00',32.5000,NULL),(867,580,1,'2019-08-28 21:00:00',41.8500,NULL),(868,828,1,'2019-03-28 21:00:00',47.6300,NULL),(869,86,1,'2019-07-07 21:00:00',23.9700,NULL),(870,456,1,'2019-07-31 21:00:00',36.5800,NULL),(871,770,1,'2019-04-13 21:00:00',47.1200,NULL),(872,89,1,'2019-12-26 21:00:00',31.9900,NULL),(873,225,1,'2019-05-29 21:00:00',48.6300,NULL),(874,664,1,'2020-02-05 21:00:00',21.7900,570),(875,460,1,'2019-04-08 21:00:00',33.5600,NULL),(876,601,1,'2019-05-04 21:00:00',30.1900,NULL),(877,46,1,'2019-02-26 21:00:00',21.4100,416),(878,626,1,'2019-04-10 21:00:00',43.1000,425),(879,209,1,'2019-11-27 21:00:00',38.6600,NULL),(880,611,1,'2019-11-19 21:00:00',44.1000,308),(881,435,1,'2019-10-23 21:00:00',20.9500,NULL),(882,263,1,'2019-11-25 21:00:00',20.4800,NULL),(883,277,1,'2019-10-08 21:00:00',29.2000,NULL),(884,242,2,'2019-10-29 21:00:00',37.9200,427),(885,272,2,'2019-07-29 21:00:00',24.9900,583),(886,985,1,'2019-07-12 21:00:00',36.6200,NULL),(887,817,2,'2019-07-18 21:00:00',40.6300,620),(888,488,1,'2019-10-10 21:00:00',31.7900,277),(889,979,1,'2019-09-29 21:00:00',40.8800,979),(890,739,1,'2019-10-12 21:00:00',20.9800,801),(891,864,2,'2019-12-01 21:00:00',47.0900,951),(892,944,1,'2020-02-10 21:00:00',20.3500,642),(893,562,1,'2019-09-26 21:00:00',38.4000,NULL),(894,555,1,'2019-07-01 21:00:00',28.2300,771),(895,156,1,'2019-12-12 21:00:00',35.3300,88),(896,483,1,'2020-02-13 21:00:00',27.6100,50),(897,163,1,'2019-03-22 21:00:00',30.7100,130),(898,760,1,'2019-03-14 21:00:00',31.5400,466),(899,232,2,'2019-09-03 21:00:00',35.9000,43),(900,494,1,'2019-05-11 21:00:00',39.7900,175),(901,12,1,'2019-12-28 21:00:00',44.0000,232),(902,594,2,'2019-08-25 21:00:00',21.1500,110),(903,5,1,'2019-12-21 21:00:00',42.7800,NULL),(904,408,1,'2019-08-17 21:00:00',32.6900,637),(905,234,1,'2019-05-03 21:00:00',29.9700,517),(906,523,1,'2019-06-12 21:00:00',34.2900,NULL),(907,536,2,'2019-12-08 21:00:00',43.5700,613),(908,689,1,'2019-10-04 21:00:00',25.5800,NULL),(909,830,1,'2019-05-02 21:00:00',26.2400,387),(910,221,2,'2020-01-02 21:00:00',38.7700,87),(911,723,2,'2019-07-10 21:00:00',38.5800,119),(912,145,1,'2019-11-14 21:00:00',20.4800,80),(913,934,2,'2019-10-31 21:00:00',22.6400,89),(914,601,2,'2019-07-24 21:00:00',27.9500,652),(915,383,1,'2019-11-19 21:00:00',30.6400,NULL),(916,882,1,'2020-01-27 21:00:00',28.2700,402),(917,143,1,'2019-09-14 21:00:00',44.9600,214),(918,608,1,'2019-08-14 21:00:00',33.7900,170),(919,431,1,'2019-12-20 21:00:00',25.5500,NULL),(920,487,1,'2019-11-04 21:00:00',23.0300,NULL),(921,661,1,'2019-12-20 21:00:00',29.4800,NULL),(922,840,2,'2019-04-21 21:00:00',32.9300,985),(923,138,1,'2019-06-01 21:00:00',30.0200,NULL),(924,620,1,'2019-10-03 21:00:00',29.9700,91),(925,733,2,'2019-08-24 21:00:00',30.3800,242),(926,788,1,'2019-09-19 21:00:00',39.8900,NULL),(927,671,2,'2019-08-13 21:00:00',39.6200,581),(928,246,1,'2019-07-02 21:00:00',41.9100,851),(929,514,1,'2019-07-14 21:00:00',35.7300,992),(930,79,1,'2020-02-09 21:00:00',40.5500,NULL),(931,504,2,'2019-06-13 21:00:00',45.9300,183),(932,423,1,'2019-11-09 21:00:00',49.9600,NULL),(933,745,1,'2019-04-18 21:00:00',22.9000,981),(934,450,2,'2019-08-11 21:00:00',30.0900,102),(935,307,1,'2019-12-15 21:00:00',34.1800,29),(936,575,1,'2019-02-19 21:00:00',45.0000,NULL),(937,949,2,'2019-09-13 21:00:00',48.6200,251),(938,495,2,'2019-06-22 21:00:00',32.9000,317),(939,199,1,'2019-10-07 21:00:00',37.6600,NULL),(940,538,1,'2019-06-21 21:00:00',24.4500,NULL),(941,40,2,'2019-11-09 21:00:00',35.7300,336),(942,371,1,'2019-06-22 21:00:00',31.2000,NULL),(943,464,2,'2019-12-05 21:00:00',45.4700,863),(944,265,1,'2019-12-23 21:00:00',31.7300,NULL),(945,734,1,'2019-08-07 21:00:00',40.1100,791),(946,414,2,'2019-04-25 21:00:00',30.4200,867),(947,190,2,'2019-03-31 21:00:00',38.0500,687),(948,256,1,'2020-02-01 21:00:00',26.4500,311),(949,425,1,'2020-01-15 21:00:00',49.8300,NULL),(950,821,1,'2019-07-02 21:00:00',37.4300,NULL),(951,454,1,'2019-04-03 21:00:00',30.9100,NULL),(952,71,1,'2019-12-25 21:00:00',21.7300,417),(953,775,2,'2020-01-03 21:00:00',49.1800,241),(954,875,1,'2019-05-07 21:00:00',48.8700,NULL),(955,929,2,'2019-07-18 21:00:00',20.3900,860),(956,228,2,'2019-03-21 21:00:00',44.7900,108),(957,290,1,'2019-07-15 21:00:00',25.1400,183),(958,72,1,'2019-04-20 21:00:00',23.4800,883),(959,64,1,'2020-02-05 21:00:00',20.6000,NULL),(960,848,1,'2019-04-08 21:00:00',27.3600,801),(961,782,2,'2019-12-28 21:00:00',35.6100,650),(962,740,1,'2019-08-27 21:00:00',49.9200,720),(963,724,1,'2019-04-20 21:00:00',45.5700,NULL),(964,239,2,'2020-01-30 21:00:00',34.8700,969),(965,516,1,'2019-03-13 21:00:00',47.0900,988),(966,790,1,'2019-02-19 21:00:00',35.8300,NULL),(967,162,1,'2019-07-08 21:00:00',45.7500,NULL),(968,461,2,'2019-06-23 21:00:00',41.3900,893),(969,248,1,'2019-03-26 21:00:00',25.1400,962),(970,151,1,'2020-01-08 21:00:00',27.3400,NULL),(971,584,1,'2019-06-10 21:00:00',20.6800,NULL),(972,18,1,'2019-11-30 21:00:00',47.5500,NULL),(973,930,1,'2020-01-26 21:00:00',38.8300,NULL),(974,86,1,'2019-12-08 21:00:00',37.0400,NULL),(975,435,2,'2020-02-06 21:00:00',23.0300,287),(976,302,2,'2019-09-12 21:00:00',43.3000,456),(977,587,1,'2019-04-04 21:00:00',33.1900,NULL),(978,296,1,'2019-11-19 21:00:00',20.6500,NULL),(979,735,1,'2020-01-10 21:00:00',44.4700,892),(980,457,1,'2019-07-31 21:00:00',29.2300,315),(981,410,2,'2019-04-17 21:00:00',45.1900,767),(982,666,1,'2019-11-07 21:00:00',23.7500,NULL),(983,647,1,'2019-10-15 21:00:00',22.6400,NULL),(984,512,1,'2019-06-29 21:00:00',24.2900,296),(985,921,1,'2019-05-22 21:00:00',34.5700,725),(986,616,1,'2019-03-01 21:00:00',21.8400,412),(987,192,1,'2019-04-10 21:00:00',22.5900,381),(988,160,2,'2019-11-16 21:00:00',26.1800,475),(989,566,1,'2019-07-09 21:00:00',31.8300,835),(990,75,1,'2019-07-21 21:00:00',30.1400,15),(991,895,1,'2019-06-02 21:00:00',43.5100,7),(992,406,2,'2020-01-30 21:00:00',20.7100,534),(993,258,1,'2020-01-26 21:00:00',45.3800,NULL),(994,668,1,'2019-11-11 21:00:00',46.6500,NULL),(995,630,1,'2019-08-07 21:00:00',47.9500,NULL),(996,208,1,'2019-03-25 21:00:00',30.2500,182),(997,416,2,'2019-10-08 21:00:00',26.2500,930),(998,796,1,'2020-01-19 21:00:00',45.4400,599),(999,627,2,'2019-12-22 21:00:00',43.0000,691),(1000,900,1,'2019-02-28 21:00:00',48.9400,460);
/*!40000 ALTER TABLE `payment` ENABLE KEYS */;
UNLOCK TABLES;

--
-- Table structure for table `payment_type`
--

DROP TABLE IF EXISTS `payment_type`;
/*!40101 SET @saved_cs_client     = @@character_set_client */;
/*!50503 SET character_set_client = utf8mb4 */;
CREATE TABLE `payment_type` (
  `id` int(11) NOT NULL AUTO_INCREMENT,
  `type` varchar(255) NOT NULL,
  PRIMARY KEY (`id`)
) ENGINE=InnoDB AUTO_INCREMENT=4 DEFAULT CHARSET=utf8;
/*!40101 SET character_set_client = @saved_cs_client */;

--
-- Dumping data for table `payment_type`
--
-- ORDER BY:  `id`

LOCK TABLES `payment_type` WRITE;
/*!40000 ALTER TABLE `payment_type` DISABLE KEYS */;
INSERT INTO `payment_type` VALUES (1,'refill'),(2,'payment');
/*!40000 ALTER TABLE `payment_type` ENABLE KEYS */;
UNLOCK TABLES;

--
-- Table structure for table `subscription`
--

DROP TABLE IF EXISTS `subscription`;
/*!40101 SET @saved_cs_client     = @@character_set_client */;
/*!50503 SET character_set_client = utf8mb4 */;
CREATE TABLE `subscription` (
  `id` int(11) NOT NULL AUTO_INCREMENT,
  `edition_id` int(11) NOT NULL,
  `subscription_start_date` timestamp NOT NULL,
  `subscription_end_date` timestamp NOT NULL,
  `user_id` int(11) NOT NULL,
  PRIMARY KEY (`id`),
  KEY `edition_fk` (`edition_id`),
  KEY `user_sub_fk` (`user_id`),
  CONSTRAINT `edition_fk` FOREIGN KEY (`edition_id`) REFERENCES `edition` (`id`),
  CONSTRAINT `user_sub_fk` FOREIGN KEY (`user_id`) REFERENCES `user` (`id`)
) ENGINE=InnoDB AUTO_INCREMENT=1001 DEFAULT CHARSET=utf8;
/*!40101 SET character_set_client = @saved_cs_client */;

--
-- Dumping data for table `subscription`
--
-- ORDER BY:  `id`

LOCK TABLES `subscription` WRITE;
/*!40000 ALTER TABLE `subscription` DISABLE KEYS */;
INSERT INTO `subscription` VALUES (1,184,'2020-01-12 21:00:00','2020-12-05 21:00:00',72),(2,41,'2019-06-02 21:00:00','2020-12-05 21:00:00',428),(3,386,'2019-06-07 21:00:00','2020-07-24 21:00:00',291),(4,50,'2019-06-28 21:00:00','2020-12-14 21:00:00',143),(5,572,'2019-08-28 21:00:00','2020-05-18 21:00:00',759),(6,471,'2019-05-10 21:00:00','2021-01-11 21:00:00',475),(7,131,'2020-01-12 21:00:00','2020-04-07 21:00:00',944),(8,642,'2019-11-03 21:00:00','2020-04-11 21:00:00',15),(9,647,'2019-06-15 21:00:00','2020-07-06 21:00:00',371),(10,113,'2019-09-15 21:00:00','2020-12-24 21:00:00',317),(11,534,'2019-09-09 21:00:00','2020-12-24 21:00:00',271),(12,591,'2019-05-29 21:00:00','2020-11-14 21:00:00',470),(13,700,'2019-06-24 21:00:00','2020-11-10 21:00:00',148),(14,88,'2019-08-13 21:00:00','2020-06-26 21:00:00',567),(15,595,'2019-03-12 21:00:00','2020-09-14 21:00:00',648),(16,567,'2019-08-21 21:00:00','2020-06-28 21:00:00',537),(17,551,'2019-07-26 21:00:00','2021-02-10 21:00:00',253),(18,664,'2019-03-04 21:00:00','2020-09-27 21:00:00',759),(19,313,'2019-06-03 21:00:00','2021-01-21 21:00:00',405),(20,333,'2019-02-28 21:00:00','2021-01-17 21:00:00',905),(21,163,'2019-11-09 21:00:00','2020-08-12 21:00:00',657),(22,377,'2019-12-04 21:00:00','2020-03-24 21:00:00',774),(23,705,'2019-10-03 21:00:00','2020-07-11 21:00:00',6),(24,593,'2019-11-25 21:00:00','2020-10-22 21:00:00',342),(25,729,'2019-08-26 21:00:00','2020-06-11 21:00:00',731),(26,390,'2019-11-27 21:00:00','2020-04-30 21:00:00',343),(27,396,'2019-08-22 21:00:00','2020-08-02 21:00:00',541),(28,204,'2019-05-06 21:00:00','2020-10-17 21:00:00',932),(29,647,'2019-03-07 21:00:00','2020-08-13 21:00:00',430),(30,350,'2019-12-13 21:00:00','2020-10-29 21:00:00',916),(31,201,'2019-11-15 21:00:00','2020-12-05 21:00:00',893),(32,664,'2019-04-02 21:00:00','2020-06-04 21:00:00',266),(33,639,'2019-12-14 21:00:00','2020-06-04 21:00:00',914),(34,367,'2019-11-26 21:00:00','2021-02-05 21:00:00',260),(35,68,'2019-07-10 21:00:00','2020-12-16 21:00:00',693),(36,650,'2019-11-17 21:00:00','2020-10-29 21:00:00',783),(37,204,'2019-09-26 21:00:00','2020-08-23 21:00:00',355),(38,273,'2019-10-10 21:00:00','2020-10-29 21:00:00',766),(39,389,'2019-03-31 21:00:00','2020-04-16 21:00:00',131),(40,77,'2019-02-14 21:00:00','2020-07-01 21:00:00',595),(41,650,'2019-03-12 21:00:00','2020-06-29 21:00:00',677),(42,533,'2019-06-18 21:00:00','2020-10-23 21:00:00',382),(43,472,'2019-03-12 21:00:00','2020-07-28 21:00:00',658),(44,373,'2019-12-28 21:00:00','2020-05-01 21:00:00',996),(45,418,'2019-09-16 21:00:00','2020-08-14 21:00:00',661),(46,314,'2019-08-21 21:00:00','2020-09-26 21:00:00',811),(47,206,'2019-05-10 21:00:00','2020-11-22 21:00:00',192),(48,586,'2019-12-07 21:00:00','2020-06-22 21:00:00',960),(49,334,'2019-11-16 21:00:00','2020-09-08 21:00:00',301),(50,692,'2019-06-05 21:00:00','2020-07-25 21:00:00',7),(51,254,'2019-05-13 21:00:00','2020-12-31 21:00:00',70),(52,587,'2019-05-13 21:00:00','2020-08-28 21:00:00',784),(53,508,'2019-08-08 21:00:00','2020-12-13 21:00:00',904),(54,580,'2019-09-17 21:00:00','2020-08-14 21:00:00',287),(55,580,'2019-11-12 21:00:00','2020-07-07 21:00:00',104),(56,395,'2019-06-08 21:00:00','2021-02-11 21:00:00',812),(57,238,'2019-06-24 21:00:00','2020-05-31 21:00:00',924),(58,288,'2020-01-13 21:00:00','2020-09-13 21:00:00',138),(59,286,'2019-10-16 21:00:00','2020-05-13 21:00:00',814),(60,51,'2019-07-03 21:00:00','2020-04-30 21:00:00',755),(61,653,'2019-07-24 21:00:00','2021-01-11 21:00:00',832),(62,467,'2019-09-26 21:00:00','2020-08-22 21:00:00',100),(63,472,'2019-05-03 21:00:00','2020-11-24 21:00:00',702),(64,312,'2019-12-16 21:00:00','2020-09-07 21:00:00',780),(65,548,'2019-07-15 21:00:00','2020-09-13 21:00:00',60),(66,141,'2019-12-24 21:00:00','2020-10-28 21:00:00',699),(67,259,'2019-11-30 21:00:00','2020-11-02 21:00:00',644),(68,241,'2019-11-07 21:00:00','2020-10-28 21:00:00',796),(69,385,'2019-11-06 21:00:00','2020-03-22 21:00:00',611),(70,298,'2019-05-09 21:00:00','2020-04-17 21:00:00',920),(71,417,'2019-06-06 21:00:00','2020-03-27 21:00:00',301),(72,254,'2019-11-15 21:00:00','2020-06-01 21:00:00',148),(73,657,'2019-12-25 21:00:00','2020-08-19 21:00:00',776),(74,480,'2019-05-27 21:00:00','2020-10-18 21:00:00',176),(75,463,'2019-11-21 21:00:00','2020-10-15 21:00:00',147),(76,397,'2019-06-28 21:00:00','2020-09-14 21:00:00',66),(77,284,'2019-05-23 21:00:00','2020-05-10 21:00:00',584),(78,739,'2020-01-07 21:00:00','2020-08-24 21:00:00',979),(79,123,'2019-11-07 21:00:00','2021-01-07 21:00:00',266),(80,122,'2019-04-29 21:00:00','2020-12-17 21:00:00',562),(81,305,'2019-03-08 21:00:00','2021-02-13 21:00:00',689),(82,540,'2019-10-23 21:00:00','2020-03-27 21:00:00',778),(83,356,'2019-07-11 21:00:00','2020-09-27 21:00:00',674),(84,24,'2020-01-02 21:00:00','2020-10-22 21:00:00',632),(85,367,'2019-12-07 21:00:00','2020-12-31 21:00:00',127),(86,395,'2019-12-07 21:00:00','2020-08-20 21:00:00',211),(87,319,'2019-05-12 21:00:00','2020-09-12 21:00:00',471),(88,579,'2019-04-17 21:00:00','2020-11-01 21:00:00',408),(89,328,'2019-12-05 21:00:00','2021-01-25 21:00:00',491),(90,610,'2019-04-11 21:00:00','2020-08-08 21:00:00',121),(91,261,'2019-08-04 21:00:00','2020-09-12 21:00:00',471),(92,270,'2019-06-20 21:00:00','2020-09-22 21:00:00',976),(93,308,'2019-12-22 21:00:00','2020-07-10 21:00:00',137),(94,445,'2019-10-13 21:00:00','2020-05-11 21:00:00',769),(95,539,'2019-12-08 21:00:00','2020-11-24 21:00:00',778),(96,570,'2019-05-12 21:00:00','2020-07-05 21:00:00',837),(97,556,'2019-04-13 21:00:00','2020-08-13 21:00:00',916),(98,536,'2019-10-16 21:00:00','2020-12-22 21:00:00',56),(99,110,'2019-04-16 21:00:00','2020-04-02 21:00:00',493),(100,555,'2019-12-04 21:00:00','2020-07-09 21:00:00',494),(101,398,'2019-10-14 21:00:00','2020-04-04 21:00:00',958),(102,152,'2019-02-23 21:00:00','2020-12-26 21:00:00',438),(103,72,'2019-04-24 21:00:00','2021-02-04 21:00:00',2),(104,346,'2019-08-12 21:00:00','2020-08-31 21:00:00',223),(105,302,'2019-04-16 21:00:00','2020-07-01 21:00:00',359),(106,517,'2019-12-24 21:00:00','2020-04-26 21:00:00',178),(107,501,'2019-07-04 21:00:00','2020-11-22 21:00:00',808),(108,583,'2019-04-14 21:00:00','2020-09-24 21:00:00',171),(109,224,'2019-08-11 21:00:00','2020-12-16 21:00:00',360),(110,259,'2019-03-17 21:00:00','2020-06-20 21:00:00',718),(111,172,'2019-03-29 21:00:00','2021-02-05 21:00:00',372),(112,466,'2019-07-12 21:00:00','2020-07-06 21:00:00',998),(113,638,'2019-10-20 21:00:00','2021-02-02 21:00:00',287),(114,476,'2019-10-16 21:00:00','2020-06-21 21:00:00',107),(115,23,'2019-06-08 21:00:00','2020-04-26 21:00:00',274),(116,531,'2019-06-26 21:00:00','2020-07-05 21:00:00',409),(117,275,'2019-04-20 21:00:00','2020-03-24 21:00:00',803),(118,703,'2019-09-24 21:00:00','2020-09-04 21:00:00',303),(119,552,'2019-09-21 21:00:00','2020-04-01 21:00:00',9),(120,359,'2019-12-01 21:00:00','2020-06-27 21:00:00',90),(121,155,'2019-10-29 21:00:00','2020-07-17 21:00:00',531),(122,372,'2019-03-18 21:00:00','2020-06-16 21:00:00',321),(123,230,'2019-08-10 21:00:00','2020-08-08 21:00:00',140),(124,532,'2019-02-17 21:00:00','2020-07-24 21:00:00',739),(125,420,'2019-10-15 21:00:00','2020-09-22 21:00:00',20),(126,318,'2019-08-09 21:00:00','2020-11-22 21:00:00',463),(127,579,'2019-06-01 21:00:00','2021-01-28 21:00:00',730),(128,519,'2019-09-13 21:00:00','2020-11-22 21:00:00',544),(129,266,'2019-05-25 21:00:00','2020-04-06 21:00:00',499),(130,380,'2019-02-20 21:00:00','2020-08-03 21:00:00',498),(131,565,'2019-09-10 21:00:00','2020-10-31 21:00:00',726),(132,72,'2019-08-17 21:00:00','2021-01-04 21:00:00',768),(133,634,'2019-12-04 21:00:00','2020-12-13 21:00:00',433),(134,173,'2019-04-12 21:00:00','2020-07-24 21:00:00',403),(135,266,'2019-03-10 21:00:00','2020-06-02 21:00:00',371),(136,38,'2019-05-04 21:00:00','2021-01-03 21:00:00',245),(137,704,'2019-03-26 21:00:00','2020-06-12 21:00:00',278),(138,131,'2019-11-06 21:00:00','2020-08-16 21:00:00',204),(139,630,'2019-08-16 21:00:00','2020-12-19 21:00:00',345),(140,204,'2019-11-20 21:00:00','2020-11-10 21:00:00',186),(141,432,'2019-12-30 21:00:00','2020-11-06 21:00:00',171),(142,54,'2019-02-14 21:00:00','2020-05-11 21:00:00',918),(143,402,'2019-03-03 21:00:00','2020-11-04 21:00:00',946),(144,185,'2020-01-08 21:00:00','2020-06-21 21:00:00',232),(145,326,'2019-05-17 21:00:00','2020-04-06 21:00:00',691),(146,531,'2019-03-27 21:00:00','2020-10-06 21:00:00',401),(147,299,'2019-08-07 21:00:00','2020-03-21 21:00:00',179),(148,333,'2019-08-13 21:00:00','2020-05-23 21:00:00',933),(149,707,'2019-05-06 21:00:00','2020-05-05 21:00:00',233),(150,590,'2019-09-15 21:00:00','2020-03-20 21:00:00',2),(151,402,'2019-12-13 21:00:00','2020-07-08 21:00:00',321),(152,663,'2020-01-12 21:00:00','2020-08-04 21:00:00',475),(153,334,'2019-09-16 21:00:00','2020-09-25 21:00:00',411),(154,459,'2019-06-17 21:00:00','2020-05-05 21:00:00',276),(155,369,'2019-05-15 21:00:00','2020-12-25 21:00:00',654),(156,506,'2019-08-13 21:00:00','2021-02-08 21:00:00',182),(157,694,'2019-08-03 21:00:00','2020-05-11 21:00:00',704),(158,470,'2019-07-09 21:00:00','2020-04-21 21:00:00',736),(159,195,'2019-05-14 21:00:00','2020-05-12 21:00:00',39),(160,635,'2019-06-11 21:00:00','2020-09-23 21:00:00',392),(161,674,'2019-09-21 21:00:00','2020-04-28 21:00:00',188),(162,6,'2019-06-30 21:00:00','2020-03-29 21:00:00',597),(163,151,'2019-10-03 21:00:00','2020-09-15 21:00:00',56),(164,659,'2019-10-15 21:00:00','2020-09-14 21:00:00',331),(165,148,'2019-06-05 21:00:00','2020-08-06 21:00:00',294),(166,59,'2019-09-08 21:00:00','2020-08-25 21:00:00',50),(167,439,'2019-10-15 21:00:00','2020-04-17 21:00:00',655),(168,545,'2019-03-20 21:00:00','2020-07-24 21:00:00',824),(169,330,'2019-09-25 21:00:00','2020-04-02 21:00:00',929),(170,295,'2019-06-23 21:00:00','2020-08-17 21:00:00',941),(171,278,'2020-01-09 21:00:00','2020-12-05 21:00:00',966),(172,175,'2019-10-13 21:00:00','2020-07-16 21:00:00',672),(173,637,'2019-10-20 21:00:00','2020-08-26 21:00:00',979),(174,514,'2019-05-07 21:00:00','2020-03-31 21:00:00',405),(175,151,'2019-08-20 21:00:00','2020-07-22 21:00:00',915),(176,230,'2019-10-15 21:00:00','2020-04-11 21:00:00',127),(177,326,'2019-03-27 21:00:00','2020-10-26 21:00:00',952),(178,585,'2019-10-31 21:00:00','2020-05-02 21:00:00',851),(179,485,'2019-08-09 21:00:00','2020-06-22 21:00:00',838),(180,610,'2019-03-30 21:00:00','2020-08-25 21:00:00',935),(181,329,'2019-03-04 21:00:00','2020-08-22 21:00:00',205),(182,347,'2019-02-25 21:00:00','2020-12-13 21:00:00',316),(183,567,'2019-05-27 21:00:00','2020-08-12 21:00:00',976),(184,154,'2019-11-19 21:00:00','2020-08-23 21:00:00',962),(185,166,'2019-06-16 21:00:00','2020-09-27 21:00:00',182),(186,324,'2019-06-12 21:00:00','2020-12-17 21:00:00',719),(187,19,'2019-04-29 21:00:00','2021-01-04 21:00:00',126),(188,642,'2019-08-06 21:00:00','2021-01-09 21:00:00',164),(189,690,'2019-09-25 21:00:00','2021-01-19 21:00:00',532),(190,316,'2019-07-07 21:00:00','2020-08-27 21:00:00',655),(191,135,'2019-03-06 21:00:00','2021-02-05 21:00:00',267),(192,1,'2019-03-10 21:00:00','2020-06-26 21:00:00',90),(193,550,'2019-03-04 21:00:00','2020-11-14 21:00:00',739),(194,624,'2019-07-03 21:00:00','2020-11-13 21:00:00',722),(195,595,'2019-06-02 21:00:00','2020-10-04 21:00:00',505),(196,103,'2019-02-24 21:00:00','2020-10-08 21:00:00',844),(197,506,'2019-10-02 21:00:00','2020-07-26 21:00:00',65),(198,610,'2019-05-22 21:00:00','2020-09-19 21:00:00',266),(199,284,'2019-04-10 21:00:00','2020-12-02 21:00:00',660),(200,402,'2019-07-29 21:00:00','2020-06-09 21:00:00',754),(201,537,'2019-04-21 21:00:00','2020-08-29 21:00:00',364),(202,554,'2019-03-05 21:00:00','2021-01-18 21:00:00',8),(203,103,'2019-03-30 21:00:00','2021-01-29 21:00:00',269),(204,408,'2019-12-23 21:00:00','2020-09-04 21:00:00',775),(205,639,'2019-02-23 21:00:00','2020-03-29 21:00:00',718),(206,23,'2019-04-16 21:00:00','2020-08-31 21:00:00',524),(207,103,'2019-06-12 21:00:00','2020-11-23 21:00:00',529),(208,29,'2019-10-10 21:00:00','2021-01-02 21:00:00',676),(209,320,'2019-08-14 21:00:00','2020-08-20 21:00:00',736),(210,675,'2019-06-28 21:00:00','2020-06-19 21:00:00',263),(211,266,'2019-09-27 21:00:00','2020-07-08 21:00:00',652),(212,649,'2019-03-29 21:00:00','2020-10-13 21:00:00',462),(213,231,'2019-12-23 21:00:00','2020-05-25 21:00:00',155),(214,527,'2019-10-23 21:00:00','2021-01-15 21:00:00',405),(215,625,'2019-05-17 21:00:00','2021-02-02 21:00:00',196),(216,658,'2019-11-01 21:00:00','2020-12-27 21:00:00',226),(217,625,'2019-05-29 21:00:00','2020-08-30 21:00:00',68),(218,524,'2019-03-27 21:00:00','2021-02-11 21:00:00',789),(219,703,'2019-02-18 21:00:00','2020-07-04 21:00:00',211),(220,97,'2019-11-20 21:00:00','2021-02-02 21:00:00',159),(221,50,'2019-05-08 21:00:00','2020-05-15 21:00:00',688),(222,137,'2019-03-27 21:00:00','2020-05-24 21:00:00',920),(223,77,'2019-03-10 21:00:00','2020-10-31 21:00:00',519),(224,109,'2019-09-29 21:00:00','2020-03-22 21:00:00',496),(225,547,'2019-07-01 21:00:00','2020-03-29 21:00:00',116),(226,210,'2019-03-20 21:00:00','2020-12-16 21:00:00',441),(227,101,'2019-03-18 21:00:00','2020-09-23 21:00:00',400),(228,594,'2019-05-26 21:00:00','2020-05-25 21:00:00',909),(229,146,'2019-09-17 21:00:00','2021-01-17 21:00:00',69),(230,545,'2019-04-03 21:00:00','2020-05-20 21:00:00',716),(231,269,'2019-08-12 21:00:00','2020-04-19 21:00:00',359),(232,327,'2019-07-15 21:00:00','2020-08-01 21:00:00',734),(233,369,'2019-09-01 21:00:00','2021-01-14 21:00:00',523),(234,54,'2019-05-11 21:00:00','2020-07-12 21:00:00',99),(235,364,'2019-11-21 21:00:00','2020-06-09 21:00:00',809),(236,390,'2019-03-20 21:00:00','2020-07-28 21:00:00',868),(237,132,'2019-03-15 21:00:00','2020-11-12 21:00:00',94),(238,2,'2019-11-11 21:00:00','2020-05-07 21:00:00',701),(239,442,'2019-03-12 21:00:00','2020-09-13 21:00:00',627),(240,411,'2019-02-23 21:00:00','2020-12-10 21:00:00',611),(241,544,'2019-06-06 21:00:00','2020-12-01 21:00:00',610),(242,87,'2019-11-11 21:00:00','2020-03-23 21:00:00',336),(243,496,'2019-09-17 21:00:00','2020-07-07 21:00:00',324),(244,474,'2019-04-14 21:00:00','2020-11-15 21:00:00',862),(245,590,'2019-02-28 21:00:00','2021-02-11 21:00:00',213),(246,95,'2019-10-04 21:00:00','2020-08-18 21:00:00',542),(247,68,'2019-04-06 21:00:00','2020-09-23 21:00:00',158),(248,482,'2019-04-09 21:00:00','2020-09-12 21:00:00',51),(249,694,'2019-07-16 21:00:00','2020-08-05 21:00:00',992),(250,150,'2019-07-12 21:00:00','2020-03-21 21:00:00',563),(251,49,'2019-06-08 21:00:00','2020-09-06 21:00:00',543),(252,139,'2019-12-16 21:00:00','2020-07-31 21:00:00',83),(253,352,'2019-10-02 21:00:00','2020-10-29 21:00:00',355),(254,63,'2019-03-29 21:00:00','2021-01-25 21:00:00',733),(255,466,'2020-01-07 21:00:00','2020-06-18 21:00:00',446),(256,339,'2019-08-06 21:00:00','2020-10-13 21:00:00',471),(257,232,'2019-04-14 21:00:00','2020-07-20 21:00:00',625),(258,309,'2019-06-18 21:00:00','2020-04-18 21:00:00',348),(259,235,'2019-03-07 21:00:00','2020-11-30 21:00:00',770),(260,382,'2019-10-15 21:00:00','2020-10-11 21:00:00',826),(261,418,'2019-10-09 21:00:00','2020-08-04 21:00:00',785),(262,704,'2019-10-29 21:00:00','2020-11-15 21:00:00',24),(263,654,'2019-03-23 21:00:00','2020-11-13 21:00:00',474),(264,16,'2019-07-29 21:00:00','2020-04-04 21:00:00',938),(265,139,'2019-04-30 21:00:00','2020-09-18 21:00:00',25),(266,685,'2019-05-25 21:00:00','2020-12-06 21:00:00',629),(267,83,'2019-07-02 21:00:00','2020-07-06 21:00:00',79),(268,264,'2019-03-13 21:00:00','2020-06-22 21:00:00',155),(269,126,'2019-11-28 21:00:00','2020-08-28 21:00:00',699),(270,48,'2019-09-19 21:00:00','2021-02-04 21:00:00',771),(271,391,'2019-11-29 21:00:00','2020-06-11 21:00:00',515),(272,118,'2020-01-01 21:00:00','2020-04-28 21:00:00',89),(273,554,'2019-11-04 21:00:00','2020-10-01 21:00:00',387),(274,279,'2019-08-13 21:00:00','2020-08-11 21:00:00',338),(275,137,'2019-04-06 21:00:00','2020-12-04 21:00:00',368),(276,590,'2019-09-29 21:00:00','2020-06-29 21:00:00',277),(277,174,'2019-04-23 21:00:00','2020-05-05 21:00:00',794),(278,426,'2019-05-29 21:00:00','2021-01-25 21:00:00',399),(279,458,'2019-09-20 21:00:00','2020-08-01 21:00:00',476),(280,606,'2020-01-05 21:00:00','2020-12-14 21:00:00',408),(281,326,'2019-03-23 21:00:00','2020-11-05 21:00:00',793),(282,306,'2019-10-02 21:00:00','2020-05-25 21:00:00',491),(283,572,'2019-04-23 21:00:00','2020-10-10 21:00:00',660),(284,9,'2019-03-30 21:00:00','2021-01-06 21:00:00',588),(285,449,'2019-12-04 21:00:00','2020-12-14 21:00:00',661),(286,569,'2019-05-14 21:00:00','2020-11-20 21:00:00',389),(287,632,'2019-03-15 21:00:00','2020-09-22 21:00:00',672),(288,436,'2019-04-26 21:00:00','2020-06-17 21:00:00',895),(289,56,'2020-01-03 21:00:00','2020-03-22 21:00:00',164),(290,631,'2019-07-25 21:00:00','2020-12-05 21:00:00',905),(291,462,'2019-11-07 21:00:00','2020-05-17 21:00:00',10),(292,417,'2019-11-04 21:00:00','2020-04-03 21:00:00',810),(293,192,'2019-02-14 21:00:00','2020-08-06 21:00:00',445),(294,218,'2019-11-07 21:00:00','2021-01-29 21:00:00',253),(295,326,'2019-12-04 21:00:00','2020-06-10 21:00:00',932),(296,140,'2019-03-14 21:00:00','2020-06-04 21:00:00',225),(297,324,'2019-10-09 21:00:00','2020-06-12 21:00:00',840),(298,60,'2019-06-16 21:00:00','2020-08-15 21:00:00',641),(299,164,'2019-09-16 21:00:00','2020-07-01 21:00:00',536),(300,161,'2019-03-13 21:00:00','2020-09-29 21:00:00',36),(301,459,'2019-05-03 21:00:00','2021-02-12 21:00:00',425),(302,66,'2019-03-17 21:00:00','2021-02-13 21:00:00',728),(303,201,'2019-05-07 21:00:00','2020-07-08 21:00:00',411),(304,234,'2019-02-20 21:00:00','2021-02-07 21:00:00',284),(305,115,'2019-04-02 21:00:00','2020-11-07 21:00:00',530),(306,614,'2019-09-01 21:00:00','2020-11-17 21:00:00',264),(307,694,'2019-03-16 21:00:00','2020-04-21 21:00:00',780),(308,114,'2019-08-26 21:00:00','2020-05-16 21:00:00',855),(309,103,'2019-03-10 21:00:00','2020-09-07 21:00:00',550),(310,50,'2019-02-16 21:00:00','2020-08-06 21:00:00',384),(311,513,'2019-07-23 21:00:00','2020-08-02 21:00:00',608),(312,529,'2019-09-22 21:00:00','2020-07-04 21:00:00',862),(313,73,'2019-06-26 21:00:00','2020-12-05 21:00:00',917),(314,700,'2019-11-11 21:00:00','2020-08-30 21:00:00',570),(315,695,'2019-05-23 21:00:00','2020-09-11 21:00:00',780),(316,354,'2019-10-20 21:00:00','2020-10-30 21:00:00',455),(317,390,'2019-06-09 21:00:00','2020-11-08 21:00:00',313),(318,279,'2019-06-26 21:00:00','2020-06-12 21:00:00',755),(319,331,'2019-12-05 21:00:00','2020-04-27 21:00:00',148),(320,59,'2019-11-03 21:00:00','2020-10-22 21:00:00',843),(321,471,'2019-11-27 21:00:00','2020-04-28 21:00:00',467),(322,658,'2019-07-27 21:00:00','2020-04-05 21:00:00',938),(323,551,'2019-06-07 21:00:00','2020-06-15 21:00:00',617),(324,87,'2019-12-01 21:00:00','2020-05-30 21:00:00',284),(325,384,'2019-07-21 21:00:00','2020-09-25 21:00:00',119),(326,173,'2019-10-01 21:00:00','2020-12-13 21:00:00',883),(327,694,'2019-08-10 21:00:00','2021-01-04 21:00:00',808),(328,490,'2019-04-23 21:00:00','2020-10-17 21:00:00',783),(329,94,'2020-01-03 21:00:00','2020-04-10 21:00:00',361),(330,250,'2019-04-24 21:00:00','2020-05-13 21:00:00',414),(331,8,'2019-10-09 21:00:00','2020-11-28 21:00:00',578),(332,27,'2019-03-28 21:00:00','2020-11-16 21:00:00',113),(333,114,'2020-01-04 21:00:00','2020-07-03 21:00:00',778),(334,527,'2019-12-05 21:00:00','2020-07-09 21:00:00',818),(335,662,'2019-07-24 21:00:00','2020-05-24 21:00:00',909),(336,613,'2019-07-04 21:00:00','2020-05-11 21:00:00',295),(337,129,'2020-01-04 21:00:00','2020-11-04 21:00:00',765),(338,536,'2019-03-03 21:00:00','2020-03-22 21:00:00',996),(339,233,'2019-07-15 21:00:00','2020-09-14 21:00:00',440),(340,320,'2019-11-01 21:00:00','2021-01-11 21:00:00',532),(341,113,'2019-07-24 21:00:00','2020-06-12 21:00:00',154),(342,25,'2019-02-22 21:00:00','2020-08-25 21:00:00',117),(343,43,'2019-10-28 21:00:00','2020-12-03 21:00:00',454),(344,181,'2019-03-16 21:00:00','2020-06-07 21:00:00',897),(345,713,'2019-08-30 21:00:00','2020-09-01 21:00:00',20),(346,691,'2019-05-21 21:00:00','2020-06-15 21:00:00',93),(347,263,'2019-11-24 21:00:00','2020-05-17 21:00:00',677),(348,684,'2019-04-23 21:00:00','2021-01-23 21:00:00',361),(349,484,'2019-04-11 21:00:00','2020-09-06 21:00:00',868),(350,52,'2019-04-25 21:00:00','2020-11-06 21:00:00',94),(351,453,'2019-05-12 21:00:00','2020-11-30 21:00:00',90),(352,461,'2019-08-30 21:00:00','2020-07-11 21:00:00',518),(353,722,'2019-07-06 21:00:00','2020-07-26 21:00:00',149),(354,210,'2019-04-28 21:00:00','2020-06-18 21:00:00',696),(355,212,'2019-06-14 21:00:00','2020-12-22 21:00:00',414),(356,446,'2019-05-23 21:00:00','2020-11-28 21:00:00',553),(357,554,'2019-06-10 21:00:00','2020-09-30 21:00:00',967),(358,158,'2019-10-17 21:00:00','2020-03-26 21:00:00',446),(359,63,'2019-12-01 21:00:00','2020-07-07 21:00:00',17),(360,427,'2019-05-26 21:00:00','2020-12-06 21:00:00',326),(361,637,'2019-10-02 21:00:00','2020-12-31 21:00:00',775),(362,523,'2019-07-29 21:00:00','2020-11-06 21:00:00',75),(363,728,'2019-04-26 21:00:00','2020-04-23 21:00:00',943),(364,116,'2019-10-13 21:00:00','2020-11-11 21:00:00',900),(365,415,'2019-05-10 21:00:00','2020-12-28 21:00:00',631),(366,543,'2019-07-19 21:00:00','2021-01-23 21:00:00',312),(367,105,'2019-04-10 21:00:00','2020-10-30 21:00:00',7),(368,314,'2020-01-08 21:00:00','2021-01-12 21:00:00',224),(369,76,'2019-04-25 21:00:00','2020-04-07 21:00:00',115),(370,137,'2019-08-06 21:00:00','2020-07-10 21:00:00',639),(371,301,'2019-12-27 21:00:00','2020-09-25 21:00:00',932),(372,651,'2019-09-04 21:00:00','2020-09-29 21:00:00',558),(373,669,'2019-04-22 21:00:00','2020-05-13 21:00:00',849),(374,51,'2019-06-12 21:00:00','2020-05-12 21:00:00',216),(375,273,'2019-06-12 21:00:00','2020-09-02 21:00:00',915),(376,92,'2019-05-14 21:00:00','2020-11-22 21:00:00',432),(377,498,'2020-01-12 21:00:00','2021-01-25 21:00:00',739),(378,566,'2019-07-27 21:00:00','2020-04-03 21:00:00',404),(379,43,'2019-09-13 21:00:00','2020-12-29 21:00:00',422),(380,426,'2019-12-27 21:00:00','2020-10-26 21:00:00',772),(381,575,'2019-10-28 21:00:00','2020-07-29 21:00:00',945),(382,240,'2019-09-22 21:00:00','2020-09-03 21:00:00',78),(383,459,'2019-10-22 21:00:00','2020-09-18 21:00:00',565),(384,165,'2019-09-19 21:00:00','2020-11-30 21:00:00',530),(385,618,'2019-09-12 21:00:00','2020-06-19 21:00:00',893),(386,646,'2019-07-31 21:00:00','2020-12-03 21:00:00',210),(387,551,'2019-06-10 21:00:00','2020-07-14 21:00:00',136),(388,235,'2019-10-10 21:00:00','2020-10-18 21:00:00',36),(389,347,'2019-09-04 21:00:00','2020-09-29 21:00:00',602),(390,159,'2019-11-18 21:00:00','2021-01-09 21:00:00',319),(391,652,'2020-01-08 21:00:00','2021-02-03 21:00:00',787),(392,732,'2019-08-12 21:00:00','2020-09-28 21:00:00',368),(393,282,'2019-11-15 21:00:00','2020-08-21 21:00:00',21),(394,498,'2019-12-27 21:00:00','2020-04-26 21:00:00',384),(395,317,'2019-06-29 21:00:00','2020-09-05 21:00:00',956),(396,199,'2019-12-05 21:00:00','2020-09-26 21:00:00',598),(397,21,'2019-02-23 21:00:00','2020-03-23 21:00:00',302),(398,409,'2019-07-01 21:00:00','2020-12-11 21:00:00',284),(399,502,'2019-12-30 21:00:00','2020-03-25 21:00:00',320),(400,66,'2019-08-23 21:00:00','2020-11-09 21:00:00',442),(401,413,'2019-11-30 21:00:00','2020-04-21 21:00:00',537),(402,140,'2019-11-08 21:00:00','2020-10-08 21:00:00',272),(403,616,'2019-05-24 21:00:00','2020-12-22 21:00:00',89),(404,680,'2019-05-18 21:00:00','2020-04-07 21:00:00',336),(405,445,'2019-12-20 21:00:00','2020-10-05 21:00:00',948),(406,148,'2019-04-18 21:00:00','2020-04-12 21:00:00',718),(407,737,'2019-05-07 21:00:00','2020-08-03 21:00:00',357),(408,249,'2019-11-12 21:00:00','2020-09-20 21:00:00',678),(409,203,'2019-11-25 21:00:00','2021-01-04 21:00:00',7),(410,439,'2019-11-06 21:00:00','2021-02-13 21:00:00',999),(411,7,'2019-08-05 21:00:00','2020-11-24 21:00:00',233),(412,465,'2019-07-07 21:00:00','2020-04-28 21:00:00',390),(413,672,'2020-01-05 21:00:00','2020-06-09 21:00:00',986),(414,592,'2019-11-20 21:00:00','2020-06-21 21:00:00',492),(415,288,'2019-05-27 21:00:00','2020-10-18 21:00:00',792),(416,271,'2019-09-28 21:00:00','2020-07-03 21:00:00',845),(417,19,'2020-01-11 21:00:00','2020-05-27 21:00:00',415),(418,72,'2019-11-07 21:00:00','2021-02-07 21:00:00',616),(419,130,'2019-04-25 21:00:00','2020-08-19 21:00:00',687),(420,221,'2019-05-21 21:00:00','2021-01-28 21:00:00',574),(421,340,'2019-03-10 21:00:00','2020-12-23 21:00:00',825),(422,440,'2019-10-22 21:00:00','2020-12-15 21:00:00',625),(423,505,'2019-05-02 21:00:00','2020-05-02 21:00:00',251),(424,205,'2019-07-21 21:00:00','2020-07-02 21:00:00',514),(425,262,'2019-08-04 21:00:00','2021-01-18 21:00:00',252),(426,488,'2019-10-19 21:00:00','2020-10-29 21:00:00',354),(427,160,'2019-11-23 21:00:00','2020-12-05 21:00:00',543),(428,46,'2019-02-27 21:00:00','2020-06-04 21:00:00',47),(429,497,'2019-06-10 21:00:00','2021-01-25 21:00:00',157),(430,22,'2019-04-21 21:00:00','2020-12-20 21:00:00',860),(431,304,'2019-02-26 21:00:00','2020-09-21 21:00:00',365),(432,386,'2019-07-11 21:00:00','2020-12-20 21:00:00',974),(433,482,'2019-08-31 21:00:00','2020-11-17 21:00:00',625),(434,1,'2019-06-18 21:00:00','2020-07-06 21:00:00',624),(435,333,'2019-05-29 21:00:00','2021-01-01 21:00:00',402),(436,405,'2019-03-06 21:00:00','2020-07-16 21:00:00',51),(437,546,'2019-09-26 21:00:00','2020-04-06 21:00:00',573),(438,438,'2019-07-01 21:00:00','2020-09-24 21:00:00',792),(439,204,'2019-03-11 21:00:00','2020-11-23 21:00:00',354),(440,574,'2019-09-21 21:00:00','2020-03-27 21:00:00',640),(441,334,'2019-10-29 21:00:00','2020-07-27 21:00:00',755),(442,302,'2019-08-11 21:00:00','2020-10-05 21:00:00',879),(443,692,'2019-09-17 21:00:00','2020-09-25 21:00:00',750),(444,195,'2019-04-30 21:00:00','2021-01-09 21:00:00',162),(445,238,'2019-07-05 21:00:00','2020-05-07 21:00:00',644),(446,532,'2019-08-08 21:00:00','2020-04-12 21:00:00',901),(447,645,'2019-07-07 21:00:00','2020-06-14 21:00:00',467),(448,247,'2019-09-14 21:00:00','2020-05-03 21:00:00',507),(449,10,'2019-11-22 21:00:00','2020-05-21 21:00:00',934),(450,631,'2019-02-16 21:00:00','2020-10-22 21:00:00',398),(451,210,'2019-06-22 21:00:00','2020-07-14 21:00:00',480),(452,721,'2019-04-27 21:00:00','2020-07-17 21:00:00',480),(453,69,'2019-12-02 21:00:00','2021-01-01 21:00:00',264),(454,716,'2019-08-18 21:00:00','2021-01-31 21:00:00',358),(455,552,'2019-03-20 21:00:00','2021-02-11 21:00:00',971),(456,313,'2019-12-24 21:00:00','2020-11-20 21:00:00',316),(457,86,'2019-02-14 21:00:00','2020-09-09 21:00:00',256),(458,369,'2019-09-06 21:00:00','2020-04-30 21:00:00',514),(459,570,'2019-05-17 21:00:00','2020-12-27 21:00:00',992),(460,203,'2019-12-09 21:00:00','2020-12-27 21:00:00',5),(461,664,'2019-07-18 21:00:00','2021-01-15 21:00:00',115),(462,228,'2019-06-17 21:00:00','2020-07-09 21:00:00',737),(463,294,'2019-10-16 21:00:00','2021-01-09 21:00:00',620),(464,199,'2019-09-25 21:00:00','2020-06-21 21:00:00',982),(465,122,'2019-05-12 21:00:00','2020-06-06 21:00:00',591),(466,157,'2019-11-16 21:00:00','2021-02-13 21:00:00',373),(467,261,'2019-07-04 21:00:00','2020-05-29 21:00:00',906),(468,169,'2019-09-12 21:00:00','2020-12-23 21:00:00',317),(469,415,'2019-05-20 21:00:00','2020-10-05 21:00:00',771),(470,197,'2019-12-19 21:00:00','2020-12-14 21:00:00',900),(471,520,'2019-04-06 21:00:00','2020-08-20 21:00:00',960),(472,383,'2019-10-26 21:00:00','2020-07-10 21:00:00',874),(473,184,'2019-06-28 21:00:00','2020-09-05 21:00:00',141),(474,36,'2019-05-27 21:00:00','2020-10-26 21:00:00',395),(475,217,'2019-06-23 21:00:00','2020-04-22 21:00:00',212),(476,3,'2019-09-01 21:00:00','2020-10-04 21:00:00',579),(477,665,'2019-05-31 21:00:00','2020-04-02 21:00:00',407),(478,631,'2019-04-02 21:00:00','2020-04-27 21:00:00',862),(479,656,'2019-07-10 21:00:00','2020-11-05 21:00:00',924),(480,636,'2019-12-15 21:00:00','2020-05-23 21:00:00',464),(481,251,'2019-08-09 21:00:00','2020-10-06 21:00:00',629),(482,732,'2019-07-26 21:00:00','2020-04-06 21:00:00',876),(483,456,'2019-03-04 21:00:00','2020-12-18 21:00:00',786),(484,163,'2019-04-24 21:00:00','2020-06-14 21:00:00',899),(485,544,'2019-12-07 21:00:00','2020-11-12 21:00:00',678),(486,737,'2019-05-14 21:00:00','2020-09-21 21:00:00',817),(487,345,'2019-11-01 21:00:00','2020-04-01 21:00:00',457),(488,33,'2019-10-20 21:00:00','2020-03-20 21:00:00',114),(489,657,'2019-11-24 21:00:00','2020-10-29 21:00:00',386),(490,685,'2019-12-09 21:00:00','2020-12-10 21:00:00',233),(491,144,'2019-02-24 21:00:00','2020-08-06 21:00:00',637),(492,348,'2019-08-15 21:00:00','2020-06-19 21:00:00',336),(493,605,'2019-04-23 21:00:00','2020-03-25 21:00:00',585),(494,542,'2019-02-26 21:00:00','2020-07-25 21:00:00',483),(495,139,'2019-09-22 21:00:00','2020-04-16 21:00:00',325),(496,273,'2019-11-25 21:00:00','2020-07-14 21:00:00',600),(497,395,'2019-10-06 21:00:00','2020-12-06 21:00:00',983),(498,288,'2019-02-26 21:00:00','2020-04-20 21:00:00',606),(499,601,'2019-08-26 21:00:00','2020-09-26 21:00:00',448),(500,443,'2019-08-14 21:00:00','2021-01-15 21:00:00',543),(501,63,'2020-01-04 21:00:00','2020-11-23 21:00:00',935),(502,296,'2019-10-15 21:00:00','2020-03-17 21:00:00',419),(503,655,'2019-04-18 21:00:00','2020-10-08 21:00:00',311),(504,184,'2019-09-27 21:00:00','2021-02-02 21:00:00',982),(505,119,'2019-08-27 21:00:00','2020-07-08 21:00:00',75),(506,102,'2019-12-12 21:00:00','2020-12-10 21:00:00',199),(507,667,'2019-02-14 21:00:00','2021-02-07 21:00:00',547),(508,263,'2019-04-12 21:00:00','2021-02-01 21:00:00',320),(509,671,'2019-09-05 21:00:00','2020-09-29 21:00:00',776),(510,516,'2019-06-24 21:00:00','2020-10-10 21:00:00',547),(511,523,'2019-03-31 21:00:00','2020-06-20 21:00:00',28),(512,316,'2019-04-08 21:00:00','2020-08-04 21:00:00',171),(513,704,'2019-02-23 21:00:00','2021-01-30 21:00:00',965),(514,274,'2019-10-08 21:00:00','2020-04-17 21:00:00',935),(515,389,'2019-10-11 21:00:00','2020-03-17 21:00:00',158),(516,252,'2019-12-07 21:00:00','2020-07-17 21:00:00',122),(517,691,'2019-12-11 21:00:00','2021-01-15 21:00:00',151),(518,104,'2019-07-10 21:00:00','2020-09-30 21:00:00',232),(519,68,'2019-08-02 21:00:00','2020-05-20 21:00:00',57),(520,601,'2019-10-23 21:00:00','2020-05-01 21:00:00',615),(521,607,'2019-12-27 21:00:00','2020-04-02 21:00:00',70),(522,497,'2019-04-01 21:00:00','2020-11-22 21:00:00',950),(523,519,'2019-10-20 21:00:00','2020-06-09 21:00:00',222),(524,412,'2019-06-30 21:00:00','2020-12-30 21:00:00',624),(525,671,'2019-09-01 21:00:00','2021-01-06 21:00:00',911),(526,229,'2019-09-14 21:00:00','2020-04-06 21:00:00',238),(527,362,'2019-11-10 21:00:00','2020-12-13 21:00:00',233),(528,133,'2019-08-02 21:00:00','2020-06-10 21:00:00',606),(529,247,'2019-09-01 21:00:00','2020-08-12 21:00:00',856),(530,420,'2019-08-09 21:00:00','2021-01-03 21:00:00',99),(531,375,'2019-06-16 21:00:00','2020-07-13 21:00:00',582),(532,708,'2019-11-20 21:00:00','2020-12-06 21:00:00',726),(533,297,'2019-08-01 21:00:00','2020-04-04 21:00:00',337),(534,188,'2019-12-26 21:00:00','2020-08-27 21:00:00',571),(535,548,'2019-11-06 21:00:00','2020-04-22 21:00:00',475),(536,307,'2019-12-13 21:00:00','2020-04-03 21:00:00',780),(537,363,'2019-08-16 21:00:00','2020-03-16 21:00:00',931),(538,289,'2019-12-15 21:00:00','2020-09-13 21:00:00',875),(539,698,'2019-10-03 21:00:00','2020-12-02 21:00:00',848),(540,711,'2019-07-05 21:00:00','2020-04-27 21:00:00',145),(541,117,'2019-12-08 21:00:00','2020-12-02 21:00:00',787),(542,375,'2019-04-09 21:00:00','2020-10-28 21:00:00',953),(543,135,'2019-08-27 21:00:00','2020-11-22 21:00:00',680),(544,30,'2019-12-11 21:00:00','2020-04-03 21:00:00',230),(545,704,'2019-10-24 21:00:00','2020-06-17 21:00:00',664),(546,562,'2019-07-09 21:00:00','2020-03-21 21:00:00',598),(547,24,'2019-06-30 21:00:00','2020-09-27 21:00:00',542),(548,20,'2019-11-24 21:00:00','2020-10-08 21:00:00',810),(549,602,'2019-07-19 21:00:00','2020-04-19 21:00:00',791),(550,321,'2019-12-09 21:00:00','2020-04-26 21:00:00',951),(551,497,'2019-06-11 21:00:00','2020-11-01 21:00:00',222),(552,675,'2019-12-13 21:00:00','2020-09-10 21:00:00',906),(553,126,'2019-04-18 21:00:00','2020-06-24 21:00:00',604),(554,655,'2019-07-01 21:00:00','2020-11-18 21:00:00',996),(555,616,'2019-02-24 21:00:00','2020-04-26 21:00:00',357),(556,711,'2019-11-26 21:00:00','2020-06-22 21:00:00',909),(557,198,'2019-04-07 21:00:00','2020-12-12 21:00:00',300),(558,326,'2019-03-12 21:00:00','2020-11-24 21:00:00',956),(559,669,'2019-06-20 21:00:00','2020-12-29 21:00:00',806),(560,699,'2019-07-01 21:00:00','2020-12-25 21:00:00',207),(561,73,'2019-08-26 21:00:00','2020-11-05 21:00:00',450),(562,358,'2019-10-28 21:00:00','2020-11-15 21:00:00',241),(563,326,'2019-05-21 21:00:00','2020-05-09 21:00:00',88),(564,4,'2019-02-25 21:00:00','2020-06-02 21:00:00',349),(565,296,'2019-05-04 21:00:00','2020-10-11 21:00:00',829),(566,419,'2019-12-17 21:00:00','2020-03-21 21:00:00',606),(567,705,'2019-12-19 21:00:00','2020-12-01 21:00:00',883),(568,468,'2019-07-27 21:00:00','2020-12-30 21:00:00',648),(569,130,'2019-05-17 21:00:00','2020-12-16 21:00:00',171),(570,476,'2019-10-05 21:00:00','2020-08-31 21:00:00',464),(571,429,'2019-10-10 21:00:00','2020-10-22 21:00:00',36),(572,498,'2019-12-21 21:00:00','2020-06-01 21:00:00',758),(573,21,'2019-06-11 21:00:00','2021-02-01 21:00:00',255),(574,85,'2019-05-14 21:00:00','2020-06-18 21:00:00',925),(575,47,'2019-05-23 21:00:00','2020-08-26 21:00:00',797),(576,230,'2019-07-17 21:00:00','2020-06-26 21:00:00',344),(577,654,'2019-07-11 21:00:00','2020-10-24 21:00:00',506),(578,627,'2019-10-18 21:00:00','2020-09-02 21:00:00',532),(579,645,'2019-08-23 21:00:00','2021-01-09 21:00:00',296),(580,504,'2019-04-01 21:00:00','2020-12-13 21:00:00',37),(581,365,'2019-03-04 21:00:00','2020-08-07 21:00:00',55),(582,128,'2019-03-10 21:00:00','2020-03-31 21:00:00',58),(583,502,'2019-04-22 21:00:00','2020-09-26 21:00:00',743),(584,654,'2019-04-07 21:00:00','2020-08-13 21:00:00',862),(585,163,'2019-05-18 21:00:00','2020-04-22 21:00:00',327),(586,316,'2019-05-25 21:00:00','2020-08-27 21:00:00',968),(587,581,'2019-06-17 21:00:00','2020-06-09 21:00:00',562),(588,459,'2019-03-14 21:00:00','2020-04-05 21:00:00',879),(589,631,'2019-07-16 21:00:00','2020-08-08 21:00:00',640),(590,45,'2019-11-08 21:00:00','2020-12-29 21:00:00',199),(591,264,'2019-12-13 21:00:00','2020-05-23 21:00:00',346),(592,343,'2019-11-02 21:00:00','2020-11-19 21:00:00',800),(593,558,'2019-03-21 21:00:00','2020-11-12 21:00:00',845),(594,124,'2019-11-13 21:00:00','2020-10-17 21:00:00',187),(595,711,'2019-08-12 21:00:00','2020-09-07 21:00:00',925),(596,594,'2019-03-08 21:00:00','2020-09-29 21:00:00',260),(597,439,'2019-02-15 21:00:00','2020-12-02 21:00:00',24),(598,649,'2020-01-05 21:00:00','2020-03-31 21:00:00',996),(599,235,'2019-06-21 21:00:00','2021-01-26 21:00:00',460),(600,3,'2019-06-07 21:00:00','2020-12-29 21:00:00',902),(601,489,'2019-10-19 21:00:00','2020-08-23 21:00:00',981),(602,682,'2019-06-12 21:00:00','2020-09-04 21:00:00',719),(603,613,'2019-09-06 21:00:00','2020-07-25 21:00:00',85),(604,166,'2019-03-18 21:00:00','2020-07-03 21:00:00',540),(605,164,'2019-05-28 21:00:00','2020-09-14 21:00:00',114),(606,427,'2019-10-27 21:00:00','2020-07-23 21:00:00',462),(607,318,'2019-05-16 21:00:00','2020-07-06 21:00:00',132),(608,729,'2019-04-08 21:00:00','2020-08-26 21:00:00',200),(609,630,'2019-12-19 21:00:00','2020-03-21 21:00:00',993),(610,509,'2019-04-05 21:00:00','2020-07-04 21:00:00',790),(611,78,'2019-11-17 21:00:00','2021-01-06 21:00:00',893),(612,521,'2019-11-29 21:00:00','2020-12-18 21:00:00',607),(613,442,'2019-09-17 21:00:00','2020-08-26 21:00:00',435),(614,518,'2019-08-27 21:00:00','2020-07-06 21:00:00',189),(615,523,'2019-03-24 21:00:00','2020-07-26 21:00:00',265),(616,393,'2019-03-15 21:00:00','2020-06-28 21:00:00',148),(617,354,'2019-03-29 21:00:00','2021-02-02 21:00:00',280),(618,125,'2019-08-31 21:00:00','2020-11-01 21:00:00',344),(619,297,'2019-08-23 21:00:00','2020-05-08 21:00:00',226),(620,640,'2019-09-26 21:00:00','2020-07-10 21:00:00',528),(621,720,'2019-02-19 21:00:00','2020-10-02 21:00:00',459),(622,728,'2019-06-19 21:00:00','2020-05-04 21:00:00',906),(623,363,'2019-11-12 21:00:00','2020-07-24 21:00:00',135),(624,212,'2019-09-19 21:00:00','2020-10-15 21:00:00',470),(625,105,'2019-04-05 21:00:00','2020-06-14 21:00:00',799),(626,677,'2019-12-22 21:00:00','2020-08-25 21:00:00',467),(627,170,'2019-02-27 21:00:00','2020-11-03 21:00:00',134),(628,634,'2019-09-06 21:00:00','2020-07-31 21:00:00',585),(629,404,'2019-04-05 21:00:00','2021-02-11 21:00:00',461),(630,485,'2019-10-22 21:00:00','2020-05-12 21:00:00',172),(631,58,'2019-08-08 21:00:00','2020-12-20 21:00:00',239),(632,76,'2019-10-17 21:00:00','2020-06-24 21:00:00',471),(633,639,'2019-11-24 21:00:00','2020-12-26 21:00:00',303),(634,85,'2019-11-24 21:00:00','2021-02-02 21:00:00',813),(635,160,'2019-04-25 21:00:00','2020-07-02 21:00:00',338),(636,386,'2019-03-01 21:00:00','2020-06-20 21:00:00',638),(637,160,'2019-06-07 21:00:00','2020-11-15 21:00:00',477),(638,44,'2019-05-24 21:00:00','2020-04-27 21:00:00',750),(639,680,'2019-09-14 21:00:00','2020-11-07 21:00:00',906),(640,186,'2019-12-16 21:00:00','2020-04-02 21:00:00',616),(641,248,'2019-07-07 21:00:00','2020-05-06 21:00:00',56),(642,6,'2019-08-03 21:00:00','2020-10-31 21:00:00',997),(643,617,'2019-04-07 21:00:00','2020-03-27 21:00:00',455),(644,283,'2019-05-09 21:00:00','2020-12-08 21:00:00',42),(645,91,'2020-01-13 21:00:00','2020-07-18 21:00:00',639),(646,157,'2019-03-06 21:00:00','2020-12-12 21:00:00',138),(647,450,'2019-12-02 21:00:00','2021-01-07 21:00:00',745),(648,374,'2019-10-20 21:00:00','2021-01-09 21:00:00',222),(649,308,'2019-11-03 21:00:00','2020-08-16 21:00:00',220),(650,623,'2019-11-11 21:00:00','2021-01-26 21:00:00',945),(651,150,'2019-12-01 21:00:00','2020-10-11 21:00:00',821),(652,75,'2019-10-20 21:00:00','2020-06-10 21:00:00',602),(653,8,'2019-02-21 21:00:00','2020-12-12 21:00:00',449),(654,638,'2019-09-11 21:00:00','2020-09-16 21:00:00',222),(655,618,'2019-02-20 21:00:00','2020-06-13 21:00:00',382),(656,267,'2019-11-25 21:00:00','2020-06-12 21:00:00',762),(657,120,'2019-06-24 21:00:00','2020-08-21 21:00:00',626),(658,516,'2019-02-19 21:00:00','2020-07-26 21:00:00',124),(659,466,'2019-03-25 21:00:00','2020-11-18 21:00:00',318),(660,535,'2019-05-09 21:00:00','2020-05-14 21:00:00',622),(661,208,'2019-03-17 21:00:00','2020-07-18 21:00:00',294),(662,55,'2019-09-28 21:00:00','2020-05-29 21:00:00',64),(663,268,'2019-06-10 21:00:00','2020-06-03 21:00:00',37),(664,648,'2019-05-27 21:00:00','2020-08-15 21:00:00',324),(665,387,'2019-05-04 21:00:00','2020-11-30 21:00:00',37),(666,134,'2019-09-16 21:00:00','2020-03-28 21:00:00',670),(667,486,'2019-12-17 21:00:00','2020-04-30 21:00:00',973),(668,703,'2019-12-04 21:00:00','2020-03-28 21:00:00',358),(669,356,'2019-11-30 21:00:00','2020-11-20 21:00:00',37),(670,673,'2019-05-18 21:00:00','2020-08-28 21:00:00',774),(671,542,'2019-02-26 21:00:00','2020-08-02 21:00:00',199),(672,32,'2019-09-11 21:00:00','2020-04-15 21:00:00',9),(673,270,'2019-02-28 21:00:00','2020-11-25 21:00:00',900),(674,290,'2019-08-05 21:00:00','2020-04-01 21:00:00',79),(675,249,'2019-11-09 21:00:00','2020-11-13 21:00:00',267),(676,58,'2019-04-19 21:00:00','2020-11-28 21:00:00',553),(677,351,'2019-10-27 21:00:00','2020-09-25 21:00:00',658),(678,406,'2019-05-27 21:00:00','2020-04-16 21:00:00',38),(679,491,'2019-06-22 21:00:00','2020-12-29 21:00:00',990),(680,527,'2019-05-20 21:00:00','2020-07-30 21:00:00',588),(681,17,'2020-01-02 21:00:00','2020-12-17 21:00:00',874),(682,643,'2019-09-22 21:00:00','2020-06-14 21:00:00',416),(683,401,'2019-07-16 21:00:00','2021-02-08 21:00:00',661),(684,615,'2019-07-01 21:00:00','2020-07-31 21:00:00',928),(685,531,'2019-10-19 21:00:00','2020-06-23 21:00:00',122),(686,259,'2019-10-31 21:00:00','2020-09-28 21:00:00',661),(687,637,'2019-11-13 21:00:00','2020-08-27 21:00:00',798),(688,85,'2019-12-10 21:00:00','2020-04-08 21:00:00',356),(689,139,'2019-02-24 21:00:00','2021-01-07 21:00:00',597),(690,708,'2019-04-06 21:00:00','2020-10-22 21:00:00',889),(691,339,'2019-02-18 21:00:00','2020-06-16 21:00:00',717),(692,75,'2019-07-05 21:00:00','2020-11-02 21:00:00',387),(693,482,'2019-03-18 21:00:00','2020-11-21 21:00:00',748),(694,253,'2019-05-29 21:00:00','2020-04-08 21:00:00',583),(695,362,'2019-12-14 21:00:00','2020-04-20 21:00:00',741),(696,503,'2019-05-03 21:00:00','2020-04-19 21:00:00',139),(697,271,'2019-11-18 21:00:00','2020-04-05 21:00:00',83),(698,432,'2019-08-31 21:00:00','2020-07-26 21:00:00',613),(699,200,'2019-07-24 21:00:00','2020-04-29 21:00:00',292),(700,199,'2019-10-22 21:00:00','2021-02-09 21:00:00',137),(701,383,'2019-08-12 21:00:00','2020-09-26 21:00:00',444),(702,394,'2019-06-12 21:00:00','2020-05-25 21:00:00',738),(703,282,'2019-06-01 21:00:00','2020-04-01 21:00:00',826),(704,12,'2019-05-28 21:00:00','2020-11-27 21:00:00',833),(705,429,'2019-08-23 21:00:00','2020-10-28 21:00:00',269),(706,693,'2019-04-30 21:00:00','2021-01-12 21:00:00',470),(707,100,'2019-09-05 21:00:00','2020-10-21 21:00:00',783),(708,329,'2019-11-10 21:00:00','2021-01-26 21:00:00',49),(709,624,'2019-08-10 21:00:00','2020-10-20 21:00:00',970),(710,547,'2019-03-14 21:00:00','2020-08-31 21:00:00',860),(711,707,'2019-04-10 21:00:00','2021-01-29 21:00:00',561),(712,94,'2019-06-24 21:00:00','2020-08-26 21:00:00',674),(713,241,'2019-08-25 21:00:00','2020-08-18 21:00:00',127),(714,529,'2019-07-18 21:00:00','2020-11-22 21:00:00',926),(715,171,'2019-09-06 21:00:00','2020-04-06 21:00:00',648),(716,301,'2019-09-22 21:00:00','2020-07-09 21:00:00',44),(717,256,'2019-08-15 21:00:00','2020-05-10 21:00:00',286),(718,246,'2019-10-08 21:00:00','2020-07-19 21:00:00',237),(719,170,'2019-06-08 21:00:00','2020-06-17 21:00:00',623),(720,629,'2019-06-18 21:00:00','2020-07-20 21:00:00',59),(721,468,'2019-11-04 21:00:00','2020-12-27 21:00:00',381),(722,423,'2019-05-13 21:00:00','2020-09-28 21:00:00',562),(723,668,'2019-03-06 21:00:00','2020-10-08 21:00:00',373),(724,365,'2019-09-25 21:00:00','2020-09-08 21:00:00',384),(725,344,'2019-08-09 21:00:00','2020-12-06 21:00:00',163),(726,467,'2019-07-25 21:00:00','2020-08-25 21:00:00',911),(727,583,'2019-04-03 21:00:00','2021-02-08 21:00:00',944),(728,239,'2019-05-09 21:00:00','2020-04-11 21:00:00',630),(729,328,'2019-09-28 21:00:00','2020-09-17 21:00:00',783),(730,259,'2019-12-11 21:00:00','2020-11-05 21:00:00',476),(731,563,'2019-03-25 21:00:00','2020-08-19 21:00:00',765),(732,53,'2019-05-17 21:00:00','2020-04-03 21:00:00',748),(733,434,'2019-11-26 21:00:00','2020-07-10 21:00:00',470),(734,140,'2019-06-05 21:00:00','2020-06-22 21:00:00',512),(735,429,'2019-11-14 21:00:00','2021-02-11 21:00:00',843),(736,105,'2019-10-09 21:00:00','2021-02-06 21:00:00',723),(737,97,'2019-09-30 21:00:00','2020-05-11 21:00:00',139),(738,382,'2019-06-22 21:00:00','2020-04-15 21:00:00',874),(739,602,'2019-07-20 21:00:00','2020-08-28 21:00:00',424),(740,561,'2020-01-08 21:00:00','2020-08-18 21:00:00',59),(741,226,'2019-07-24 21:00:00','2020-03-19 21:00:00',283),(742,583,'2019-10-28 21:00:00','2020-04-03 21:00:00',734),(743,371,'2019-10-13 21:00:00','2020-07-23 21:00:00',682),(744,242,'2019-04-18 21:00:00','2020-08-23 21:00:00',120),(745,568,'2019-10-19 21:00:00','2020-11-08 21:00:00',870),(746,613,'2019-10-12 21:00:00','2020-09-21 21:00:00',970),(747,143,'2019-06-16 21:00:00','2020-05-01 21:00:00',717),(748,594,'2019-12-23 21:00:00','2020-08-20 21:00:00',782),(749,478,'2019-10-12 21:00:00','2020-07-14 21:00:00',502),(750,1,'2019-10-15 21:00:00','2020-09-10 21:00:00',280),(751,43,'2019-07-11 21:00:00','2021-01-14 21:00:00',185),(752,279,'2019-04-26 21:00:00','2020-11-01 21:00:00',39),(753,236,'2019-12-13 21:00:00','2020-07-02 21:00:00',442),(754,438,'2019-04-14 21:00:00','2020-12-10 21:00:00',495),(755,136,'2019-03-04 21:00:00','2020-03-14 21:00:00',993),(756,546,'2019-09-28 21:00:00','2020-03-18 21:00:00',847),(757,117,'2019-12-15 21:00:00','2020-05-13 21:00:00',399),(758,157,'2019-06-12 21:00:00','2020-10-22 21:00:00',15),(759,397,'2019-10-02 21:00:00','2020-10-20 21:00:00',700),(760,39,'2019-12-18 21:00:00','2020-04-21 21:00:00',806),(761,15,'2019-11-19 21:00:00','2020-08-04 21:00:00',467),(762,203,'2019-12-28 21:00:00','2020-09-09 21:00:00',278),(763,244,'2019-07-25 21:00:00','2021-01-08 21:00:00',633),(764,31,'2019-05-08 21:00:00','2020-08-29 21:00:00',73),(765,42,'2019-04-16 21:00:00','2020-07-27 21:00:00',262),(766,380,'2019-05-05 21:00:00','2020-08-18 21:00:00',57),(767,297,'2019-06-23 21:00:00','2021-01-01 21:00:00',185),(768,82,'2019-05-15 21:00:00','2020-10-25 21:00:00',67),(769,126,'2019-11-21 21:00:00','2020-07-10 21:00:00',771),(770,144,'2019-11-27 21:00:00','2020-12-23 21:00:00',600),(771,268,'2019-09-01 21:00:00','2020-06-02 21:00:00',527),(772,295,'2019-10-01 21:00:00','2020-12-30 21:00:00',811),(773,131,'2019-08-01 21:00:00','2020-06-02 21:00:00',89),(774,680,'2019-08-05 21:00:00','2020-11-18 21:00:00',520),(775,511,'2019-11-20 21:00:00','2020-12-26 21:00:00',866),(776,399,'2019-08-27 21:00:00','2020-07-29 21:00:00',393),(777,128,'2019-06-07 21:00:00','2020-07-06 21:00:00',920),(778,523,'2019-03-20 21:00:00','2020-08-18 21:00:00',119),(779,682,'2019-09-09 21:00:00','2020-07-19 21:00:00',547),(780,42,'2019-04-03 21:00:00','2020-07-13 21:00:00',710),(781,589,'2019-07-30 21:00:00','2020-08-19 21:00:00',730),(782,397,'2019-04-11 21:00:00','2021-01-21 21:00:00',956),(783,289,'2019-08-18 21:00:00','2020-07-16 21:00:00',969),(784,35,'2019-12-02 21:00:00','2020-12-03 21:00:00',120),(785,576,'2019-07-05 21:00:00','2021-01-02 21:00:00',900),(786,564,'2019-09-12 21:00:00','2020-03-27 21:00:00',826),(787,500,'2019-09-12 21:00:00','2020-11-25 21:00:00',770),(788,200,'2019-03-12 21:00:00','2020-11-17 21:00:00',987),(789,260,'2019-04-09 21:00:00','2021-01-14 21:00:00',952),(790,231,'2019-04-17 21:00:00','2020-11-27 21:00:00',266),(791,598,'2019-12-20 21:00:00','2020-10-03 21:00:00',641),(792,248,'2019-02-27 21:00:00','2020-05-15 21:00:00',661),(793,426,'2019-12-10 21:00:00','2020-06-06 21:00:00',922),(794,173,'2019-12-05 21:00:00','2021-02-06 21:00:00',573),(795,425,'2019-10-21 21:00:00','2020-04-13 21:00:00',935),(796,214,'2019-10-11 21:00:00','2021-01-18 21:00:00',893),(797,200,'2019-07-05 21:00:00','2020-12-10 21:00:00',943),(798,637,'2019-10-02 21:00:00','2020-04-15 21:00:00',508),(799,191,'2019-09-28 21:00:00','2020-04-19 21:00:00',228),(800,109,'2019-02-19 21:00:00','2021-01-23 21:00:00',215),(801,472,'2019-12-06 21:00:00','2021-01-03 21:00:00',688),(802,103,'2019-05-19 21:00:00','2021-02-12 21:00:00',942),(803,396,'2019-02-15 21:00:00','2020-09-30 21:00:00',574),(804,144,'2019-11-30 21:00:00','2021-01-06 21:00:00',543),(805,473,'2019-03-09 21:00:00','2020-07-24 21:00:00',183),(806,30,'2019-05-14 21:00:00','2020-03-21 21:00:00',435),(807,590,'2019-11-24 21:00:00','2021-02-09 21:00:00',969),(808,48,'2019-11-11 21:00:00','2020-09-02 21:00:00',294),(809,540,'2019-07-13 21:00:00','2020-10-21 21:00:00',472),(810,243,'2019-03-07 21:00:00','2020-07-25 21:00:00',495),(811,191,'2019-09-15 21:00:00','2020-05-06 21:00:00',540),(812,348,'2019-08-06 21:00:00','2020-05-12 21:00:00',435),(813,200,'2019-08-14 21:00:00','2020-04-20 21:00:00',877),(814,618,'2019-10-07 21:00:00','2020-06-24 21:00:00',844),(815,192,'2019-07-14 21:00:00','2020-08-21 21:00:00',588),(816,733,'2019-10-13 21:00:00','2020-12-19 21:00:00',708),(817,454,'2019-02-23 21:00:00','2020-04-15 21:00:00',726),(818,151,'2019-08-31 21:00:00','2020-11-07 21:00:00',23),(819,211,'2019-09-01 21:00:00','2020-10-08 21:00:00',203),(820,22,'2019-07-07 21:00:00','2020-11-07 21:00:00',24),(821,713,'2019-05-15 21:00:00','2020-10-17 21:00:00',772),(822,305,'2019-08-20 21:00:00','2020-07-02 21:00:00',762),(823,119,'2019-05-26 21:00:00','2020-09-10 21:00:00',682),(824,604,'2019-10-29 21:00:00','2020-05-27 21:00:00',249),(825,421,'2019-03-12 21:00:00','2020-09-03 21:00:00',558),(826,175,'2019-03-27 21:00:00','2021-01-31 21:00:00',76),(827,605,'2019-10-15 21:00:00','2020-11-14 21:00:00',338),(828,496,'2019-10-17 21:00:00','2020-06-10 21:00:00',312),(829,555,'2019-06-02 21:00:00','2020-05-23 21:00:00',512),(830,727,'2019-11-28 21:00:00','2020-04-04 21:00:00',632),(831,626,'2019-03-08 21:00:00','2020-10-21 21:00:00',687),(832,672,'2019-03-05 21:00:00','2020-05-06 21:00:00',250),(833,730,'2019-08-07 21:00:00','2020-10-04 21:00:00',688),(834,199,'2019-03-24 21:00:00','2020-05-02 21:00:00',471),(835,348,'2020-01-09 21:00:00','2020-09-06 21:00:00',393),(836,352,'2020-01-04 21:00:00','2020-10-09 21:00:00',697),(837,337,'2019-10-01 21:00:00','2021-02-01 21:00:00',772),(838,459,'2019-07-02 21:00:00','2020-12-10 21:00:00',828),(839,573,'2019-08-26 21:00:00','2021-02-02 21:00:00',220),(840,604,'2019-09-12 21:00:00','2021-01-11 21:00:00',1000),(841,285,'2019-05-23 21:00:00','2020-12-20 21:00:00',970),(842,141,'2019-09-18 21:00:00','2020-09-19 21:00:00',442),(843,108,'2019-08-28 21:00:00','2021-01-16 21:00:00',322),(844,627,'2019-06-23 21:00:00','2020-05-09 21:00:00',859),(845,335,'2019-04-28 21:00:00','2020-10-09 21:00:00',874),(846,582,'2019-10-26 21:00:00','2020-10-13 21:00:00',834),(847,92,'2019-05-14 21:00:00','2020-08-18 21:00:00',771),(848,120,'2019-04-27 21:00:00','2020-09-20 21:00:00',100),(849,117,'2019-04-05 21:00:00','2020-08-11 21:00:00',924),(850,106,'2019-07-03 21:00:00','2020-08-15 21:00:00',39),(851,407,'2019-04-13 21:00:00','2020-03-29 21:00:00',471),(852,293,'2019-12-08 21:00:00','2021-02-11 21:00:00',306),(853,194,'2019-11-02 21:00:00','2020-11-16 21:00:00',488),(854,341,'2019-04-29 21:00:00','2020-09-22 21:00:00',208),(855,69,'2019-04-23 21:00:00','2020-05-28 21:00:00',158),(856,641,'2019-06-16 21:00:00','2020-11-20 21:00:00',101),(857,122,'2019-06-29 21:00:00','2020-07-29 21:00:00',595),(858,732,'2019-06-12 21:00:00','2020-08-26 21:00:00',998),(859,147,'2019-08-25 21:00:00','2020-06-19 21:00:00',325),(860,118,'2019-03-27 21:00:00','2020-07-19 21:00:00',318),(861,417,'2019-05-24 21:00:00','2020-04-19 21:00:00',475),(862,332,'2019-06-07 21:00:00','2021-02-02 21:00:00',592),(863,40,'2019-11-19 21:00:00','2020-05-15 21:00:00',431),(864,422,'2019-09-25 21:00:00','2020-06-21 21:00:00',280),(865,554,'2019-03-01 21:00:00','2020-07-22 21:00:00',504),(866,248,'2019-10-06 21:00:00','2020-10-01 21:00:00',13),(867,346,'2019-08-12 21:00:00','2020-03-26 21:00:00',916),(868,239,'2019-07-15 21:00:00','2020-11-29 21:00:00',959),(869,727,'2019-10-21 21:00:00','2020-12-17 21:00:00',852),(870,508,'2019-05-04 21:00:00','2021-02-06 21:00:00',807),(871,261,'2019-06-26 21:00:00','2020-07-31 21:00:00',622),(872,686,'2019-08-16 21:00:00','2020-07-22 21:00:00',493),(873,483,'2020-01-10 21:00:00','2020-08-21 21:00:00',632),(874,273,'2019-10-10 21:00:00','2020-04-03 21:00:00',219),(875,104,'2019-08-28 21:00:00','2020-11-16 21:00:00',461),(876,587,'2019-09-15 21:00:00','2020-04-22 21:00:00',842),(877,183,'2019-05-19 21:00:00','2020-06-14 21:00:00',958),(878,618,'2019-04-10 21:00:00','2020-04-07 21:00:00',407),(879,396,'2019-12-08 21:00:00','2020-08-19 21:00:00',353),(880,497,'2019-09-04 21:00:00','2021-02-02 21:00:00',516),(881,514,'2019-04-16 21:00:00','2020-10-14 21:00:00',766),(882,176,'2019-12-17 21:00:00','2020-04-29 21:00:00',659),(883,121,'2019-10-22 21:00:00','2020-03-20 21:00:00',175),(884,292,'2019-10-02 21:00:00','2020-08-23 21:00:00',44),(885,176,'2019-04-12 21:00:00','2020-12-04 21:00:00',827),(886,368,'2019-10-29 21:00:00','2020-09-30 21:00:00',445),(887,224,'2019-03-13 21:00:00','2020-09-25 21:00:00',819),(888,159,'2019-10-03 21:00:00','2020-07-01 21:00:00',116),(889,134,'2019-11-05 21:00:00','2020-03-15 21:00:00',205),(890,728,'2019-06-05 21:00:00','2020-07-27 21:00:00',831),(891,369,'2019-08-11 21:00:00','2020-11-24 21:00:00',376),(892,450,'2019-10-09 21:00:00','2020-12-09 21:00:00',151),(893,597,'2019-10-13 21:00:00','2020-12-09 21:00:00',573),(894,333,'2019-11-08 21:00:00','2020-11-26 21:00:00',432),(895,650,'2019-04-20 21:00:00','2020-05-22 21:00:00',32),(896,501,'2019-08-08 21:00:00','2021-01-08 21:00:00',123),(897,303,'2019-11-10 21:00:00','2020-04-15 21:00:00',961),(898,53,'2019-08-10 21:00:00','2020-09-05 21:00:00',892),(899,328,'2019-05-03 21:00:00','2021-01-31 21:00:00',639),(900,509,'2019-08-22 21:00:00','2020-05-13 21:00:00',150),(901,133,'2019-02-21 21:00:00','2020-08-06 21:00:00',247),(902,679,'2019-03-09 21:00:00','2020-06-21 21:00:00',490),(903,417,'2019-03-01 21:00:00','2020-07-23 21:00:00',307),(904,705,'2019-11-01 21:00:00','2020-11-10 21:00:00',193),(905,630,'2019-06-25 21:00:00','2020-05-06 21:00:00',602),(906,342,'2019-09-27 21:00:00','2020-04-13 21:00:00',332),(907,163,'2019-08-18 21:00:00','2020-05-29 21:00:00',153),(908,332,'2019-10-29 21:00:00','2020-09-21 21:00:00',658),(909,125,'2019-08-21 21:00:00','2020-06-21 21:00:00',459),(910,141,'2019-10-28 21:00:00','2021-01-02 21:00:00',848),(911,487,'2019-11-23 21:00:00','2020-12-18 21:00:00',681),(912,441,'2019-11-12 21:00:00','2020-09-12 21:00:00',163),(913,320,'2019-04-10 21:00:00','2020-09-20 21:00:00',686),(914,660,'2019-07-13 21:00:00','2020-07-16 21:00:00',657),(915,422,'2019-02-19 21:00:00','2020-06-23 21:00:00',996),(916,239,'2019-05-19 21:00:00','2021-01-19 21:00:00',161),(917,438,'2019-12-07 21:00:00','2020-12-03 21:00:00',108),(918,436,'2019-10-01 21:00:00','2020-08-27 21:00:00',655),(919,260,'2019-05-02 21:00:00','2020-06-27 21:00:00',34),(920,500,'2019-08-17 21:00:00','2020-03-24 21:00:00',523),(921,63,'2019-06-23 21:00:00','2020-11-28 21:00:00',598),(922,19,'2019-08-08 21:00:00','2021-02-01 21:00:00',237),(923,342,'2019-10-08 21:00:00','2020-11-11 21:00:00',937),(924,553,'2019-07-13 21:00:00','2020-08-19 21:00:00',16),(925,298,'2019-10-06 21:00:00','2020-05-14 21:00:00',624),(926,699,'2019-09-19 21:00:00','2020-09-24 21:00:00',779),(927,340,'2019-05-07 21:00:00','2021-02-02 21:00:00',284),(928,595,'2019-11-05 21:00:00','2020-12-16 21:00:00',5),(929,167,'2019-02-19 21:00:00','2020-04-26 21:00:00',233),(930,175,'2019-05-02 21:00:00','2020-12-19 21:00:00',117),(931,163,'2019-10-08 21:00:00','2020-05-31 21:00:00',987),(932,528,'2019-09-14 21:00:00','2020-12-18 21:00:00',980),(933,648,'2019-11-11 21:00:00','2020-05-11 21:00:00',750),(934,281,'2019-06-30 21:00:00','2020-12-05 21:00:00',63),(935,328,'2019-05-20 21:00:00','2020-10-17 21:00:00',249),(936,395,'2019-11-29 21:00:00','2020-06-17 21:00:00',828),(937,299,'2019-04-19 21:00:00','2020-07-30 21:00:00',393),(938,66,'2019-02-18 21:00:00','2020-08-08 21:00:00',681),(939,699,'2019-12-18 21:00:00','2020-09-03 21:00:00',221),(940,92,'2019-05-14 21:00:00','2020-10-09 21:00:00',47),(941,395,'2019-04-12 21:00:00','2020-07-27 21:00:00',447),(942,394,'2019-09-18 21:00:00','2020-10-28 21:00:00',738),(943,394,'2019-03-06 21:00:00','2020-04-23 21:00:00',80),(944,113,'2019-07-09 21:00:00','2020-11-18 21:00:00',572),(945,9,'2019-09-21 21:00:00','2020-03-15 21:00:00',339),(946,111,'2019-06-24 21:00:00','2020-04-21 21:00:00',195),(947,612,'2019-05-31 21:00:00','2021-01-18 21:00:00',264),(948,601,'2019-12-16 21:00:00','2020-09-20 21:00:00',873),(949,458,'2019-04-09 21:00:00','2021-01-17 21:00:00',923),(950,610,'2019-11-09 21:00:00','2021-02-06 21:00:00',531),(951,207,'2019-04-12 21:00:00','2020-12-28 21:00:00',398),(952,722,'2019-12-02 21:00:00','2020-04-16 21:00:00',934),(953,267,'2019-11-17 21:00:00','2020-06-23 21:00:00',788),(954,48,'2019-08-05 21:00:00','2020-03-18 21:00:00',601),(955,704,'2019-07-06 21:00:00','2020-03-25 21:00:00',97),(956,37,'2019-06-24 21:00:00','2020-04-21 21:00:00',118),(957,456,'2020-01-11 21:00:00','2020-07-10 21:00:00',523),(958,600,'2019-03-19 21:00:00','2020-05-21 21:00:00',791),(959,447,'2019-03-19 21:00:00','2020-12-07 21:00:00',835),(960,248,'2019-07-04 21:00:00','2020-03-20 21:00:00',600),(961,192,'2019-10-25 21:00:00','2020-11-29 21:00:00',771),(962,519,'2019-04-03 21:00:00','2020-12-10 21:00:00',565),(963,107,'2019-12-15 21:00:00','2020-08-25 21:00:00',471),(964,666,'2019-02-22 21:00:00','2020-12-11 21:00:00',111),(965,212,'2019-11-18 21:00:00','2020-11-09 21:00:00',106),(966,325,'2019-10-10 21:00:00','2020-11-01 21:00:00',133),(967,637,'2019-08-28 21:00:00','2020-07-19 21:00:00',287),(968,650,'2019-03-27 21:00:00','2020-11-04 21:00:00',11),(969,251,'2019-07-08 21:00:00','2020-12-27 21:00:00',742),(970,7,'2019-10-01 21:00:00','2020-06-29 21:00:00',739),(971,540,'2019-09-11 21:00:00','2020-04-01 21:00:00',337),(972,76,'2019-05-07 21:00:00','2020-11-17 21:00:00',701),(973,407,'2019-03-17 21:00:00','2020-10-05 21:00:00',496),(974,635,'2019-12-19 21:00:00','2020-05-27 21:00:00',879),(975,261,'2019-12-24 21:00:00','2020-11-23 21:00:00',523),(976,599,'2019-10-06 21:00:00','2020-06-26 21:00:00',399),(977,531,'2019-10-14 21:00:00','2020-06-14 21:00:00',131),(978,638,'2019-07-08 21:00:00','2020-09-20 21:00:00',809),(979,537,'2019-12-22 21:00:00','2021-01-20 21:00:00',969),(980,113,'2019-10-31 21:00:00','2021-01-27 21:00:00',18),(981,67,'2019-08-30 21:00:00','2020-03-19 21:00:00',559),(982,463,'2019-11-17 21:00:00','2020-05-09 21:00:00',749),(983,185,'2019-06-04 21:00:00','2020-04-11 21:00:00',541),(984,134,'2019-12-10 21:00:00','2020-10-11 21:00:00',18),(985,264,'2019-07-09 21:00:00','2020-12-23 21:00:00',140),(986,61,'2019-09-21 21:00:00','2020-11-24 21:00:00',8),(987,434,'2019-06-06 21:00:00','2020-07-22 21:00:00',276),(988,161,'2019-12-14 21:00:00','2020-11-23 21:00:00',566),(989,712,'2019-04-02 21:00:00','2020-11-17 21:00:00',6),(990,534,'2019-09-11 21:00:00','2020-11-18 21:00:00',493),(991,525,'2019-04-28 21:00:00','2020-12-24 21:00:00',817),(992,730,'2019-03-19 21:00:00','2020-10-05 21:00:00',87),(993,718,'2019-04-03 21:00:00','2021-01-09 21:00:00',939),(994,695,'2019-07-28 21:00:00','2020-06-10 21:00:00',687),(995,477,'2019-02-27 21:00:00','2020-06-21 21:00:00',360),(996,405,'2019-09-16 21:00:00','2020-08-05 21:00:00',919),(997,602,'2019-09-27 21:00:00','2021-01-20 21:00:00',478),(998,250,'2019-05-27 21:00:00','2020-07-10 21:00:00',295),(999,335,'2019-08-14 21:00:00','2020-05-07 21:00:00',404),(1000,654,'2019-06-21 21:00:00','2020-06-12 21:00:00',458);
/*!40000 ALTER TABLE `subscription` ENABLE KEYS */;
UNLOCK TABLES;

--
-- Table structure for table `user`
--

DROP TABLE IF EXISTS `user`;
/*!40101 SET @saved_cs_client     = @@character_set_client */;
/*!50503 SET character_set_client = utf8mb4 */;
CREATE TABLE `user` (
  `id` int(11) NOT NULL AUTO_INCREMENT,
  `role_id` int(11) NOT NULL,
  `login` varchar(45) NOT NULL,
  `password` varchar(255) NOT NULL,
  `full_name` varchar(255) NOT NULL,
  `email` varchar(255) NOT NULL,
  `money` decimal(19,4) NOT NULL,
  `is_available` tinyint(4) NOT NULL,
  PRIMARY KEY (`id`),
  UNIQUE KEY `login_UNIQUE` (`login`),
  KEY `user_role_fk` (`role_id`),
  CONSTRAINT `user_role_fk` FOREIGN KEY (`role_id`) REFERENCES `user_role` (`id`)
) ENGINE=InnoDB AUTO_INCREMENT=1008 DEFAULT CHARSET=utf8;
/*!40101 SET character_set_client = @saved_cs_client */;

--
-- Dumping data for table `user`
--
-- ORDER BY:  `id`

LOCK TABLES `user` WRITE;
/*!40000 ALTER TABLE `user` DISABLE KEYS */;
INSERT INTO `user` VALUES (1,1,'admin','7e88a31c432e2e146b7aed08a0b5faf16db34d3487358a02eace0c5c43aa2c86d4f21083840008fc2e2c2ed313fa4d50c24caa8b8c0d72b53a8ed4f525c13f71','Ivan Kiselevich','admin@periodicals.com',1000.0000,1),(2,2,'user1','d8b82fd86e72afd5d1fac1d417cb7e244e03aabcf6896f6338abbfe94378fde7ef9ea3f72f57b7d57e54cb98b3f78ed8588b8b3a78eb7fe2caf23fc556a84c04','User','user@periodicals.com',339.0000,1),(3,2,'jbloxland2','KlUKDmc','Jaymee Bloxland','jbloxland2@deliciousdays.com',240.0000,0),(4,2,'ocarson3','TdMPJcH','Otto Carson','ocarson3@shareasale.com',142.0000,0),(5,2,'byakunchikov4','NtYXvL4UI4','Batholomew Yakunchikov','byakunchikov4@army.mil',362.0000,1),(6,2,'ujedraszek5','s2DViYBGfLnL','Ulric Jedraszek','ujedraszek5@themeforest.net',100.0000,0),(7,2,'rstandidge6','jhBE1ToE','Rozele Standidge','rstandidge6@gmpg.org',139.0000,1),(8,2,'velflain7','vOXroz8RV','Verine Elflain','velflain7@nationalgeographic.com',404.0000,1),(9,2,'hlepiscopio8','Yxv3fMmZjn','Husein L\'Episcopio','hlepiscopio8@flickr.com',164.0000,1),(10,2,'talger9','xGstibpZatp','Trixie Alger','talger9@sfgate.com',474.0000,1),(11,2,'rknappea','EkSnGvwYMSgc','Rani Knappe','rknappea@mapy.cz',473.0000,0),(12,2,'burlingb','ng5cDK','Bibby Urling','burlingb@un.org',454.0000,1),(13,2,'lthiesc','F47TNMWscAb1','Lee Thies','lthiesc@npr.org',476.0000,1),(14,2,'igilhouleyd','NJwvG8Q','Ingeborg Gilhouley','igilhouleyd@arizona.edu',394.0000,1),(15,2,'qassure','54md6AilSmT','Quent Assur','qassure@gmpg.org',301.0000,0),(16,2,'tlef','SciANcODSfT','Templeton le Keux','tlef@behance.net',354.0000,0),(17,2,'mjoreaug','jkGIiwFiTYyf','Myrwyn Joreau','mjoreaug@census.gov',462.0000,1),(18,2,'pgymbletth','xsBBNxMja6nr','Pen Gymblett','pgymbletth@storify.com',171.0000,0),(19,2,'wharcasei','QpHMtDKpU','Wallie Harcase','wharcasei@163.com',468.0000,0),(20,2,'abyrcherj','BxNBa7UA','Alejoa Byrcher','abyrcherj@mlb.com',369.0000,1),(21,2,'mnapoleonk','UZIAiVp4kYN6','Mala Napoleon','mnapoleonk@unesco.org',129.0000,0),(22,2,'npoynserl','zBUO4WhoyLFZ','Natka Poynser','npoynserl@berkeley.edu',399.0000,0),(23,2,'fcroneym','NTa4bi','Fanchette Croney','fcroneym@who.int',470.0000,1),(24,2,'etaysbiln','Vs5Im6YqdpZ','Engracia Taysbil','etaysbiln@wiley.com',370.0000,1),(25,2,'kbirtleyo','CUJ3bMH','Kliment Birtley','kbirtleyo@google.ru',355.0000,1),(26,2,'escurryp','woTHaVo9kQ','Elisha Scurry','escurryp@opensource.org',274.0000,0),(27,2,'kjaradq','MQlRaQTXmYS','Karleen Jarad','kjaradq@yandex.ru',207.0000,1),(28,2,'dwyldishr','C10HAHZ','Domenico Wyldish','dwyldishr@ning.com',482.0000,0),(29,2,'vcaistors','v8T8Aa0Q','Vaughan Caistor','vcaistors@wikispaces.com',293.0000,1),(30,2,'nmcilvorayt','0iE67Jh','Natale McIlvoray','nmcilvorayt@fc2.com',420.0000,0),(31,2,'gmagillu','tgkc5ph','Guss Magill','gmagillu@mediafire.com',130.0000,0),(32,2,'rmacciv','ApDns33mEx','Randy Macci','rmacciv@marriott.com',279.0000,1),(33,2,'arominovw','NoVBPFBMVL','Alica Rominov','arominovw@wix.com',421.0000,1),(34,2,'jopdenortx','Wk0a1eYYW','Jaclyn Opdenort','jopdenortx@theglobeandmail.com',282.0000,0),(35,2,'hcolcutty','VGZn2KWNV','Heidie Colcutt','hcolcutty@dion.ne.jp',333.0000,0),(36,2,'pdensumbez','EM1Lw5a','Paula Densumbe','pdensumbez@hubpages.com',229.0000,0),(37,2,'tmandres10','ZHnHvi','Tricia Mandres','tmandres10@4shared.com',208.0000,0),(38,2,'rvescovo11','w1pDEwrLxyUp','Robbin Vescovo','rvescovo11@rediff.com',381.0000,0),(39,2,'tshowte12','StMJkWZbN19','Temple Showte','tshowte12@booking.com',165.0000,1),(40,2,'etennet13','vHgEK1v','Emmalynne Tennet','etennet13@google.com.hk',133.0000,0),(41,2,'jhirtz14','Nnukurye','Jeffie Hirtz','jhirtz14@ovh.net',193.0000,1),(42,2,'lsotham15','AGf0EY9','Luke Sotham','lsotham15@barnesandnoble.com',127.0000,1),(43,2,'iflay16','oJ3k7D','Idalia Flay','iflay16@usatoday.com',485.0000,1),(44,2,'cdeary17','qDCzJtEs','Caritta Deary','cdeary17@telegraph.co.uk',214.0000,0),(45,2,'aparkins18','Ze0LEg','Amara Parkins','aparkins18@weibo.com',411.0000,0),(46,2,'amullender19','upUwJAAK','Andrea Mullender','amullender19@webeden.co.uk',212.0000,0),(47,2,'mscanlon1a','k7ltuQNrAN','Mildrid Scanlon','mscanlon1a@microsoft.com',399.0000,0),(48,2,'gbernaert1b','VIE9GWcwuFE','Garald Bernaert','gbernaert1b@adobe.com',485.0000,1),(49,2,'cfricke1c','TFkCTo','Cassandre Fricke','cfricke1c@mail.ru',199.0000,1),(50,2,'fboriston1d','hkljj0SQC','Frank Boriston','fboriston1d@thetimes.co.uk',143.0000,1),(51,2,'ebeckson1e','8FK3ruM64','Emylee Beckson','ebeckson1e@hp.com',155.0000,0),(52,2,'amaddern1f','aYQ9s3Q','Alex Maddern','amaddern1f@godaddy.com',140.0000,0),(53,2,'oguyver1g','1smrmVt','Odo Guyver','oguyver1g@digg.com',448.0000,1),(54,2,'fglaserman1h','ZLgRwlpzS','Florie Glaserman','fglaserman1h@stumbleupon.com',375.0000,1),(55,2,'ckrienke1i','JX5IvHv1kFw','Cathyleen Krienke','ckrienke1i@artisteer.com',197.0000,0),(56,2,'wmalmar1j','qKRrrgd8','Web Malmar','wmalmar1j@blogspot.com',389.0000,0),(57,2,'mphizacklea1k','KTKeRsgHYmm','Merlina Phizacklea','mphizacklea1k@amazonaws.com',415.0000,1),(58,2,'ayurin1l','amBGx0NlIJva','Anabel Yurin','ayurin1l@nbcnews.com',389.0000,1),(59,2,'fpfaff1m','QqiV3sNU3g4O','Fredrika Pfaff','fpfaff1m@virginia.edu',472.0000,1),(60,2,'ltesh1n','kOTAWCdhLWbc','Leonerd Tesh','ltesh1n@bandcamp.com',321.0000,1),(61,2,'rboshard1o','84vuSB','Rasla Boshard','rboshard1o@nsw.gov.au',359.0000,0),(62,2,'cgateland1p','39RWSVetbV','Celle Gateland','cgateland1p@woothemes.com',324.0000,1),(63,2,'vockwell1q','lOd20ZzQU','Vassily Ockwell','vockwell1q@bigcartel.com',426.0000,1),(64,2,'kmccullum1r','mvL4roVrDizP','Karin McCullum','kmccullum1r@reference.com',401.0000,0),(65,2,'jgeator1s','qA9meJG','Jerry Geator','jgeator1s@hexun.com',219.0000,0),(66,2,'acarleton1t','cPVXufpnkf','Ashlan Carleton','acarleton1t@bravesites.com',153.0000,1),(67,2,'uludlow1u','Jzsq697','Udall Ludlow','uludlow1u@goo.ne.jp',171.0000,1),(68,2,'dizard1v','Y96GNzxm7','Dante Izard','dizard1v@odnoklassniki.ru',357.0000,1),(69,2,'ble1w','bw2f9X7G','Bruno Le Noir','ble1w@phoca.cz',368.0000,1),(70,2,'smacnulty1x','DEbgu9KANPeh','Sharia MacNulty','smacnulty1x@adobe.com',240.0000,1),(71,2,'asweeten1y','uweE2lRPsSY','Anneliese Sweeten','asweeten1y@sun.com',108.0000,1),(72,2,'nblakes1z','3skHCsmEj','Normand Blakes','nblakes1z@berkeley.edu',156.0000,0),(73,2,'fkittless20','ZxfCPtzL','Francisca Kittless','fkittless20@va.gov',219.0000,1),(74,2,'egadesby21','ChJKKzL','Elfie Gadesby','egadesby21@exblog.jp',195.0000,1),(75,2,'moliveras22','Ruf7hh5','Merrily Oliveras','moliveras22@elpais.com',334.0000,1),(76,2,'etomlett23','XUCyzf5','Elizabeth Tomlett','etomlett23@csmonitor.com',192.0000,0),(77,2,'nbulfoy24','Y1BRpYIqfy2','Noach Bulfoy','nbulfoy24@mlb.com',249.0000,1),(78,2,'hmckean25','jxyMov','Hatty McKean','hmckean25@rediff.com',443.0000,1),(79,2,'lcarnew26','U3oY1rWw','Leonid Carnew','lcarnew26@nyu.edu',455.0000,0),(80,2,'cdarling27','ulwKN1DBi','Charles Darling','cdarling27@ucla.edu',159.0000,0),(81,2,'cfelderer28','LmtmSenQzmIN','Clo Felderer','cfelderer28@hibu.com',100.0000,1),(82,2,'ggrundle29','sRpH3iJ22d','Gardner Grundle','ggrundle29@sina.com.cn',135.0000,1),(83,2,'dlurriman2a','iCTVcx','Davidde Lurriman','dlurriman2a@msn.com',247.0000,1),(84,2,'jjuszczak2b','KkwQCrWtndV','Janeen Juszczak','jjuszczak2b@dyndns.org',497.0000,0),(85,2,'sjiranek2c','lTG9q92ebx','Sondra Jiranek','sjiranek2c@bloglovin.com',448.0000,0),(86,2,'jerwin2d','jHDiXMTqDIx','Jason Erwin','jerwin2d@pen.io',469.0000,1),(87,2,'mfurlong2e','EbtFktdE','Marylinda Furlong','mfurlong2e@google.pl',403.0000,0),(88,2,'vlewing2f','Gsg91uHWBXW5','Van Lewing','vlewing2f@yandex.ru',350.0000,0),(89,2,'ftracy2g','HhKGywCzB8KP','Fay Tracy','ftracy2g@tripadvisor.com',166.0000,1),(90,2,'claugharne2h','PTCnVomeWhs','Clarine Laugharne','claugharne2h@acquirethisname.com',251.0000,0),(91,2,'mschleicher2i','p5tcph','Melisa Schleicher','mschleicher2i@cargocollective.com',302.0000,0),(92,2,'cetridge2j','PYQ7KS3wTl','Celisse Etridge','cetridge2j@hatena.ne.jp',147.0000,0),(93,2,'sealden2k','ij9DBBE','Stearn Ealden','sealden2k@eepurl.com',300.0000,1),(94,2,'spestricke2l','o8WcUO','Samara Pestricke','spestricke2l@nbcnews.com',492.0000,1),(95,2,'cromao2m','CCjuEsMVzGX','Calv Romao','cromao2m@pen.io',465.0000,1),(96,2,'ebotfield2n','joaBuo5','Ernesto Botfield','ebotfield2n@theglobeandmail.com',326.0000,0),(97,2,'gbohey2o','iYS8AuvhOGev','Giselbert Bohey','gbohey2o@arstechnica.com',252.0000,1),(98,2,'vhowlin2p','0ZhAIa06slW','Vanda Howlin','vhowlin2p@pinterest.com',376.0000,1),(99,2,'cdurek2q','eopIXBJjqiB','Colin Durek','cdurek2q@epa.gov',494.0000,0),(100,2,'fmalatalant2r','XF5fg88ZlHt','Fayre Malatalant','fmalatalant2r@yahoo.co.jp',134.0000,0),(101,2,'cpinniger2s','l2OdEYpkY2','Chiarra Pinniger','cpinniger2s@sun.com',253.0000,0),(102,2,'gcrossan2t','kFXdCWS2B5Rf','Godfree Crossan','gcrossan2t@wordpress.org',476.0000,1),(103,2,'pwatkinson2u','QE2DYa2b1e','Pebrook Watkinson','pwatkinson2u@thetimes.co.uk',110.0000,1),(104,2,'lhaseman2v','cPX6b2vX','Lonnard Haseman','lhaseman2v@cnet.com',397.0000,0),(105,2,'mborder2w','F0GqZw','Marcelle Border','mborder2w@phoca.cz',407.0000,0),(106,2,'rworsall2x','ziiwjvUel','Rickard Worsall','rworsall2x@smh.com.au',218.0000,0),(107,2,'dgeering2y','0FtXAJJzv','Dore Geering','dgeering2y@wunderground.com',157.0000,1),(108,2,'rpulteneye2z','DcofFIk','Reagan Pulteneye','rpulteneye2z@pinterest.com',137.0000,1),(109,2,'mreyner30','Oa8NeUw','Merry Reyner','mreyner30@blogtalkradio.com',134.0000,1),(110,2,'fmccathie31','UP8rUy7VO','Fayth McCathie','fmccathie31@npr.org',194.0000,1),(111,2,'lstinton32','mkHFP9','Lowe Stinton','lstinton32@nymag.com',312.0000,0),(112,2,'jotter33','BbTZEO4eVU','Junina Otter','jotter33@51.la',202.0000,1),(113,2,'dstoker34','7NHjhGR','Drucie Stoker','dstoker34@apache.org',472.0000,1),(114,2,'emacilurick35','xvxkQ92Pta','Estrella MacIlurick','emacilurick35@usda.gov',466.0000,0),(115,2,'mkepling36','U9B6WkGk','Mimi Kepling','mkepling36@google.co.uk',324.0000,1),(116,2,'sheller37','3SD0h29','Sofie Heller','sheller37@nasa.gov',192.0000,1),(117,2,'itattoo38','pf1h5o','Isador Tattoo','itattoo38@bbb.org',226.0000,0),(118,2,'gkarlsson39','gOpITvd6','Georgia Karlsson','gkarlsson39@bbc.co.uk',333.0000,1),(119,2,'ede3a','SRoOGv','Eddie de Wilde','ede3a@desdev.cn',359.0000,0),(120,2,'solliffe3b','mj3vtwo','Shay Olliffe','solliffe3b@dell.com',239.0000,1),(121,2,'zsorsbie3c','AKLL61T50','Zara Sorsbie','zsorsbie3c@craigslist.org',253.0000,0),(122,2,'bmilne3d','Pw6bHR7N9','Bobby Milne','bmilne3d@chronoengine.com',406.0000,0),(123,2,'jbourchier3e','c2fnJs','Joellen Bourchier','jbourchier3e@disqus.com',359.0000,1),(124,2,'yplom3f','6oGfYd9ULf','Ysabel Plom','yplom3f@shareasale.com',460.0000,1),(125,2,'amettricke3g','wPUFcmepmYxS','Andras Mettricke','amettricke3g@unicef.org',351.0000,1),(126,2,'ljoao3h','5WS5XY5nvyG5','Lynea Joao','ljoao3h@vimeo.com',163.0000,1),(127,2,'khousecraft3i','iHKyz8','Karl Housecraft','khousecraft3i@cyberchimps.com',467.0000,0),(128,2,'breskelly3j','E77u6KxL','Brandy Reskelly','breskelly3j@surveymonkey.com',231.0000,0),(129,2,'ssale3k','48NarzrXV','Sigismondo Sale','ssale3k@parallels.com',481.0000,0),(130,2,'mthorn3l','pMJpYjRCbdY','Marin Thorn','mthorn3l@mtv.com',443.0000,1),(131,2,'ccogin3m','anVngu6Wxv2B','Clayton Cogin','ccogin3m@hibu.com',387.0000,1),(132,2,'gjordin3n','sjMvX0pXD','Gery Jordin','gjordin3n@ocn.ne.jp',147.0000,1),(133,2,'adoylend3o','7AjaURuGA4JW','Angelico Doylend','adoylend3o@is.gd',257.0000,1),(134,2,'xgromley3p','p4NaYUzg','Xylina Gromley','xgromley3p@posterous.com',274.0000,0),(135,2,'rbagenal3q','xM5pbAj','Ryon Bagenal','rbagenal3q@bigcartel.com',118.0000,0),(136,2,'cbrinkler3r','wz6jin6QU','Chloris Brinkler','cbrinkler3r@feedburner.com',318.0000,1),(137,2,'etebbut3s','VQWnrDRYTP','Eli Tebbut','etebbut3s@jugem.jp',342.0000,0),(138,2,'mkilliner3t','0SCabw4L24yv','Millie Killiner','mkilliner3t@sina.com.cn',118.0000,0),(139,2,'glowdyane3u','RiIKk8ymWarG','Genvieve Lowdyane','glowdyane3u@paypal.com',113.0000,0),(140,2,'rwillatts3v','yHwnYEX','Ron Willatts','rwillatts3v@4shared.com',226.0000,1),(141,2,'bquilleash3w','iuR8kSmLIYOE','Bettina Quilleash','bquilleash3w@princeton.edu',123.0000,0),(142,2,'rtidcombe3x','f8KzpnVQV','Robbi Tidcombe','rtidcombe3x@google.co.uk',327.0000,1),(143,2,'ztrinke3y','X3otHwDC3','Zorina Trinke','ztrinke3y@shop-pro.jp',208.0000,1),(144,2,'fcraze3z','GXTl20m','Frederique Craze','fcraze3z@yandex.ru',402.0000,1),(145,2,'cconybear40','BUcstQ','Carlotta Conybear','cconybear40@businessinsider.com',302.0000,0),(146,2,'maime41','Mz3TN6jfP','Margret Aime','maime41@bbc.co.uk',446.0000,0),(147,2,'mgrinikhin42','gKiTSfPDQqq','Maurie Grinikhin','mgrinikhin42@sitemeter.com',208.0000,1),(148,2,'pdrohun43','WJr4lqLr5MJO','Paulie Drohun','pdrohun43@webeden.co.uk',299.0000,0),(149,2,'fgermon44','rpWzuG','Francine Germon','fgermon44@exblog.jp',170.0000,0),(150,2,'cpittel45','BX6KRGow8k','Camala Pittel','cpittel45@digg.com',399.0000,1),(151,2,'eheppner46','ca3MdJ9It8','Eddie Heppner','eheppner46@google.com.au',418.0000,1),(152,2,'lklimecki47','EdkR6e','Leora Klimecki','lklimecki47@narod.ru',205.0000,0),(153,2,'fkardosstowe48','0HY00aWhI74','Finn Kardos-Stowe','fkardosstowe48@hostgator.com',275.0000,0),(154,2,'mpaxman49','deaUwj','Mirna Paxman','mpaxman49@clickbank.net',406.0000,0),(155,2,'sbryant4a','i5Q5zmLTEv','Skipton Bryant','sbryant4a@biblegateway.com',197.0000,1),(156,2,'tlomath4b','5ZdIB7Hm','Tucker Lomath','tlomath4b@bbb.org',323.0000,1),(157,2,'rlanaway4c','yrQu98h78','Rosaline Lanaway','rlanaway4c@mtv.com',326.0000,0),(158,2,'bdeneve4d','l6MJTv4O','Beulah Deneve','bdeneve4d@delicious.com',196.0000,0),(159,2,'ajeavons4e','R8CCE9Y8','Anne-marie Jeavons','ajeavons4e@geocities.jp',463.0000,0),(160,2,'helies4f','MWaAR4CXfYSJ','Hilly Elies','helies4f@sina.com.cn',280.0000,0),(161,2,'bcottesford4g','rtXwBT1eO','Bank Cottesford','bcottesford4g@upenn.edu',103.0000,1),(162,2,'jshewry4h','OTNsbk3h12k','Janel Shewry','jshewry4h@yahoo.co.jp',243.0000,1),(163,2,'ssadat4i','Rj3NzYkkIYE','Skelly Sadat','ssadat4i@nba.com',450.0000,1),(164,2,'sregitz4j','vyaGB2rgcl','Sylvester Regitz','sregitz4j@merriam-webster.com',366.0000,1),(165,2,'ddowglass4k','cf6vZQ4C','Derby Dowglass','ddowglass4k@npr.org',494.0000,1),(166,2,'cmetzig4l','LFUeQYm','Cornie Metzig','cmetzig4l@yellowbook.com',414.0000,0),(167,2,'ahambrook4m','s0njMS','Angeline Hambrook','ahambrook4m@g.co',150.0000,0),(168,2,'begdale4n','NPA0G27E','Brent Egdale','begdale4n@youtu.be',154.0000,1),(169,2,'iropcke4o','KerY6DUrjFE','Iver Ropcke','iropcke4o@symantec.com',145.0000,0),(170,2,'laskey4p','EVeFZUfdLZ','Leonelle Askey','laskey4p@statcounter.com',154.0000,1),(171,2,'mrosberg4q','bq0Ni4','Meggi Rosberg','mrosberg4q@multiply.com',437.0000,0),(172,2,'gduckitt4r','BymQOh','Gerda Duckitt','gduckitt4r@opensource.org',393.0000,1),(173,2,'kilyushkin4s','HgLRAWJpDykR','Katalin Ilyushkin','kilyushkin4s@altervista.org',213.0000,0),(174,2,'khamstead4t','s04wdZkCPs1a','Katina Hamstead','khamstead4t@comsenz.com',212.0000,1),(175,2,'thow4u','nLVBtG25s','Tobi How','thow4u@reverbnation.com',111.0000,0),(176,2,'agolborn4v','mxXWKAs987gO','Ada Golborn','agolborn4v@bloglovin.com',465.0000,0),(177,2,'ttremethack4w','e4IIyD','Talbert Tremethack','ttremethack4w@zdnet.com',336.0000,0),(178,2,'ebilverstone4x','Pk72LoodpL','Elysha Bilverstone','ebilverstone4x@tumblr.com',140.0000,0),(179,2,'bchmiel4y','1I2cxBLFq','Barney Chmiel','bchmiel4y@cocolog-nifty.com',329.0000,0),(180,2,'aheikkinen4z','bWkNkH1dv','Ailsun Heikkinen','aheikkinen4z@phpbb.com',400.0000,1),(181,2,'cbastin50','IuJMzG5AXt25','Constantine Bastin','cbastin50@w3.org',290.0000,1),(182,2,'adugdale51','xXI7cdPQ','Ariana Dugdale','adugdale51@businessweek.com',383.0000,1),(183,2,'mmcguiney52','G7ln8UbqD0t','Marilee McGuiney','mmcguiney52@upenn.edu',342.0000,1),(184,2,'jdemkowicz53','g9NEevqOGRz','Jemimah Demkowicz','jdemkowicz53@google.co.jp',275.0000,0),(185,2,'gglassup54','twgGz5','Genvieve Glassup','gglassup54@hexun.com',192.0000,0),(186,2,'zsebley55','pFXyYOESn','Zane Sebley','zsebley55@ehow.com',212.0000,1),(187,2,'sflisher56','t8s3EnA4lr6','Sanderson Flisher','sflisher56@wiley.com',115.0000,1),(188,2,'gyuryaev57','5IyGg0F2zye','Garret Yuryaev','gyuryaev57@lulu.com',318.0000,1),(189,2,'epollastrone58','Sxerm1njU','Erick Pollastrone','epollastrone58@multiply.com',410.0000,1),(190,2,'xlaffin59','88Fo0hW','Xymenes Laffin','xlaffin59@cnbc.com',336.0000,1),(191,2,'bbeverley5a','YFwklM','Basilius Beverley','bbeverley5a@tuttocitta.it',274.0000,0),(192,2,'nmckenny5b','TJRP5rj','Natala McKenny','nmckenny5b@zdnet.com',498.0000,0),(193,2,'mdetheridge5c','rk4PDEUjN','Marybelle Detheridge','mdetheridge5c@auda.org.au',402.0000,1),(194,2,'zcapron5d','RDKJSHn3','Zach Capron','zcapron5d@hud.gov',202.0000,1),(195,2,'ctemple5e','l3w1M7LC','Ced Temple','ctemple5e@t.co',434.0000,1),(196,2,'risaq5f','Y07dEPGIy','Raina Isaq','risaq5f@dailymotion.com',382.0000,1),(197,2,'wlangridge5g','IPS4ZMl0dlU','Wolfie Langridge','wlangridge5g@parallels.com',466.0000,1),(198,2,'pclemits5h','itu4kdPCM0tE','Pietra Clemits','pclemits5h@businesswire.com',167.0000,0),(199,2,'dmcsweeney5i','Vm7OCbGEe','Del McSweeney','dmcsweeney5i@hibu.com',397.0000,1),(200,2,'dnoor5j','dUCYcXOQ6p','Dwain Noor','dnoor5j@engadget.com',149.0000,1),(201,2,'ghasely5k','xXf4Mh4WAQVl','Gasparo Hasely','ghasely5k@nymag.com',333.0000,1),(202,2,'hgerrans5l','WzpaVgraDrx','Huberto Gerrans','hgerrans5l@desdev.cn',335.0000,1),(203,2,'lkidney5m','olIzPsZ6LnoS','Laurene Kidney','lkidney5m@wunderground.com',490.0000,1),(204,2,'rgorch5n','0GHnZr7dm','Ricki Gorch','rgorch5n@un.org',432.0000,1),(205,2,'rjeffress5o','63cCy7jymdH','Ronda Jeffress','rjeffress5o@wsj.com',451.0000,0),(206,2,'tilymanov5p','x9nthZ3','Tadd Ilymanov','tilymanov5p@imdb.com',408.0000,0),(207,2,'acarrington5q','3yLdkji','Ardelia Carrington','acarrington5q@kickstarter.com',432.0000,1),(208,2,'ahayford5r','jSbcMa3k7ZbA','Angil Hayford','ahayford5r@shareasale.com',209.0000,0),(209,2,'dscheffel5s','cqTFJb','Dale Scheffel','dscheffel5s@unc.edu',124.0000,1),(210,2,'dcapaldo5t','heCXav5Pw0C','Dacie Capaldo','dcapaldo5t@loc.gov',106.0000,0),(211,2,'breina5u','KuCQQSoPM','Bax Reina','breina5u@usda.gov',424.0000,1),(212,2,'jivanin5v','PmSIUBEnHZI','Junina Ivanin','jivanin5v@huffingtonpost.com',300.0000,1),(213,2,'pbrushfield5w','GbNFq0','Patin Brushfield','pbrushfield5w@biblegateway.com',471.0000,0),(214,2,'wfilyushkin5x','UPSnKiV','Walden Filyushkin','wfilyushkin5x@ft.com',284.0000,1),(215,2,'osorbey5y','WHyBCUFkEgD','Ody Sorbey','osorbey5y@pcworld.com',403.0000,0),(216,2,'mliggins5z','eWYTFE3M','Manny Liggins','mliggins5z@bloglines.com',210.0000,1),(217,2,'bbambury60','fCTiNz','Bili Bambury','bbambury60@purevolume.com',151.0000,1),(218,2,'sbrideau61','LfRtUQU45c','Shelley Brideau','sbrideau61@dropbox.com',200.0000,1),(219,2,'jde62','uZN4fio0L0','Joanie De la Barre','jde62@vimeo.com',298.0000,1),(220,2,'ldenis63','zG5dYF','Lorenza Denis','ldenis63@people.com.cn',311.0000,1),(221,2,'wbromige64','JQeAz2MkWRVs','Wynny Bromige','wbromige64@ask.com',433.0000,0),(222,2,'ltollow65','DrNxih09NM','Leeanne Tollow','ltollow65@joomla.org',113.0000,0),(223,2,'gle66','bNMK5tEh','Giffer Le Fevre','gle66@ftc.gov',314.0000,1),(224,2,'aenders67','yH35dMA','Aubree Enders','aenders67@shinystat.com',105.0000,1),(225,2,'gcoslett68','C8xA58','Gordy Coslett','gcoslett68@people.com.cn',431.0000,1),(226,2,'smartynka69','7OXiLH','Stillman Martynka','smartynka69@sohu.com',460.0000,1),(227,2,'anaulls6a','pPnP61MO9','Astra Naulls','anaulls6a@opensource.org',201.0000,1),(228,2,'ecuddehy6b','pqfMuSp6JUya','Edgar Cuddehy','ecuddehy6b@sakura.ne.jp',467.0000,0),(229,2,'lspowart6c','jlN18Q5z89','Lexis Spowart','lspowart6c@si.edu',134.0000,1),(230,2,'alast6d','hAcrR8rBj','Alvira Last','alast6d@sun.com',349.0000,1),(231,2,'dyurocjkin6e','jf9BJCBq8E','Darbee Yurocjkin','dyurocjkin6e@biglobe.ne.jp',353.0000,0),(232,2,'qcull6f','3sKw9YwN','Queenie Cull','qcull6f@tumblr.com',156.0000,1),(233,2,'fpleager6g','o3M7w98X3rQI','Frans Pleager','fpleager6g@wordpress.com',429.0000,1),(234,2,'ewimbush6h','kuhkseWxCES','Edie Wimbush','ewimbush6h@squarespace.com',441.0000,1),(235,2,'rboddington6i','cjrD3o','Raphael Boddington','rboddington6i@gizmodo.com',481.0000,0),(236,2,'kpinckney6j','oZHGAvdS1','Korry Pinckney','kpinckney6j@accuweather.com',292.0000,1),(237,2,'tneljes6k','Jx0i2YIN','Toddy Neljes','tneljes6k@java.com',264.0000,0),(238,2,'lrelfe6l','dTqx5Vs','Leola Relfe','lrelfe6l@infoseek.co.jp',466.0000,0),(239,2,'ismaridge6m','wMbp3XuSp1','Inessa Smaridge','ismaridge6m@mit.edu',384.0000,0),(240,2,'mpavolillo6n','YbjSgVvZz3QF','Meara Pavolillo','mpavolillo6n@usatoday.com',337.0000,0),(241,2,'mbenoey6o','6wZWFrOva','Meggy Benoey','mbenoey6o@ox.ac.uk',345.0000,0),(242,2,'nurpeth6p','eZ8HHZN8Vvn','Neville Urpeth','nurpeth6p@wiley.com',273.0000,1),(243,2,'cfrancois6q','8rc0FCtA','Chantalle Francois','cfrancois6q@salon.com',262.0000,1),(244,2,'bfenimore6r','U4GddyWk2k','Barb Fenimore','bfenimore6r@creativecommons.org',360.0000,1),(245,2,'dgiacoboni6s','4qsRJ8GQ','Darsey Giacoboni','dgiacoboni6s@woothemes.com',386.0000,1),(246,2,'aburges6t','qXVLerxGrCg','Ann-marie Burges','aburges6t@woothemes.com',494.0000,1),(247,2,'cgoaks6u','wWHoHVCbfeZy','Corette Goaks','cgoaks6u@craigslist.org',298.0000,1),(248,2,'jbert6v','Dm9Q0iw8n1','Judd Bert','jbert6v@reddit.com',463.0000,0),(249,2,'ebrammer6w','eSQlfdY0K','Emeline Brammer','ebrammer6w@printfriendly.com',208.0000,0),(250,2,'vclemenson6x','GL85oXRu8J','Velvet Clemenson','vclemenson6x@cnet.com',256.0000,0),(251,2,'wlaban6y','AL8FyDiS','Wood Laban','wlaban6y@dion.ne.jp',334.0000,0),(252,2,'amcorkill6z','iSE2fc3','Averil McOrkill','amcorkill6z@hexun.com',319.0000,0),(253,2,'zzsa70','9NsgRMYeTLw','Zsa zsa Lerwell','zzsa70@apple.com',333.0000,1),(254,2,'dchilde71','DN01rgv4AYj','Dougy Childe','dchilde71@mashable.com',187.0000,0),(255,2,'chenryson72','BJeLtUyyDOL','Carlina Henryson','chenryson72@pagesperso-orange.fr',129.0000,0),(256,2,'cannice73','fwvT6k','Cortie Annice','cannice73@homestead.com',431.0000,0),(257,2,'tpersitt74','skJpU1RZyc','Tymon Persitt','tpersitt74@bandcamp.com',295.0000,0),(258,2,'cpiscotti75','qpUnnCK','Celeste Piscotti','cpiscotti75@theguardian.com',118.0000,1),(259,2,'jpaszek76','7HBZuNq','Jeanne Paszek','jpaszek76@dell.com',270.0000,0),(260,2,'cclearley77','sXtQQof','Caye Clearley','cclearley77@blogtalkradio.com',157.0000,1),(261,2,'hpfiffer78','dyBdWbsV','Huntlee Pfiffer','hpfiffer78@wunderground.com',213.0000,0),(262,2,'ldockrell79','aBkjOeNME','Leopold Dockrell','ldockrell79@prlog.org',496.0000,1),(263,2,'lgenthner7a','RFpxsDfsi1','Leora Genthner','lgenthner7a@netvibes.com',106.0000,1),(264,2,'ptovey7b','Ti8rQlnAyt','Phoebe Tovey','ptovey7b@usda.gov',415.0000,1),(265,2,'bfussey7c','2NjAVX','Blithe Fussey','bfussey7c@jiathis.com',319.0000,1),(266,2,'lbrunone7d','fZVLP2MaQ','Leela Brunone','lbrunone7d@wikimedia.org',205.0000,0),(267,2,'rhanmer7e','qQKGRvs112','Rab Hanmer','rhanmer7e@nytimes.com',386.0000,0),(268,2,'bcomberbeach7f','cBxO3Oj88A','Blaire Comberbeach','bcomberbeach7f@newsvine.com',449.0000,0),(269,2,'tcutriss7g','jkAv6as4bSTx','Tallie Cutriss','tcutriss7g@jigsy.com',352.0000,0),(270,2,'sklosges7h','GRoEoHy11','Shelli Klosges','sklosges7h@ft.com',367.0000,1),(271,2,'ponions7i','VYVorXFCGFx','Pollyanna O\'Nions','ponions7i@chron.com',476.0000,1),(272,2,'wpoetz7j','eAC53v4','Wallis Poetz','wpoetz7j@hatena.ne.jp',116.0000,0),(273,2,'tpeppin7k','X42yz0f3yzbW','Tucky Peppin','tpeppin7k@cargocollective.com',112.0000,1),(274,2,'ctrasler7l','cEcLikJhmBE7','Carlin Trasler','ctrasler7l@ucla.edu',123.0000,0),(275,2,'jstrippling7m','P3Wzio0DD6Z','Jeremie Strippling','jstrippling7m@indiegogo.com',367.0000,0),(276,2,'lmarquot7n','TuHZI7sqt','Lon Marquot','lmarquot7n@ow.ly',126.0000,1),(277,2,'croath7o','lRhJTSU','Claudina Roath','croath7o@feedburner.com',340.0000,1),(278,2,'kgatty7p','PIRWXxxq','Kaitlyn Gatty','kgatty7p@tripod.com',259.0000,0),(279,2,'galeksahkin7q','2drgpHlCEo0j','Gregorius Aleksahkin','galeksahkin7q@oaic.gov.au',451.0000,0),(280,2,'hicom7r','eiaFMVYSEz8','Hirsch Icom','hicom7r@cisco.com',231.0000,0),(281,2,'uwingar7s','TupSIs9','Urbano Wingar','uwingar7s@wikimedia.org',419.0000,1),(282,2,'fcamus7t','Hmk0rmFyqU3','Flossy Camus','fcamus7t@reddit.com',402.0000,1),(283,2,'molorenshaw7u','gXqbYce1','Maddy Olorenshaw','molorenshaw7u@naver.com',177.0000,1),(284,2,'mhiddsley7v','LgIcTPGb9q','Modestia Hiddsley','mhiddsley7v@gravatar.com',451.0000,0),(285,2,'ntutill7w','bS2cut3Sft','Norman Tutill','ntutill7w@forbes.com',474.0000,0),(286,2,'ttomaskunas7x','pRZTNjPoY9y','Terese Tomaskunas','ttomaskunas7x@blogger.com',272.0000,1),(287,2,'merley7y','MDMA8HfSbyDd','Maxie Erley','merley7y@mapy.cz',429.0000,1),(288,2,'dleftley7z','fhkWME5WGZ','Doralyn Leftley','dleftley7z@mysql.com',387.0000,0),(289,2,'rlattimer80','v2QPI3','Rich Lattimer','rlattimer80@wisc.edu',137.0000,0),(290,2,'istovin81','n3zQ8JjA5','Ines Stovin','istovin81@nba.com',489.0000,0),(291,2,'mbaytrop82','w4hK2LUm','Marta Baytrop','mbaytrop82@parallels.com',422.0000,1),(292,2,'bcruess83','KeGBKzPQmV1','Boniface Cruess','bcruess83@wired.com',126.0000,0),(293,2,'gmacfadyen84','WnS0vGuO','Gale MacFadyen','gmacfadyen84@nature.com',313.0000,0),(294,2,'dbunkle85','5gyxVpT','Dinny Bunkle','dbunkle85@cbslocal.com',259.0000,1),(295,2,'dgiovannelli86','oYTMRxcav','Debor Giovannelli','dgiovannelli86@forbes.com',170.0000,1),(296,2,'hscaice87','il2G5LluDi','Horatia Scaice','hscaice87@time.com',199.0000,0),(297,2,'jcaldairou88','DaoD4dB29UuM','Jerry Caldairou','jcaldairou88@addtoany.com',326.0000,1),(298,2,'gnoads89','iJ1pQjSQkAIQ','Giustino Noads','gnoads89@auda.org.au',363.0000,0),(299,2,'emapson8a','TKfrTHztYs','Engracia Mapson','emapson8a@pinterest.com',254.0000,0),(300,2,'bpostill8b','nGYGx0N','Brigid Postill','bpostill8b@narod.ru',444.0000,0),(301,2,'gbamborough8c','Xee1XG9gz','Gregorio Bamborough','gbamborough8c@eventbrite.com',445.0000,0),(302,2,'gkingsnode8d','XFyzcKTU','Granny Kingsnode','gkingsnode8d@xrea.com',471.0000,1),(303,2,'jletch8e','AVmnEFy','Janey Letch','jletch8e@go.com',345.0000,0),(304,2,'lgordongiles8f','XOqH13q','Lianne Gordon-Giles','lgordongiles8f@posterous.com',492.0000,1),(305,2,'twoolmer8g','ENlT7bGnN','Tim Woolmer','twoolmer8g@about.me',209.0000,1),(306,2,'igoodlip8h','6d560OV','Isak Goodlip','igoodlip8h@auda.org.au',331.0000,1),(307,2,'asimla8i','YZMs3aSQ5C','Abigail Simla','asimla8i@naver.com',459.0000,0),(308,2,'rtiesman8j','trZhvmbp1gA','Rebekah Tiesman','rtiesman8j@state.tx.us',220.0000,1),(309,2,'kgerhardt8k','CAHxsthbpr','Kalvin Gerhardt','kgerhardt8k@wufoo.com',131.0000,0),(310,2,'rcockshtt8l','wES9T6T','Rey Cockshtt','rcockshtt8l@list-manage.com',366.0000,0),(311,2,'gmonelli8m','hFnSXnjburc','Glenine Monelli','gmonelli8m@biglobe.ne.jp',476.0000,0),(312,2,'ttooke8n','WGwHCt','Thurstan Tooke','ttooke8n@furl.net',396.0000,1),(313,2,'mdymott8o','uorkdog','Mortie Dymott','mdymott8o@foxnews.com',392.0000,1),(314,2,'ccorps8p','mHSVo1OF','Cristi Corps','ccorps8p@newsvine.com',437.0000,0),(315,2,'ipetrov8q','AyxTkSd','Isiahi Petrov','ipetrov8q@webs.com',354.0000,1),(316,2,'mlamanby8r','VORhARB3txP','Martha Lamanby','mlamanby8r@reverbnation.com',408.0000,1),(317,2,'rdodle8s','xll5cjZqKZ','Rudie Dodle','rdodle8s@twitter.com',445.0000,0),(318,2,'cpedrozzi8t','hTrxZ287Jx','Cordell Pedrozzi','cpedrozzi8t@theglobeandmail.com',405.0000,1),(319,2,'mteasdalemarkie8u','o01xi5RusV6A','Mendel Teasdale-Markie','mteasdalemarkie8u@sitemeter.com',317.0000,1),(320,2,'wwitson8v','I10luhL','Waldon Witson','wwitson8v@dyndns.org',232.0000,0),(321,2,'lovize8w','kewmNqUA0hK5','Lambert Ovize','lovize8w@yahoo.co.jp',186.0000,0),(322,2,'cpriver8x','LW3PkFpBVv','Constantin Priver','cpriver8x@columbia.edu',345.0000,0),(323,2,'alemmanbie8y','iEM3jnJQu5iW','Ardeen Lemmanbie','alemmanbie8y@yolasite.com',239.0000,1),(324,2,'tlaraway8z','gvxR1w','Thorin Laraway','tlaraway8z@slideshare.net',218.0000,0),(325,2,'ydormon90','9gRtVvLNtR22','Yolane Dormon','ydormon90@qq.com',418.0000,0),(326,2,'vloughton91','Gn84UDH','Vassili Loughton','vloughton91@pcworld.com',226.0000,0),(327,2,'pthaller92','zCZ0sMR','Phip Thaller','pthaller92@soup.io',355.0000,0),(328,2,'lbutterly93','SfYMQqt1n','Lacey Butterly','lbutterly93@mit.edu',406.0000,1),(329,2,'lbasterfield94','WZJ7JXO3OlKm','Lawrence Basterfield','lbasterfield94@live.com',231.0000,0),(330,2,'kbouldon95','uLzXh2hfG1nd','Koenraad Bouldon','kbouldon95@ask.com',190.0000,0),(331,2,'ogagie96','7niWETk4','Odell Gagie','ogagie96@uiuc.edu',233.0000,1),(332,2,'mjindracek97','yUnYnuDiGJ','Maren Jindracek','mjindracek97@mayoclinic.com',114.0000,0),(333,2,'scauson98','UvzdoLIYOSW','Saudra Causon','scauson98@hugedomains.com',403.0000,1),(334,2,'scheevers99','x5oOIxrKql','Sybille Cheevers','scheevers99@feedburner.com',426.0000,0),(335,2,'thamshar9a','tlLZKby17','Tierney Hamshar','thamshar9a@unesco.org',445.0000,1),(336,2,'dbaalham9b','vuMcsx5AepGy','Dorette Baalham','dbaalham9b@huffingtonpost.com',190.0000,0),(337,2,'ryellowley9c','sDfH1TKEsSPa','Roberto Yellowley','ryellowley9c@fotki.com',368.0000,1),(338,2,'gdavidovic9d','nZIuMZagw','Glenine Davidovic','gdavidovic9d@51.la',383.0000,1),(339,2,'agreatorex9e','9oAFO5d4SqT','Artus Greatorex','agreatorex9e@fda.gov',189.0000,1),(340,2,'lkilius9f','QnG61J','Lalo Kilius','lkilius9f@techcrunch.com',168.0000,0),(341,2,'plevensky9g','WEPxyoTOMUi1','Phineas Levensky','plevensky9g@mapquest.com',191.0000,1),(342,2,'mschule9h','hmun8K','Melicent Schule','mschule9h@taobao.com',248.0000,0),(343,2,'brechert9i','MtgVf9EylR','Bernelle Rechert','brechert9i@umn.edu',287.0000,0),(344,2,'ldowne9j','2xHH8V6iC','Logan Downe','ldowne9j@hp.com',389.0000,1),(345,2,'mlavrinov9k','kbTTUpWQkvQ','Martelle Lavrinov','mlavrinov9k@mail.ru',382.0000,0),(346,2,'charbron9l','7JcSbUOa','Christabella Harbron','charbron9l@gmpg.org',466.0000,0),(347,2,'drubenfeld9m','dZRGw8ZKfG','Daryn Rubenfeld','drubenfeld9m@mashable.com',338.0000,1),(348,2,'dormiston9n','QYlNTemlr1C','Donal Ormiston','dormiston9n@ihg.com',442.0000,0),(349,2,'pcappineer9o','iIs62rtMDrR','Pinchas Cappineer','pcappineer9o@creativecommons.org',408.0000,1),(350,2,'cgollop9p','uYQa2TAybvH','Calypso Gollop','cgollop9p@hp.com',270.0000,1),(351,2,'cyearnsley9q','ENoNeB','Chrissie Yearnsley','cyearnsley9q@barnesandnoble.com',299.0000,1),(352,2,'treignolds9r','cR13zq5','Temp Reignolds','treignolds9r@berkeley.edu',258.0000,1),(353,2,'kthreadgold9s','dsungof1pxPe','Kingsly Threadgold','kthreadgold9s@mtv.com',368.0000,0),(354,2,'mgoose9t','mhWj8pN2t8e9','Marcelo Goose','mgoose9t@diigo.com',370.0000,0),(355,2,'rfayerbrother9u','nG1UEaImuZ4g','Ravi Fayerbrother','rfayerbrother9u@homestead.com',265.0000,1),(356,2,'bhuie9v','8bD5RE6AxBy','Bryna Huie','bhuie9v@last.fm',299.0000,0),(357,2,'cdalrymple9w','5WIFnfU50PRk','Cullin Dalrymple','cdalrymple9w@xing.com',157.0000,1),(358,2,'cpeschka9x','gbZHBvBo','Camellia Peschka','cpeschka9x@istockphoto.com',463.0000,0),(359,2,'lspears9y','vgSIWQQ4','Leanna Spears','lspears9y@blinklist.com',285.0000,0),(360,2,'ldanielut9z','DobGPEjvWB','Lou Danielut','ldanielut9z@usda.gov',260.0000,0),(361,2,'vferraria0','cNAGbh','Valerye Ferrari','vferraria0@feedburner.com',461.0000,0),(362,2,'fgoldea1','HiTbQxwKy','Fiann Golde','fgoldea1@qq.com',273.0000,0),(363,2,'adormanda2','Mz9YRy5MElre','Anatole Dormand','adormanda2@nationalgeographic.com',345.0000,1),(364,2,'areallya3','qq8pRk20g','Amalea Really','areallya3@umich.edu',402.0000,0),(365,2,'bbasilottaa4','lzyWUb99e','Bernhard Basilotta','bbasilottaa4@oracle.com',389.0000,1),(366,2,'splowmana5','o0yiWa092q','Sela Plowman','splowmana5@mozilla.org',388.0000,1),(367,2,'hsheacha6','ogLlpLJK13','Hugo Sheach','hsheacha6@example.com',218.0000,0),(368,2,'tshimonya7','xeO08z2YVa','Terza Shimony','tshimonya7@icio.us',350.0000,0),(369,2,'fcalla8','gBsTdOmLCA','Fanchette Call','fcalla8@google.com.au',109.0000,0),(370,2,'ngartrella9','nGNpsZyoVb','Nicolea Gartrell','ngartrella9@barnesandnoble.com',167.0000,1),(371,2,'ehughsaa','NQOTsMAbd55C','Ernestine Hughs','ehughsaa@mashable.com',348.0000,0),(372,2,'tbateab','uNEbwmqi','Tucky Bate','tbateab@europa.eu',449.0000,0),(373,2,'kwhitfeldac','POiB7meP2','Karita Whitfeld','kwhitfeldac@virginia.edu',113.0000,0),(374,2,'mkortad','rNXzN9V','Marcelia Kort','mkortad@spotify.com',379.0000,1),(375,2,'ddiae','Ih3aWfXKJ','Dallas Di Giorgio','ddiae@mapy.cz',383.0000,0),(376,2,'llevinsaf','A4qJ4Si','Lutero Levins','llevinsaf@cloudflare.com',228.0000,0),(377,2,'gsantosag','4xeZyXi59p','Guido Santos','gsantosag@apple.com',126.0000,1),(378,2,'gtroopah','9LvRbLd1oS2c','Germana Troop','gtroopah@boston.com',378.0000,1),(379,2,'mlansdaleai','mlUxiz','Margaux Lansdale','mlansdaleai@biglobe.ne.jp',320.0000,0),(380,2,'nlowingaj','vXZuR6N','Nickola Lowing','nlowingaj@home.pl',142.0000,0),(381,2,'ltumultyak','XO2xVJMoea','Lyndsie Tumulty','ltumultyak@businessweek.com',500.0000,0),(382,2,'bdelgatyal','XKIydpW','Brietta Delgaty','bdelgatyal@dropbox.com',127.0000,0),(383,2,'ifaltskogam','IK3xhB','Irma Faltskog','ifaltskogam@whitehouse.gov',173.0000,1),(384,2,'hbrosekean','2P40de8e','Harris Broseke','hbrosekean@patch.com',190.0000,1),(385,2,'lstubbertao','Aw302Q4','Lurleen Stubbert','lstubbertao@nih.gov',238.0000,0),(386,2,'acarverap','dMBuPKn3gtwO','Artemus Carver','acarverap@gizmodo.com',420.0000,1),(387,2,'sgrouseaq','VwPjWuRVU','Sherm Grouse','sgrouseaq@live.com',469.0000,0),(388,2,'kgrassinar','sosQoTPL','Kippie Grassin','kgrassinar@spotify.com',236.0000,0),(389,2,'mcollickas','hZ1rv7Uk','Marla Collick','mcollickas@woothemes.com',420.0000,1),(390,2,'ekienleinat','X6aNJDFVZAc','Evelyn Kienlein','ekienleinat@plala.or.jp',172.0000,1),(391,2,'ctortisau','eliwgSWcpJ','Carlyn Tortis','ctortisau@multiply.com',168.0000,1),(392,2,'dolivariav','IPTCO2k','Dagny Olivari','dolivariav@symantec.com',279.0000,0),(393,2,'twaymanaw','zyEtfHrs','Tomasine Wayman','twaymanaw@abc.net.au',215.0000,1),(394,2,'tnorfolkax','c0S9nrmQCny','Tine Norfolk','tnorfolkax@goodreads.com',427.0000,1),(395,2,'narmanday','lTv1ImEKYC0','Nicholle Armand','narmanday@umn.edu',168.0000,1),(396,2,'ahoulstonaz','ZyBFyG','Anjela Houlston','ahoulstonaz@wiley.com',346.0000,1),(397,2,'apearmainb0','2hsSyLrPVeh','Augie Pearmain','apearmainb0@cbslocal.com',275.0000,0),(398,2,'cbiaggettib1','dwVFGESjis','Chaunce Biaggetti','cbiaggettib1@miitbeian.gov.cn',305.0000,0),(399,2,'mferob2','r5138bAt1KT','Minnnie Fero','mferob2@timesonline.co.uk',104.0000,1),(400,2,'asmalleyb3','APGDBX3h','Anastasia Smalley','asmalleyb3@opensource.org',306.0000,0),(401,2,'jsauterb4','pcIUU4Ycf1z8','Jabez Sauter','jsauterb4@tamu.edu',447.0000,1),(402,2,'ubrisb5','OzKwyi','Ulric Bris','ubrisb5@sfgate.com',249.0000,0),(403,2,'cspatarulb6','IbimqAwTNEp','Cynde Spatarul','cspatarulb6@webnode.com',215.0000,1),(404,2,'lcovingtonb7','1L4QRb','Lonni Covington','lcovingtonb7@house.gov',212.0000,0),(405,2,'bdericotb8','3SmgyMQz2il','Bernardo Dericot','bdericotb8@mashable.com',326.0000,1),(406,2,'msloatb9','2651w05w','Malory Sloat','msloatb9@nhs.uk',481.0000,0),(407,2,'mbevanba','uPQlcJHF0MSr','Marcus Bevan','mbevanba@unc.edu',470.0000,0),(408,2,'lpleatbb','xItERhgS','Leodora Pleat','lpleatbb@columbia.edu',471.0000,0),(409,2,'ghopferbc','64BvKT','Griff Hopfer','ghopferbc@github.io',261.0000,0),(410,2,'kchisnallbd','bHdB7nuW','Kissiah Chisnall','kchisnallbd@123-reg.co.uk',375.0000,0),(411,2,'obristonbe','p0FkUEQO6lMw','Orlan Briston','obristonbe@telegraph.co.uk',104.0000,0),(412,2,'bbedfordbf','ax5F6Ayt','Basilius Bedford','bbedfordbf@instagram.com',494.0000,0),(413,2,'jtyronebg','KbNmVxqK','Jehanna Tyrone','jtyronebg@cdbaby.com',419.0000,0),(414,2,'apalinbh','Nh5tdyrLthx','Aubrie Palin','apalinbh@github.io',388.0000,0),(415,2,'dcanariobi','ZLjfQtYl','Dynah Canario','dcanariobi@goodreads.com',482.0000,1),(416,2,'malfordebj','0J86f1Q','Mureil Alforde','malfordebj@auda.org.au',101.0000,0),(417,2,'fhewinsbk','7nQ9G7','Fairleigh Hewins','fhewinsbk@ucoz.com',474.0000,0),(418,2,'mleanbl','u8vLDJI7mr','Miltie Lean','mleanbl@businessweek.com',489.0000,1),(419,2,'bjoysonbm','V2HkKPky','Berta Joyson','bjoysonbm@google.ru',237.0000,0),(420,2,'bskippingbn','egrzm4gkzE','Boyd Skipping','bskippingbn@linkedin.com',167.0000,0),(421,2,'akidbo','MT1LsMz','Annalee Kid','akidbo@blogspot.com',142.0000,1),(422,2,'srishworthbp','mUCRxAhDIgyk','Stormie Rishworth','srishworthbp@google.pl',336.0000,0),(423,2,'tpietruszewiczbq','E6e3EWDwkDp','Trace Pietruszewicz','tpietruszewiczbq@washingtonpost.com',461.0000,0),(424,2,'gtweedbr','ByNCpm9u','Glenda Tweed','gtweedbr@wikispaces.com',297.0000,0),(425,2,'ehammandbs','DBvpL1B','Elyse Hammand','ehammandbs@shop-pro.jp',437.0000,0),(426,2,'staffreybt','3l1vDq0','Sherri Taffrey','staffreybt@nba.com',451.0000,0),(427,2,'aschoenrockbu','54Lb3ZRO3LBV','Allayne Schoenrock','aschoenrockbu@weebly.com',435.0000,1),(428,2,'hsondlandbv','SNK2LUUrXGz','Hasty Sondland','hsondlandbv@yellowpages.com',487.0000,0),(429,2,'jcuttlesbw','lolfGRBfSA','Jenifer Cuttles','jcuttlesbw@so-net.ne.jp',364.0000,1),(430,2,'cbeddinghambx','Syg3BDRBZaz','Calida Beddingham','cbeddinghambx@t.co',312.0000,1),(431,2,'rmussoby','DGZVyvmg9','Rani Musso','rmussoby@freewebs.com',244.0000,0),(432,2,'ctyghtbz','aqEYC7Fa','Clem Tyght','ctyghtbz@dot.gov',274.0000,1),(433,2,'ccawthrac0','6umYhcc','Celina Cawthra','ccawthrac0@parallels.com',287.0000,0),(434,2,'ktorticec1','FYkeNq06','Kris Tortice','ktorticec1@washingtonpost.com',480.0000,0),(435,2,'gshouldersc2','P0bYuNntN','Graehme Shoulders','gshouldersc2@mozilla.org',374.0000,1),(436,2,'hsleec3','qmJGMak','Hilliary Slee','hsleec3@independent.co.uk',187.0000,1),(437,2,'bnewvellc4','63xJ2W17fz5S','Bradan Newvell','bnewvellc4@google.cn',178.0000,0),(438,2,'hrowdellc5','Yeb2jCOQIDrn','Hersh Rowdell','hrowdellc5@foxnews.com',433.0000,1),(439,2,'ibonhamc6','WBcd1sz','Inglis Bonham','ibonhamc6@liveinternet.ru',213.0000,1),(440,2,'bnurdinc7','GSW6lock','Blythe Nurdin','bnurdinc7@aol.com',424.0000,1),(441,2,'gmacrannellc8','ASLlDhF7SyFV','Gillan MacRannell','gmacrannellc8@wikispaces.com',189.0000,1),(442,2,'rmuggachc9','AOZukA','Rivkah Muggach','rmuggachc9@illinois.edu',420.0000,1),(443,2,'bsheppeyca','mOUbwkmj','Bailey Sheppey','bsheppeyca@cafepress.com',310.0000,0),(444,2,'ggimletcb','PUHblmcxb7','Gael Gimlet','ggimletcb@home.pl',297.0000,1),(445,2,'cdunkleycc','RE2dLST','Cicily Dunkley','cdunkleycc@live.com',197.0000,0),(446,2,'pgrigorushkincd','6FPsOXnQs','Prescott Grigorushkin','pgrigorushkincd@wix.com',222.0000,1),(447,2,'tpatisce','WBFgtyrmW0','Tracy Patis','tpatisce@princeton.edu',480.0000,1),(448,2,'dpennellscf','TiqU7Pz6s','Dylan Pennells','dpennellscf@epa.gov',312.0000,0),(449,2,'ahumbeycg','tJhsWL','Ailbert Humbey','ahumbeycg@sciencedirect.com',294.0000,1),(450,2,'ebrownech','8dPWd4474','Elita Browne','ebrownech@bbb.org',293.0000,1),(451,2,'ucerroci','DHlrEyL','Umeko Cerro','ucerroci@arstechnica.com',448.0000,0),(452,2,'tmantionecj','U7uXGBCt4M2i','Tessy Mantione','tmantionecj@netscape.com',238.0000,0),(453,2,'mgansbuhlerck','IibZKTom','Myrvyn Gansbuhler','mgansbuhlerck@cpanel.net',180.0000,0),(454,2,'tstrutcl','kMnu8uC','Tarra Strut','tstrutcl@dell.com',385.0000,0),(455,2,'vroxburghcm','fIA7jHB','Velma Roxburgh','vroxburghcm@wikispaces.com',295.0000,1),(456,2,'rgruszczakcn','pBlKYhmJAMz','Rube Gruszczak','rgruszczakcn@dailymotion.com',417.0000,1),(457,2,'mchismonco','mWzxceA8','Mac Chismon','mchismonco@alexa.com',243.0000,0),(458,2,'fcleatherowcp','ScHMoFMD6Ud','Flori Cleatherow','fcleatherowcp@sitemeter.com',185.0000,0),(459,2,'ibowtoncq','qS5AseOy5bRX','Iormina Bowton','ibowtoncq@miibeian.gov.cn',307.0000,0),(460,2,'eleemancr','dWscgR0e','Ellswerth Leeman','eleemancr@sakura.ne.jp',148.0000,1),(461,2,'tchannoncs','oCLhiYlO','Trevar Channon','tchannoncs@amazon.co.jp',182.0000,1),(462,2,'arullerct','KDUZxrAmAab','Audra Ruller','arullerct@narod.ru',417.0000,0),(463,2,'cdarnellcu','JUhbQXkNorax','Christean Darnell','cdarnellcu@tumblr.com',452.0000,0),(464,2,'dblatchercv','RxgoVPK','Deirdre Blatcher','dblatchercv@yahoo.co.jp',170.0000,1),(465,2,'wwoodfieldcw','IAkHsobtsnB','Wallis Woodfield','wwoodfieldcw@so-net.ne.jp',431.0000,0),(466,2,'ndonaldcx','960cW5l005','Nanette Donald','ndonaldcx@pbs.org',254.0000,0),(467,2,'bbegwellcy','kNxT2AH','Budd Begwell','bbegwellcy@people.com.cn',262.0000,1),(468,2,'cdowningcz','nzt5OIKY','Claudio Downing','cdowningcz@google.it',327.0000,0),(469,2,'dgostridged0','mgBskNO0','Debbie Gostridge','dgostridged0@google.ru',132.0000,1),(470,2,'apennettad1','uKQSHPY','Alexis Pennetta','apennettad1@feedburner.com',271.0000,0),(471,2,'aaviesond2','DECic1','Aubrey Avieson','aaviesond2@ustream.tv',103.0000,0),(472,2,'lstoppd3','OqSYuzV','Lisabeth Stopp','lstoppd3@ucsd.edu',180.0000,0),(473,2,'sstapleyd4','dUgN3SHHMPY','Shem Stapley','sstapleyd4@ow.ly',371.0000,1),(474,2,'nrushforthd5','Fv3iCm2YR','Nicol Rushforth','nrushforthd5@ca.gov',243.0000,0),(475,2,'yhubballd6','01VAPR7h36lf','Yancy Hubball','yhubballd6@wsj.com',262.0000,1),(476,2,'adud7','So3NGngKHg','Adey Du Barry','adud7@github.io',284.0000,1),(477,2,'jgippd8','DiGm9wHg9o7K','Jonathan Gipp','jgippd8@slashdot.org',160.0000,1),(478,2,'cdassindaled9','Za8041j','Caril Dassindale','cdassindaled9@businessweek.com',170.0000,0),(479,2,'ntoobyda','kZ1k9jqGt','Natka Tooby','ntoobyda@salon.com',365.0000,1),(480,2,'gmassereldb','e0Sm5d','Gunner Masserel','gmassereldb@boston.com',376.0000,0),(481,2,'aodc','JrGf3i0gto','Alexandros O\' Concannon','aodc@goodreads.com',295.0000,0),(482,2,'khoffdd','bXV8uZivwIx','Kenna Hoff','khoffdd@blogs.com',118.0000,1),(483,2,'sshovelde','g8cctf6b','Sheffy Shovel','sshovelde@springer.com',156.0000,0),(484,2,'hchampneysdf','SWXLxkZF8d','Hayes Champneys','hchampneysdf@harvard.edu',492.0000,0),(485,2,'dkobierzyckidg','sYMfLGkkYXh','Dorey Kobierzycki','dkobierzyckidg@weebly.com',200.0000,0),(486,2,'trammedh','p63UOqu','Trixy Ramme','trammedh@php.net',319.0000,0),(487,2,'wonraetdi','UeIgybNysP3l','Wilmette Onraet','wonraetdi@wix.com',349.0000,0),(488,2,'cmcilvaneydj','Jbfsw74npF5','Calvin McIlvaney','cmcilvaneydj@flickr.com',333.0000,1),(489,2,'mgiovannettidk','a517UFGGj','Myra Giovannetti','mgiovannettidk@discovery.com',489.0000,0),(490,2,'vbollinsdl','uIwfEaP6RF','Vinnie Bollins','vbollinsdl@51.la',160.0000,0),(491,2,'fspringthorpdm','OSFxi3','Fianna Springthorp','fspringthorpdm@gnu.org',276.0000,1),(492,2,'hkubandn','MruJwPiIfU','Hestia Kuban','hkubandn@ask.com',487.0000,1),(493,2,'wpryddendo','aNIOo1k4DV7m','Wallas Prydden','wpryddendo@edublogs.org',209.0000,0),(494,2,'crevelydp','e4wfp7GB8P','Cosmo Revely','crevelydp@alibaba.com',265.0000,1),(495,2,'afownesdq','OCkVPHYZEOe','Aile Fownes','afownesdq@eepurl.com',292.0000,0),(496,2,'trhoddiedr','142eMyTOs','Thorn Rhoddie','trhoddiedr@java.com',361.0000,1),(497,2,'vabelsonds','hzPRDm','Venita Abelson','vabelsonds@webmd.com',263.0000,1),(498,2,'vgiorgiettodt','tmvdR5LluZ','Vanda Giorgietto','vgiorgiettodt@prlog.org',155.0000,1),(499,2,'aeustondu','EPbg6nWZAj','Agnola Euston','aeustondu@tuttocitta.it',175.0000,0),(500,2,'mpepperralldv','bEMa0Yu6cvi3','Maureen Pepperrall','mpepperralldv@google.com',155.0000,0),(501,2,'acarabinedw','35srz0J','Arlette Carabine','acarabinedw@latimes.com',251.0000,1),(502,2,'tmaclaughlindx','bF9OGxvUs','Tris MacLaughlin','tmaclaughlindx@joomla.org',260.0000,1),(503,2,'sfranceydy','4hdfrtxlciLB','Suzie Francey','sfranceydy@wufoo.com',115.0000,0),(504,2,'ealexandredz','hoJHJzZF','Ellery Alexandre','ealexandredz@slate.com',175.0000,0),(505,2,'iyanne0','W5J0qFG','Idette Yann','iyanne0@biglobe.ne.jp',421.0000,1),(506,2,'cdelle1','qlVT9nmEls','Carol-jean Dell Casa','cdelle1@multiply.com',184.0000,1),(507,2,'byakuntsove2','BglxEK0V8J','Borg Yakuntsov','byakuntsove2@arizona.edu',374.0000,0),(508,2,'wtunnahe3','71pvY9SKq','Wade Tunnah','wtunnahe3@answers.com',450.0000,1),(509,2,'rhuxtere4','q6imP5E','Rickert Huxter','rhuxtere4@unc.edu',154.0000,0),(510,2,'mredmaynee5','kXMUqxcNmJ0z','Marlo Redmayne','mredmaynee5@free.fr',349.0000,0),(511,2,'gmaccaheee6','ea6cdLIP6HuV','Glen MacCahee','gmaccaheee6@pinterest.com',124.0000,1),(512,2,'vsantoroe7','zol8SEi','Vikky Santoro','vsantoroe7@imageshack.us',380.0000,0),(513,2,'irontreee8','k2GUAI2KxV8','Ida Rontree','irontreee8@hibu.com',198.0000,0),(514,2,'kmeelande9','oF86sD','Kali Meeland','kmeelande9@behance.net',248.0000,0),(515,2,'jjozwikea','F6RREHnBav6','Jyoti Jozwik','jjozwikea@51.la',497.0000,1),(516,2,'tfelgateeb','YpHUfb4KmNg','Theresita Felgate','tfelgateeb@macromedia.com',191.0000,0),(517,2,'mhathawayec','KZY5AS4KI','Max Hathaway','mhathawayec@archive.org',404.0000,0),(518,2,'dcrosened','TEug4xyFQGoX','Dimitri Crosen','dcrosened@cbc.ca',109.0000,1),(519,2,'ccowernee','Lid3b65','Cassandra Cowern','ccowernee@adobe.com',147.0000,1),(520,2,'rbeechef','FjjRLa8kBE','Reggy Beech','rbeechef@state.gov',479.0000,1),(521,2,'bbodessoneg','i6zQQnrH','Bondon Bodesson','bbodessoneg@imgur.com',271.0000,0),(522,2,'aodelleh','lk2nE01c0Ho','Anabella Odell','aodelleh@nsw.gov.au',258.0000,1),(523,2,'dserrelsei','oqruuTfQXcX','Donni Serrels','dserrelsei@moonfruit.com',243.0000,0),(524,2,'hvanej','Oy2C03XFSZ','Henrieta Van Giffen','hvanej@nationalgeographic.com',111.0000,0),(525,2,'rdeek','5RZUiHk2Q9mE','Ravi de Glanville','rdeek@army.mil',414.0000,1),(526,2,'opellittel','e1cITdqzvHfm','Oren Pellitt','opellittel@gizmodo.com',221.0000,1),(527,2,'pwylesem','PSH39I2L3ee','Palm Wyles','pwylesem@addthis.com',111.0000,1),(528,2,'cjamoten','rwO1yc','Christos Jamot','cjamoten@ebay.com',305.0000,0),(529,2,'oposkitteo','aBAxCk','Orelle Poskitt','oposkitteo@moonfruit.com',446.0000,1),(530,2,'jtarpeyep','ZHELzwJnXFSQ','Jody Tarpey','jtarpeyep@51.la',300.0000,1),(531,2,'ptrethowaneq','d7m1NJ','Poppy Trethowan','ptrethowaneq@stanford.edu',245.0000,0),(532,2,'tmeneyerer','2P8DrpTBk','Thorny Meneyer','tmeneyerer@rambler.ru',347.0000,1),(533,2,'dwolstencroftes','WLgSAyuPaXG','Dulce Wolstencroft','dwolstencroftes@eventbrite.com',164.0000,1),(534,2,'kblessedet','JXCvmB887','Kiah Blessed','kblessedet@noaa.gov',430.0000,0),(535,2,'pcarswelleu','B9yEO83p3XE','Padraig Carswell','pcarswelleu@google.ca',267.0000,1),(536,2,'rofogartyev','Sq9KtCm','Ronica O\'Fogarty','rofogartyev@slideshare.net',294.0000,0),(537,2,'ebrehatew','C2kNqtE','Ebonee Brehat','ebrehatew@usgs.gov',390.0000,0),(538,2,'ncroptonex','56zcoc','Nealson Cropton','ncroptonex@ftc.gov',481.0000,0),(539,2,'tcheseey','wKfPdB','Tarrah Chese','tcheseey@amazon.de',445.0000,0),(540,2,'smcgaraghanez','my0LdlbSJALQ','Stacia McGaraghan','smcgaraghanez@ed.gov',236.0000,0),(541,2,'wmckeefryf0','c5ctRudj','Willamina McKeefry','wmckeefryf0@vistaprint.com',436.0000,1),(542,2,'cwoodyattf1','BPKuVIF4TofO','Carmine Woodyatt','cwoodyattf1@prweb.com',270.0000,1),(543,2,'mwintertonf2','0r1SrJD5FC','Mikael Winterton','mwintertonf2@shutterfly.com',313.0000,1),(544,2,'odanjoief3','w8yJGIOqg91','Olly Danjoie','odanjoief3@google.ru',352.0000,1),(545,2,'mantlifff4','hRXQiTPn7vp','Mable Antliff','mantlifff4@engadget.com',210.0000,0),(546,2,'oshirdf5','DPrUciZMPJ6','Olia Shird','oshirdf5@geocities.com',147.0000,1),(547,2,'bwooldridgef6','1nlscOKr3Q9v','Bryana Wooldridge','bwooldridgef6@wordpress.org',465.0000,1),(548,2,'narnullf7','NLW4WGDo','Neile Arnull','narnullf7@earthlink.net',406.0000,1),(549,2,'eflindallf8','TvRygkgav','Ema Flindall','eflindallf8@miibeian.gov.cn',349.0000,1),(550,2,'ftyghtf9','BFMFmnk','Fred Tyght','ftyghtf9@chronoengine.com',461.0000,1),(551,2,'hsymesfa','4eNDz0l','Huey Symes','hsymesfa@amazonaws.com',222.0000,1),(552,2,'cbatchfb','pJgbPU1FLtyK','Cora Batch','cbatchfb@npr.org',429.0000,1),(553,2,'jfarhertyfc','DRhWYkSaHVYo','Jacquetta Farherty','jfarhertyfc@pagesperso-orange.fr',331.0000,1),(554,2,'gtroakefd','DAiOayz3JbKe','Gypsy Troake','gtroakefd@phoca.cz',338.0000,0),(555,2,'dstreaderfe','PAVVNei654HV','Dom Streader','dstreaderfe@slideshare.net',427.0000,0),(556,2,'asterrickff','UZ0LJC6UzJCG','Araldo Sterrick','asterrickff@w3.org',378.0000,1),(557,2,'heltonfg','bQCnP3y1Gmx','Haily Elton','heltonfg@springer.com',155.0000,0),(558,2,'pchestonfh','NcIsIkOdy6','Pauly Cheston','pchestonfh@cargocollective.com',111.0000,0),(559,2,'rflugerfi','VJQtae4XZ','Rouvin Fluger','rflugerfi@macromedia.com',381.0000,0),(560,2,'nripperfj','A6aiUuZZ2','Nikki Ripper','nripperfj@quantcast.com',131.0000,0),(561,2,'cmcclenanfk','os8ATWLAX4','Cherianne McClenan','cmcclenanfk@cbsnews.com',287.0000,0),(562,2,'hsimiolifl','yXrmOWw1','Heda Simioli','hsimiolifl@blogtalkradio.com',291.0000,1),(563,2,'zstraussfm','9GELoT','Zoe Strauss','zstraussfm@csmonitor.com',278.0000,0),(564,2,'awhysallfn','YchuJTF','Andee Whysall','awhysallfn@boston.com',489.0000,1),(565,2,'vbrandelfo','QTYCjah','Vere Brandel','vbrandelfo@sciencedirect.com',168.0000,0),(566,2,'cwoodisonfp','PpIX4cUdikHf','Charisse Woodison','cwoodisonfp@fotki.com',233.0000,0),(567,2,'gmosdillfq','K37i89o','Gar Mosdill','gmosdillfq@bigcartel.com',203.0000,1),(568,2,'edavidovicifr','b4JObIRrn8v4','Eddie Davidovici','edavidovicifr@geocities.com',339.0000,0),(569,2,'bsharnockfs','WfEv3AsZZiUP','Blakelee Sharnock','bsharnockfs@histats.com',417.0000,0),(570,2,'gnaisbittft','5HnKwCS','Gregorius Naisbitt','gnaisbittft@springer.com',119.0000,0),(571,2,'mcoatmanfu','WCIOWhL','Menard Coatman','mcoatmanfu@macromedia.com',105.0000,1),(572,2,'mmackaigfv','Vj3x2X','Michelina MacKaig','mmackaigfv@utexas.edu',455.0000,0),(573,2,'acorserfw','1MhN1uGddBfr','Anastasie Corser','acorserfw@yolasite.com',394.0000,1),(574,2,'kedsonfx','zgEvhWIaHy59','Kirby Edson','kedsonfx@google.com.br',427.0000,1),(575,2,'astoditfy','3AEFcTnab5','Augustine Stodit','astoditfy@gizmodo.com',488.0000,1),(576,2,'cskarinfz','BEbCTiVMTmN','Carlee Skarin','cskarinfz@economist.com',337.0000,0),(577,2,'jhynamg0','8ICYBI','Jesse Hynam','jhynamg0@opera.com',137.0000,1),(578,2,'lgrzeszczykg1','V0IVtw2w','Lenette Grzeszczyk','lgrzeszczykg1@google.pl',450.0000,1),(579,2,'jtodhunterg2','dGj6QM6QEt','Jaime Todhunter','jtodhunterg2@smh.com.au',280.0000,0),(580,2,'wtremouilleg3','lcGRTzvHuc','Ware Tremouille','wtremouilleg3@barnesandnoble.com',276.0000,0),(581,2,'aleversuchg4','Fvkwsuu','Allin Leversuch','aleversuchg4@ning.com',279.0000,0),(582,2,'dmenpesg5','p0udEpPZ','Derrick Menpes','dmenpesg5@nsw.gov.au',329.0000,1),(583,2,'kbaldryg6','gNRRlpR','Kara Baldry','kbaldryg6@whitehouse.gov',222.0000,1),(584,2,'qtalloeg7','KWPzuphqgyXr','Quent Talloe','qtalloeg7@epa.gov',469.0000,1),(585,2,'gconachyg8','0faPmF','Ginnifer Conachy','gconachyg8@newsvine.com',290.0000,1),(586,2,'bskonesg9','nDJD51','Bordie Skones','bskonesg9@bing.com',325.0000,0),(587,2,'jreederga','2M9igN','Jillie Reeder','jreederga@nbcnews.com',299.0000,0),(588,2,'qhearsegb','0BPDWKSBLXPA','Quentin Hearse','qhearsegb@qq.com',174.0000,1),(589,2,'sheartgc','zgTtRRjPV','Skippie Heart','sheartgc@jalbum.net',282.0000,1),(590,2,'mhuxstergd','40Hud6Jq','Monro Huxster','mhuxstergd@epa.gov',171.0000,1),(591,2,'jmedgewickge','4Td6FyPMvJm','Janaye Medgewick','jmedgewickge@angelfire.com',405.0000,1),(592,2,'nwarengf','mJqDg9qq','Ninnetta Waren','nwarengf@plala.or.jp',190.0000,0),(593,2,'iobraddengg','B3wrRi','Iormina O\'Bradden','iobraddengg@amazon.com',258.0000,1),(594,2,'afearnyoughgh','dDUQGSRl7','Alina Fearnyough','afearnyoughgh@zdnet.com',261.0000,0),(595,2,'fgyorffygi','9MWdUabQV8','Freddie Gyorffy','fgyorffygi@dyndns.org',221.0000,0),(596,2,'cgranthamgj','A9KFc3lSaIE','Claudia Grantham','cgranthamgj@barnesandnoble.com',171.0000,0),(597,2,'halesiogk','TboQtodzLXqx','Hayyim Alesio','halesiogk@techcrunch.com',347.0000,0),(598,2,'akeniongl','YsDAFiVo4eZ','Abbott Kenion','akeniongl@myspace.com',262.0000,0),(599,2,'pwhitchergm','hgxP46YB8C','Pat Whitcher','pwhitchergm@mac.com',469.0000,0),(600,2,'bpawleygn','SkO0YrpunK','Benton Pawley','bpawleygn@ebay.com',124.0000,0),(601,2,'aamisgo','zEA1qVIAQ','Aviva Amis','aamisgo@toplist.cz',311.0000,1),(602,2,'sraishergp','IKt9FSR','Scot Raisher','sraishergp@bigcartel.com',238.0000,0),(603,2,'jmowdaygq','GCydyCP','Jaynell Mowday','jmowdaygq@skype.com',497.0000,1),(604,2,'fbalinegr','4MO65aOh9','Filmore Baline','fbalinegr@oaic.gov.au',298.0000,1),(605,2,'mlickessgs','h7Gj4zCWEM','Marcia Lickess','mlickessgs@sina.com.cn',445.0000,1),(606,2,'htwohiggt','wYjHkL9','Horacio Twohig','htwohiggt@moonfruit.com',147.0000,1),(607,2,'cparradinegu','vfRBJmWv','Coralie Parradine','cparradinegu@google.com.au',494.0000,0),(608,2,'slavertygv','l9xD49yjSlo','Stanislas Laverty','slavertygv@sohu.com',233.0000,0),(609,2,'jrickisgw','wyD0Ul8C7T0','Judah Rickis','jrickisgw@privacy.gov.au',438.0000,0),(610,2,'dbarrickgx','CBxsd9','Dorene Barrick','dbarrickgx@dmoz.org',206.0000,0),(611,2,'ecastelluccigy','EdyLaHw','Eve Castellucci','ecastelluccigy@mlb.com',219.0000,0),(612,2,'idanksgz','rF0D6n7','Ines Danks','idanksgz@nps.gov',369.0000,1),(613,2,'mbeddallh0','k6VvBo0h413p','Marne Beddall','mbeddallh0@hhs.gov',190.0000,1),(614,2,'ehutchasonh1','t0CMdV6S0','Emmit Hutchason','ehutchasonh1@purevolume.com',145.0000,1),(615,2,'bmasdingh2','3d8t53MV9xP','Brigid Masding','bmasdingh2@php.net',489.0000,1),(616,2,'bmaidmenth3','BganGkNo','Barbara-anne Maidment','bmaidmenth3@free.fr',113.0000,0),(617,2,'ccapelingh4','EQAccM','Casie Capeling','ccapelingh4@state.tx.us',424.0000,0),(618,2,'rpickinh5','l0N7t1L','Rosemarie Pickin','rpickinh5@hugedomains.com',263.0000,1),(619,2,'lcodlinh6','VPac5GQAK96','Lonnie Codlin','lcodlinh6@github.com',228.0000,1),(620,2,'gcurwoodh7','UKwSj4B4m','Gregorius Curwood','gcurwoodh7@dell.com',372.0000,0),(621,2,'ohickissonh8','oS6ufN','Omar Hickisson','ohickissonh8@businessinsider.com',428.0000,0),(622,2,'ajecksh9','Q1xRMGXm','Alphard Jecks','ajecksh9@businesswire.com',256.0000,1),(623,2,'ddreakinha','bxlOgdfNk14t','Dreddy Dreakin','ddreakinha@sciencedaily.com',403.0000,1),(624,2,'wlettenhb','s4wKeFr','Ward Letten','wlettenhb@ebay.com',474.0000,0),(625,2,'jcotherillhc','7i39UDF','Jae Cotherill','jcotherillhc@house.gov',197.0000,0),(626,2,'asagrotthd','n3VrNNiJbQ','Anallise Sagrott','asagrotthd@globo.com',339.0000,1),(627,2,'dfredyhe','sWWRJZv','Dorise Fredy','dfredyhe@miitbeian.gov.cn',145.0000,1),(628,2,'sidelhf','ytxCG2W','Simonette Idel','sidelhf@youtu.be',127.0000,1),(629,2,'bsoppitthg','SlyMy5Cczks','Beltran Soppitt','bsoppitthg@123-reg.co.uk',173.0000,1),(630,2,'credgewellhh','jjaE8U8SF','Cherri Redgewell','credgewellhh@businesswire.com',289.0000,0),(631,2,'bhoyleshi','NleCQY3','Byron Hoyles','bhoyleshi@storify.com',437.0000,1),(632,2,'kcardenosahj','Ykz6kK','Kilian Cardenosa','kcardenosahj@google.ru',264.0000,1),(633,2,'cheynenhk','bjfJRR','Carlene Heynen','cheynenhk@comsenz.com',413.0000,0),(634,2,'fsindenhl','YNIrl3','Fayth Sinden','fsindenhl@samsung.com',402.0000,1),(635,2,'cherreroshm','TrcuNru','Callie Herreros','cherreroshm@bluehost.com',367.0000,1),(636,2,'nisaacshn','YgHIqMWk','Nerta Isaacs','nisaacshn@jigsy.com',116.0000,1),(637,2,'jnormantonho','IwkIVapBDf','Jase Normanton','jnormantonho@amazon.de',420.0000,0),(638,2,'abayldonhp','6Ic6YpTl6v','Andra Bayldon','abayldonhp@narod.ru',341.0000,1),(639,2,'osyretthq','5t7i7Q3u','Orville Syrett','osyretthq@stanford.edu',164.0000,1),(640,2,'swalkletthr','aEoQ7NIOqf','Sara Walklett','swalkletthr@earthlink.net',341.0000,1),(641,2,'tlappinhs','yVYrl98O','Tobit Lappin','tlappinhs@technorati.com',164.0000,1),(642,2,'jbeavisht','6Ej5hT','Jilly Beavis','jbeavisht@ted.com',237.0000,1),(643,2,'bclubleyhu','6pKS1oW1SdvB','Barbara-anne Clubley','bclubleyhu@gmpg.org',497.0000,1),(644,2,'cleymanhv','yaR0Tx0','Clayborn Leyman','cleymanhv@tripod.com',318.0000,0),(645,2,'ckidhw','2RPNNK1pYITc','Cordie Kid','ckidhw@eepurl.com',382.0000,0),(646,2,'kluxtonhx','k3S5hRxZG7','Klara Luxton','kluxtonhx@paginegialle.it',134.0000,0),(647,2,'cmcclintonhy','oU64MyW338R','Courtenay McClinton','cmcclintonhy@google.com.br',257.0000,1),(648,2,'tmounchhz','lhEDLwnIgEpn','Trish Mounch','tmounchhz@irs.gov',123.0000,0),(649,2,'larnholzi0','rtM6mo','Leland Arnholz','larnholzi0@cbc.ca',288.0000,0),(650,2,'fgentyi1','XQiwP4ClBg','Farah Genty','fgentyi1@businessinsider.com',184.0000,0),(651,2,'fbyrdei2','px3oUc','Floria Byrde','fbyrdei2@chron.com',339.0000,0),(652,2,'mdmtrovici3','cqUCNCB','Munroe Dmtrovic','mdmtrovici3@bloglines.com',498.0000,1),(653,2,'ldeyesi4','TkcWrOskr0','Lila Deyes','ldeyesi4@friendfeed.com',430.0000,0),(654,2,'mhakeni5','7Y48pBJM','Merrie Haken','mhakeni5@admin.ch',224.0000,1),(655,2,'jgibbettsi6','zCsvmspRCM','Junia Gibbetts','jgibbettsi6@msu.edu',221.0000,1),(656,2,'jmaccranni7','Nb32Tq','Jillene MacCrann','jmaccranni7@wiley.com',325.0000,1),(657,2,'lebbottsi8','p1coS6UM4','Lilly Ebbotts','lebbottsi8@skyrock.com',458.0000,1),(658,2,'vharbari9','cW2FdaJHZXz','Vernon Harbar','vharbari9@e-recht24.de',139.0000,1),(659,2,'jdaniellsia','QRmJhZlH','Jessamine Daniells','jdaniellsia@flavors.me',343.0000,0),(660,2,'mkochib','1Xz6MzG','Milli Koch','mkochib@cornell.edu',192.0000,0),(661,2,'mhonschic','VxU6qsKk','Magnum Honsch','mhonschic@amazonaws.com',328.0000,1),(662,2,'twoolastonid','9aLucmyZ','Theadora Woolaston','twoolastonid@skype.com',182.0000,0),(663,2,'vblestie','jSc5aI','Valentin Blest','vblestie@tinyurl.com',309.0000,1),(664,2,'mkynastonif','oWTGxXIi8B','Malachi Kynaston','mkynastonif@squidoo.com',355.0000,1),(665,2,'arosleig','k8lYu8PD1ht8','Annissa Rosle','arosleig@japanpost.jp',379.0000,1),(666,2,'fgedlingih','8B64OdAlwUa','Florella Gedling','fgedlingih@purevolume.com',359.0000,0),(667,2,'tmavinii','NxhFryfX','Tuck Mavin','tmavinii@state.gov',441.0000,0),(668,2,'uphilipssonij','Nbah0eZL','Ursula Philipsson','uphilipssonij@cisco.com',114.0000,0),(669,2,'malejandreik','yj0O5oGc','Maure Alejandre','malejandreik@economist.com',443.0000,0),(670,2,'okaufmanil','cwQsqqC','Odella Kaufman','okaufmanil@blog.com',223.0000,1),(671,2,'msimonichim','atkAmSNR','Missie Simonich','msimonichim@businessweek.com',409.0000,1),(672,2,'cmacinerneyin','U9GQjh17AQ3T','Cindelyn MacInerney','cmacinerneyin@creativecommons.org',363.0000,0),(673,2,'abecketio','8Nl8fH','Adrianne Becket','abecketio@oakley.com',422.0000,0),(674,2,'tsteereip','2uRT6QbmC60','Tabbatha Steere','tsteereip@list-manage.com',330.0000,1),(675,2,'aspinasiq','uN30dDQbNE','Adrien Spinas','aspinasiq@google.cn',263.0000,0),(676,2,'nfaveyir','pFhJNl','Nellie Favey','nfaveyir@newsvine.com',102.0000,0),(677,2,'mgiannottiis','OmMZ8k','Micki Giannotti','mgiannottiis@tripadvisor.com',443.0000,0),(678,2,'bbeneditit','qNfabyqAdF','Bone Benedit','bbeneditit@prnewswire.com',227.0000,0),(679,2,'jreynoldsiu','AtoAyS2ngH','Jermain Reynolds','jreynoldsiu@miitbeian.gov.cn',109.0000,0),(680,2,'cdanskeniv','MFajTvXE','Claiborne Dansken','cdanskeniv@goodreads.com',221.0000,1),(681,2,'mrumbellowiw','xdSjlnS5','Marie-ann Rumbellow','mrumbellowiw@gizmodo.com',393.0000,0),(682,2,'coffieldix','uruVWNbFA','Constancia Offield','coffieldix@sohu.com',189.0000,1),(683,2,'tdobkiniy','cxwJTu','Timothy Dobkin','tdobkiniy@ucoz.ru',375.0000,0),(684,2,'aguidoiz','WPipOw','Ardella Guido','aguidoiz@google.nl',276.0000,0),(685,2,'wjeavonj0','F4nW4h77X','Welch Jeavon','wjeavonj0@fda.gov',417.0000,0),(686,2,'dminsterj1','LqH8QffAPCf','Danie Minster','dminsterj1@ibm.com',377.0000,1),(687,2,'jgottsj2','O0v3UB2','John Gotts','jgottsj2@mac.com',450.0000,0),(688,2,'kdomengej3','ZRaqlP','Katherina Domenge','kdomengej3@163.com',191.0000,1),(689,2,'thandslipj4','BELXd0DJJoE','Tami Handslip','thandslipj4@ycombinator.com',219.0000,0),(690,2,'llinnyj5','qI2l7s5OuCf','Latashia Linny','llinnyj5@timesonline.co.uk',284.0000,1),(691,2,'jduddingj6','mFtPvLd','Jorie Dudding','jduddingj6@epa.gov',132.0000,1),(692,2,'bdestouchej7','P8p2eBdzLw','Bink Destouche','bdestouchej7@constantcontact.com',462.0000,0),(693,2,'gbouldonj8','SQCZYyL','Garrik Bouldon','gbouldonj8@gov.uk',368.0000,0),(694,2,'jpembridgej9','RA0SjabuY4','Jeremie Pembridge','jpembridgej9@independent.co.uk',356.0000,0),(695,2,'gbridelja','LXkzjV0kKnz','Gerek Bridel','gbridelja@xing.com',422.0000,0),(696,2,'hlinwoodjb','UjU4GoBIuJvo','Helaine Linwood','hlinwoodjb@mediafire.com',424.0000,1),(697,2,'nouldcottjc','Dj1084q4DBiE','Nerita Ouldcott','nouldcottjc@boston.com',226.0000,0),(698,2,'ggricejd','TwTC6afSE','Glennie Grice','ggricejd@epa.gov',445.0000,0),(699,2,'plangrickje','i9hDlPLTCfhi','Pooh Langrick','plangrickje@tumblr.com',452.0000,1),(700,2,'cquinnellyjf','NwqSpURBr','Camey Quinnelly','cquinnellyjf@over-blog.com',167.0000,1),(701,2,'tloughranjg','VhLxNcLQoGz','Theresa Loughran','tloughranjg@shop-pro.jp',294.0000,1),(702,2,'rhaskinsjh','1lcLIz2IO598','Reiko Haskins','rhaskinsjh@flavors.me',317.0000,0),(703,2,'mbrasonji','RitEEadJyCvt','Marybeth Brason','mbrasonji@lulu.com',494.0000,0),(704,2,'dwharbyjj','QomFUCE2','Doy Wharby','dwharbyjj@github.io',409.0000,0),(705,2,'tdavidovjk','7gD1MIKk','Tori Davidov','tdavidovjk@apple.com',261.0000,1),(706,2,'plongwoodjl','5G1f5bfp','Patrizia Longwood','plongwoodjl@xinhuanet.com',221.0000,1),(707,2,'eburnandjm','nQw6DKU','Edlin Burnand','eburnandjm@howstuffworks.com',319.0000,0),(708,2,'awisdishjn','iiRnn7Eff','Ariadne Wisdish','awisdishjn@live.com',142.0000,1),(709,2,'mbiggamjo','MFXqfS','Muffin Biggam','mbiggamjo@opera.com',416.0000,1),(710,2,'bswansboroughjp','s7BK6Tk','Bell Swansborough','bswansboroughjp@t-online.de',313.0000,0),(711,2,'ttordiffejq','UeYEZarut1','Tessy Tordiffe','ttordiffejq@topsy.com',188.0000,1),(712,2,'ssilverstonejr','MgF7P0','Shawna Silverstone','ssilverstonejr@wp.com',451.0000,1),(713,2,'hhurryjs','5I9VpO8Ry7d','Hastings Hurry','hhurryjs@moonfruit.com',274.0000,1),(714,2,'pfowdenjt','9XTYR3C','Pren Fowden','pfowdenjt@abc.net.au',441.0000,0),(715,2,'roskehanju','PLvq2K','Reuven O\'Skehan','roskehanju@people.com.cn',416.0000,1),(716,2,'hhannenjv','hnAy2Sv9OuEr','Harriott Hannen','hhannenjv@yolasite.com',202.0000,1),(717,2,'haismanjw','puQdRz5','Hermie Aisman','haismanjw@seattletimes.com',177.0000,0),(718,2,'rpaujx','SltGhGsNIPJ','Raimund Pau','rpaujx@youku.com',232.0000,0),(719,2,'bscardafieldjy','b8CJQNuG','Bobina Scardafield','bscardafieldjy@gravatar.com',222.0000,1),(720,2,'aoliviajz','cFKs05t','Aaron Olivia','aoliviajz@theatlantic.com',237.0000,1),(721,2,'ksimonnotk0','HJfqH5V','Karon Simonnot','ksimonnotk0@tuttocitta.it',176.0000,1),(722,2,'msatterthwaitek1','S7J2VK','Mariette Satterthwaite','msatterthwaitek1@storify.com',494.0000,1),(723,2,'glek2','T69Ul3','Garrott Le Strange','glek2@g.co',457.0000,1),(724,2,'gmarvelleyk3','4b72hKdmX','Glenine Marvelley','gmarvelleyk3@infoseek.co.jp',222.0000,1),(725,2,'wdukesburyk4','DM1GiO1j','Waylon Dukesbury','wdukesburyk4@mysql.com',105.0000,1),(726,2,'igoodshipk5','m5dr1nUb','Ilise Goodship','igoodshipk5@posterous.com',340.0000,1),(727,2,'dkimbleyk6','LnEoj21gfZ','Demetre Kimbley','dkimbleyk6@purevolume.com',238.0000,0),(728,2,'dforstk7','417eRnRP','Darsie Forst','dforstk7@jimdo.com',455.0000,1),(729,2,'pzuannk8','ik3ekAFjyF0u','Pearce Zuann','pzuannk8@devhub.com',134.0000,1),(730,2,'kfouldesk9','iKmuqQO','Kyle Fouldes','kfouldesk9@livejournal.com',206.0000,0),(731,2,'smcenenyka','xXO0a86i9','Silvie McEneny','smcenenyka@sogou.com',168.0000,1),(732,2,'alithcowkb','uCWHv3dY','Ardisj Lithcow','alithcowkb@ezinearticles.com',170.0000,0),(733,2,'rudenkc','SUxHyei','Roselle Uden','rudenkc@dailymail.co.uk',356.0000,1),(734,2,'esmythinkd','kAnJhOr','Eldin Smythin','esmythinkd@ustream.tv',148.0000,0),(735,2,'ddibnerke','RW1ynYmSJhg','Doe Dibner','ddibnerke@gravatar.com',412.0000,1),(736,2,'adumbeltonkf','0WhpuhH','Andreana Dumbelton','adumbeltonkf@reference.com',275.0000,0),(737,2,'jwoodyearekg','NLHyZQwvtU','Jeane Woodyeare','jwoodyearekg@xrea.com',328.0000,1),(738,2,'jrundallkh','YPRU4VhuTr','Jo-anne Rundall','jrundallkh@dell.com',118.0000,1),(739,2,'dbombki','OyJHs9cIg6YE','Dunn Bomb','dbombki@java.com',166.0000,1),(740,2,'econiberekj','Hwjb3Xq86tP','Elna Conibere','econiberekj@360.cn',156.0000,0),(741,2,'rbirleykk','LCGZ2cLa6vB','Raquel Birley','rbirleykk@sphinn.com',285.0000,1),(742,2,'rvernykl','LqVH2MS','Roxana Verny','rvernykl@myspace.com',172.0000,1),(743,2,'sdudingkm','YsiqRhRlkjG','Selia Duding','sdudingkm@bandcamp.com',179.0000,0),(744,2,'jbolstridgekn','fsrY4I','Jeane Bolstridge','jbolstridgekn@e-recht24.de',284.0000,1),(745,2,'darnizko','dqo4jedxK','Drusy Arniz','darnizko@hostgator.com',146.0000,1),(746,2,'rjozsakp','Na0FlST8','Reinold Jozsa','rjozsakp@histats.com',133.0000,1),(747,2,'jalejokq','7GzPmPoGTUH','Joelle Alejo','jalejokq@comsenz.com',162.0000,1),(748,2,'jgricewoodkr','tsOSLgnQ','Janey Gricewood','jgricewoodkr@disqus.com',436.0000,1),(749,2,'astrassks','57cv8jFL','Alastair Strass','astrassks@wufoo.com',360.0000,1),(750,2,'okarolowskikt','jrnDBhWLO7TK','Odele Karolowski','okarolowskikt@amazon.co.jp',305.0000,0),(751,2,'vfrancieku','wBpSk98Pxw2','Vikky Francie','vfrancieku@shinystat.com',150.0000,1),(752,2,'brockeykv','lN9D0l','Blondie Rockey','brockeykv@yellowpages.com',460.0000,0),(753,2,'jslingsbykw','r3KHdZDvmL','Jimmy Slingsby','jslingsbykw@mysql.com',459.0000,0),(754,2,'ncosenskx','f6aW7T','Nadean Cosens','ncosenskx@list-manage.com',115.0000,0),(755,2,'pewensonky','Bv0wMpL4Sq','Percy Ewenson','pewensonky@icq.com',240.0000,0),(756,2,'cbowerykz','iSwI7Wfoo','Catriona Bowery','cbowerykz@latimes.com',466.0000,0),(757,2,'vrosl0','Y1eM1rLMW','Vi Ros','vrosl0@themeforest.net',344.0000,0),(758,2,'csouthardl1','0qmuyuj','Con Southard','csouthardl1@pcworld.com',355.0000,0),(759,2,'csmalingl2','JkE2XbG','Costa Smaling','csmalingl2@amazonaws.com',238.0000,0),(760,2,'zheakl3','rIZYXM7Dsd','Zuzana Heak','zheakl3@psu.edu',318.0000,1),(761,2,'fbeediel4','OZgZCqQ','Fowler Beedie','fbeediel4@blogger.com',248.0000,0),(762,2,'mjenceyl5','iZsx9PGi3BS1','Maggie Jencey','mjenceyl5@ameblo.jp',253.0000,0),(763,2,'ccovinol6','j1j86KTP','Carolyne covino','ccovinol6@umn.edu',456.0000,1),(764,2,'lmoverleyl7','eMFa5ETohxS','Langsdon Moverley','lmoverleyl7@examiner.com',365.0000,1),(765,2,'asatchelll8','aBjHgJtA08uy','Arty Satchell','asatchelll8@wordpress.org',316.0000,0),(766,2,'lfreearl9','BgE38BOQKbR','Lolita Freear','lfreearl9@amazon.com',146.0000,1),(767,2,'jcorroyerla','aOOHsyJXEB','Jackie Corroyer','jcorroyerla@prnewswire.com',241.0000,0),(768,2,'mkruselb','T3fgPTINnT','Mahmud Kruse','mkruselb@google.co.uk',263.0000,1),(769,2,'gchappellelc','rfGZmB1','Gun Chappelle','gchappellelc@t.co',171.0000,1),(770,2,'nelwoodld','JG37pwx','Noelyn Elwood','nelwoodld@wufoo.com',102.0000,0),(771,2,'hhattamle','d63nC8qvET9','Hendrika Hattam','hhattamle@ucsd.edu',496.0000,1),(772,2,'mfrizzelllf','JhuyVzOp','Myles Frizzell','mfrizzelllf@yahoo.com',395.0000,1),(773,2,'hlammimanlg','1Dx5ByyAx','Harman Lammiman','hlammimanlg@naver.com',329.0000,1),(774,2,'achmarnylh','DVQ8HLLLCDz','Aidan Chmarny','achmarnylh@woothemes.com',121.0000,0),(775,2,'mpetraschli','A6EnK20yB','Marcile Petrasch','mpetraschli@artisteer.com',210.0000,0),(776,2,'cmcmurrayalj','Mn09OBQgsfs','Cybill McMurraya','cmcmurrayalj@xrea.com',292.0000,0),(777,2,'gcasswelllk','8NlF6Fe','Gavrielle Casswell','gcasswelllk@msn.com',110.0000,0),(778,2,'mruanell','vueUqPowQB','Mendy Ruane','mruanell@adobe.com',164.0000,1),(779,2,'mkillocklm','18l52PFO','Marigold Killock','mkillocklm@altervista.org',310.0000,0),(780,2,'hpetrowskyln','LaieAYHVFpd6','Horacio Petrowsky','hpetrowskyln@youtu.be',160.0000,0),(781,2,'agladwelllo','x2hDD6','Amalia Gladwell','agladwelllo@live.com',402.0000,1),(782,2,'kbamlettlp','46weYlK','Kristopher Bamlett','kbamlettlp@addthis.com',411.0000,1),(783,2,'ikaeslq','OHyvNLwIP','Idalia Kaes','ikaeslq@wikispaces.com',351.0000,0),(784,2,'byannelr','6msXBFggi','Benedick Yanne','byannelr@hc360.com',474.0000,1),(785,2,'dbladesls','xr9evWn','Debby Blades','dbladesls@mediafire.com',439.0000,0),(786,2,'elodgelt','XCgkwig8jvzu','Ewart Lodge','elodgelt@indiatimes.com',349.0000,0),(787,2,'ftornlu','ROYyMxv','Fredek Torn','ftornlu@spiegel.de',438.0000,0),(788,2,'cwaddilowlv','AX1lhoWDRm','Christie Waddilow','cwaddilowlv@slate.com',438.0000,0),(789,2,'dconklinlw','sv7k6vvZ','Dominique Conklin','dconklinlw@soundcloud.com',318.0000,0),(790,2,'dlostylx','WSe98TeEF','Deina Losty','dlostylx@disqus.com',179.0000,1),(791,2,'aimpettly','NR2wvq1pvMJ','Aylmar Impett','aimpettly@ed.gov',388.0000,0),(792,2,'fricsonlz','ifV8fW6K','Fernande Ricson','fricsonlz@artisteer.com',214.0000,0),(793,2,'cwroughtm0','KASqgr','Colleen Wrought','cwroughtm0@typepad.com',189.0000,1),(794,2,'dburrm1','JIiVZOm','Devonne Burr','dburrm1@samsung.com',401.0000,0),(795,2,'afriselm2','7nagWAyc9b','Andra Frisel','afriselm2@lycos.com',134.0000,1),(796,2,'lskirvinm3','aRxLjZ','Lowrance Skirvin','lskirvinm3@wired.com',258.0000,0),(797,2,'adomneym4','pLIym1Kf','Avivah Domney','adomneym4@kickstarter.com',159.0000,0),(798,2,'pcherrisonm5','I8p90eMaKM9Y','Phyllis Cherrison','pcherrisonm5@japanpost.jp',220.0000,0),(799,2,'fmerveillem6','euiGGDW','Fannie Merveille','fmerveillem6@gizmodo.com',190.0000,1),(800,2,'apeschkam7','sUgeZjks','Abigale Peschka','apeschkam7@studiopress.com',277.0000,1),(801,2,'tjurewiczm8','e9P1zm8P9Q1S','Teresa Jurewicz','tjurewiczm8@skyrock.com',194.0000,0),(802,2,'crostonm9','DMVFZL','Constancy Roston','crostonm9@a8.net',447.0000,0),(803,2,'bgliddenma','9ZBkef3D','Benton Glidden','bgliddenma@fc2.com',269.0000,1),(804,2,'sberefordmb','X9gbLH','Serene Bereford','sberefordmb@vkontakte.ru',342.0000,1),(805,2,'ebrownsmithmc','b93DCjadeoD','Elinor Brownsmith','ebrownsmithmc@twitpic.com',317.0000,0),(806,2,'dcollingemd','n4nl3i','Daffi Collinge','dcollingemd@cocolog-nifty.com',357.0000,0),(807,2,'bjarrelme','V80q8i7WVM','Britni Jarrel','bjarrelme@oaic.gov.au',405.0000,1),(808,2,'jbaggotmf','UdQz74JL','Jephthah Baggot','jbaggotmf@rakuten.co.jp',257.0000,0),(809,2,'ehonischmg','og6yayKH16E','Eleanore Honisch','ehonischmg@barnesandnoble.com',352.0000,1),(810,2,'hbromleymh','5UIPOzcBLO','Husein Bromley','hbromleymh@miitbeian.gov.cn',245.0000,1),(811,2,'galibonemi','buMMxfYFA','Garth Alibone','galibonemi@wikia.com',310.0000,0),(812,2,'rcreaneymj','IASPjMn','Reeba Creaney','rcreaneymj@nytimes.com',104.0000,1),(813,2,'llowsonmk','dvDsChn1q','Layney Lowson','llowsonmk@wsj.com',101.0000,0),(814,2,'rjillsml','vcUsU9N8G','Raven Jills','rjillsml@indiatimes.com',271.0000,0),(815,2,'ucreminmm','zVJ6hQf1PI','Urbanus Cremin','ucreminmm@timesonline.co.uk',364.0000,1),(816,2,'ktinniswoodmn','8xBfun','Kalle Tinniswood','ktinniswoodmn@constantcontact.com',216.0000,0),(817,2,'azealymo','UfAV9bvgKP','Artie Zealy','azealymo@huffingtonpost.com',170.0000,1),(818,2,'jdalwoodmp','wBMezahUoRr','Jerry Dalwood','jdalwoodmp@ycombinator.com',287.0000,1),(819,2,'jgiabuccimq','cHXsuJC','Julietta Giabucci','jgiabuccimq@typepad.com',295.0000,0),(820,2,'cmassinghammr','NNNIJlm','Callida Massingham','cmassinghammr@rakuten.co.jp',434.0000,0),(821,2,'jnorthleyms','83APL8','Jeralee Northley','jnorthleyms@google.de',355.0000,0),(822,2,'sgodlemanmt','yklmk1','Sephira Godleman','sgodlemanmt@mayoclinic.com',348.0000,0),(823,2,'bcastelotmu','8B0Qvqoqn','Borden Castelot','bcastelotmu@ted.com',424.0000,0),(824,2,'bweldrakemv','IBSOLLU','Bryna Weldrake','bweldrakemv@shinystat.com',154.0000,1),(825,2,'scossemmw','DVhH1l','Skipper Cossem','scossemmw@buzzfeed.com',183.0000,0),(826,2,'dfaersmx','fIZcw0nRX','Demetrius Faers','dfaersmx@soup.io',350.0000,1),(827,2,'khearemy','aRWKxY','Katie Heare','khearemy@newyorker.com',411.0000,0),(828,2,'mmeakemz','tXvr7r','Margot Meake','mmeakemz@constantcontact.com',330.0000,0),(829,2,'bgawnn0','olmeZGnouD','Brannon Gawn','bgawnn0@mlb.com',432.0000,0),(830,2,'jlapidusn1','necFDedH0','Jorry Lapidus','jlapidusn1@howstuffworks.com',312.0000,1),(831,2,'bpoadn2','GSHYeFA','Blaine Poad','bpoadn2@e-recht24.de',180.0000,0),(832,2,'mtenbrugn3','QSj7Z0fpt7','Marita Tenbrug','mtenbrugn3@google.ca',174.0000,1),(833,2,'nreinbechn4','spRq6e5dTVEc','Ninnette Reinbech','nreinbechn4@biglobe.ne.jp',155.0000,1),(834,2,'bappleyardn5','W76iTDXNad','Bard Appleyard','bappleyardn5@timesonline.co.uk',455.0000,1),(835,2,'pclarkn6','VqiIMRIm','Phoebe Clark','pclarkn6@reddit.com',269.0000,1),(836,2,'hgeorgeonn7','KfjJKp1nv0Cw','Haroun Georgeon','hgeorgeonn7@cmu.edu',241.0000,0),(837,2,'jdemern8','OX6GL2','Jackquelin Demer','jdemern8@rakuten.co.jp',150.0000,1),(838,2,'fpiontern9','Lq3ur6','Free Pionter','fpiontern9@amazonaws.com',216.0000,1),(839,2,'ngeistbeckna','7N17Zar0AEs','Nev Geistbeck','ngeistbeckna@tiny.cc',319.0000,1),(840,2,'wscotchmoornb','3ZFdhaIcQ','Wendall Scotchmoor','wscotchmoornb@home.pl',322.0000,0),(841,2,'caldwicknc','uGqHEEs','Codie Aldwick','caldwicknc@jiathis.com',392.0000,0),(842,2,'lfelipnd','eOOhXXXWb','Lavina felip','lfelipnd@myspace.com',288.0000,1),(843,2,'hmendesne','A6yHjGPv','Hazel Mendes','hmendesne@vistaprint.com',224.0000,1),(844,2,'amacauleynf','iAsgSJngqvR','Ashlen Macauley','amacauleynf@hexun.com',397.0000,0),(845,2,'atrewmanng','c2levDW4G1lG','Allissa Trewman','atrewmanng@globo.com',344.0000,1),(846,2,'ksponernh','WH73dAnnWYxk','Kata Sponer','ksponernh@cnet.com',177.0000,1),(847,2,'dtornni','joY61j5BzrH','Deana Torn','dtornni@etsy.com',246.0000,1),(848,2,'ecolericknj','uwvSc0OVSzm','Edouard Colerick','ecolericknj@disqus.com',144.0000,1),(849,2,'sdahlbergnk','2RDZrrwJdX','Sashenka Dahlberg','sdahlbergnk@diigo.com',184.0000,1),(850,2,'rsammarsnl','zajz05Fp','Roxanne Sammars','rsammarsnl@ucoz.ru',407.0000,1),(851,2,'thussynm','C6BuC4tM6gsg','Trisha Hussy','thussynm@tripadvisor.com',290.0000,0),(852,2,'kbotfieldnn','FFGaU17','Kissiah Botfield','kbotfieldnn@yolasite.com',107.0000,1),(853,2,'cmccambridgeno','KdNQqrJHfY','Cass McCambridge','cmccambridgeno@pbs.org',128.0000,1),(854,2,'aithellnp','7HkD1Ko','Andie Ithell','aithellnp@ucla.edu',165.0000,1),(855,2,'dskillingsnq','gQRm0SBuY4v','Darda Skillings','dskillingsnq@usgs.gov',428.0000,1),(856,2,'sluxnr','T3fNRMtrd','Staci Lux','sluxnr@reference.com',410.0000,1),(857,2,'prappns','VNLAOKgi7C6f','Pinchas Rapp','prappns@unesco.org',351.0000,1),(858,2,'speeternt','Hs5zMH9','Salomon Peeter','speeternt@stumbleupon.com',174.0000,1),(859,2,'rgrishenkovnu','6GaPScwwx','Renee Grishenkov','rgrishenkovnu@umn.edu',403.0000,1),(860,2,'ikuhlenv','VUgDqG','Ignaz Kuhle','ikuhlenv@mozilla.org',471.0000,1),(861,2,'gcreasynw','3oMGa1h1u','Granthem Creasy','gcreasynw@1688.com',492.0000,0),(862,2,'cwarlawnx','FEVoGgDR','Constantine Warlaw','cwarlawnx@ow.ly',358.0000,0),(863,2,'eblakestonny','6OnTDVk','Estella Blakeston','eblakestonny@artisteer.com',331.0000,1),(864,2,'rbottjernz','dGxzft','Ransom Bottjer','rbottjernz@forbes.com',429.0000,1),(865,2,'cwarsapo0','GLJQLw9','Cole Warsap','cwarsapo0@over-blog.com',485.0000,0),(866,2,'jmertschingo1','JavX2OiPIJed','Jacquelin Mertsching','jmertschingo1@gravatar.com',438.0000,1),(867,2,'jaliboneo2','v7tYIMUROH','Janela Alibone','jaliboneo2@home.pl',232.0000,1),(868,2,'tpolando3','xh0FrEe','Teddi Poland','tpolando3@is.gd',450.0000,0),(869,2,'ltaito4','bD15MWRSZSE','Lelia Tait','ltaito4@house.gov',278.0000,0),(870,2,'stheodoriso5','Qovqvh','Seward Theodoris','stheodoriso5@etsy.com',489.0000,1),(871,2,'jlougheedo6','KvQG4MFDmHZ','Joye Lougheed','jlougheedo6@yellowbook.com',433.0000,0),(872,2,'bepletto7','iuYxwWFePRoP','Benedikta Eplett','bepletto7@berkeley.edu',338.0000,1),(873,2,'jsonnero8','k5JynYk','Jerald Sonner','jsonnero8@mlb.com',448.0000,0),(874,2,'aflanneo9','MTbPyrokgoh','Analiese Flanne','aflanneo9@globo.com',181.0000,1),(875,2,'idelamereoa','XJrtEyA','Ingeberg Delamere','idelamereoa@adobe.com',483.0000,0),(876,2,'ozambonob','tZSLTTvXFbNE','Orelee Zambon','ozambonob@microsoft.com',275.0000,1),(877,2,'msendleyoc','IgQOKDqj','Milt Sendley','msendleyoc@google.ca',185.0000,1),(878,2,'rsandryod','IxqpxeJV8R','Roberta Sandry','rsandryod@youku.com',236.0000,0),(879,2,'pprottoe','78WXOAAg','Pat Prott','pprottoe@redcross.org',360.0000,1),(880,2,'jknibbsof','Pt995jB24','Jaymie Knibbs','jknibbsof@amazonaws.com',454.0000,1),(881,2,'isuchog','2ksxczGud','Ingelbert Such','isuchog@gizmodo.com',318.0000,0),(882,2,'bhuggensoh','4H2JbtHryuHk','Bonnibelle Huggens','bhuggensoh@uol.com.br',401.0000,0),(883,2,'jcrustoi','HyUcr8Sm','Janenna Crust','jcrustoi@cornell.edu',283.0000,1),(884,2,'sdyteroj','6FDI71X','Sollie Dyter','sdyteroj@alexa.com',462.0000,0),(885,2,'bplayfordok','nVuddRdS','Burl Playford','bplayfordok@squidoo.com',139.0000,0),(886,2,'jlindgrenol','F7OcwciPaYAm','Jean Lindgren','jlindgrenol@4shared.com',243.0000,1),(887,2,'abrookwoodom','5macg7ceLfp','Adriana Brookwood','abrookwoodom@un.org',449.0000,1),(888,2,'agiacomoon','GW8kU9zCzi','Angelo Giacomo','agiacomoon@aboutads.info',337.0000,0),(889,2,'ybohillsoo','VAuynIlYo9F','Yancy Bohills','ybohillsoo@comcast.net',367.0000,1),(890,2,'tswaytonop','sf7aXHp1WTe','Tiebold Swayton','tswaytonop@bing.com',403.0000,0),(891,2,'atippettsoq','stAAMc','Angel Tippetts','atippettsoq@yandex.ru',250.0000,1),(892,2,'mdederickor','dCsWObB','Melantha Dederick','mdederickor@ibm.com',476.0000,1),(893,2,'pquinnellyos','20o8Jzs2','Pia Quinnelly','pquinnellyos@dyndns.org',441.0000,0),(894,2,'mlighternessot','XQoEVIm0psK','Mordecai Lighterness','mlighternessot@hugedomains.com',282.0000,1),(895,2,'bdeou','hGR3qrgS','Bat De Zamudio','bdeou@squarespace.com',366.0000,1),(896,2,'apawlettov','HFpzxounJRC6','Analiese Pawlett','apawlettov@nbcnews.com',497.0000,1),(897,2,'abartelsellisow','2cALEyEa4p3','Augie Bartels-Ellis','abartelsellisow@hexun.com',295.0000,0),(898,2,'rbolgarox','tTK07heq8gk','Rocky Bolgar','rbolgarox@intel.com',407.0000,0),(899,2,'eabysoy','fCJrHhE6L908','Eleanor Abys','eabysoy@mapy.cz',224.0000,0),(900,2,'jeicheleroz','WvteDW1Xt','Joelly Eicheler','jeicheleroz@nymag.com',448.0000,0),(901,2,'gsaerp0','rk14nO5Ckp9','Gabe Saer','gsaerp0@hhs.gov',322.0000,0),(902,2,'amaudittp1','oYQ28qoA','Ardis Mauditt','amaudittp1@de.vu',298.0000,0),(903,2,'cmeop2','EtmxE9EtMYkv','Camella Meo','cmeop2@yandex.ru',121.0000,0),(904,2,'whumbiep3','fWHtXf','Wynny Humbie','whumbiep3@exblog.jp',436.0000,0),(905,2,'glangleyp4','EPq8ILz1zw','Ginnifer Langley','glangleyp4@washington.edu',409.0000,0),(906,2,'ssellnerp5','DgeHVjn4nB','Sybil Sellner','ssellnerp5@so-net.ne.jp',404.0000,0),(907,2,'wjeffryp6','mgwPmS9N6','Wolf Jeffry','wjeffryp6@bloglines.com',112.0000,0),(908,2,'sschurigp7','02eT21iyHAb7','Sondra Schurig','sschurigp7@psu.edu',417.0000,0),(909,2,'tiamittiip8','j8m7xKumY','Towney Iamittii','tiamittiip8@infoseek.co.jp',323.0000,1),(910,2,'dgorkep9','oY8904','Dinnie Gorke','dgorkep9@wordpress.com',172.0000,0),(911,2,'dgrouerpa','1KDZa3','Darcy Grouer','dgrouerpa@prweb.com',226.0000,0),(912,2,'kgodainpb','LyAZGx3NqaX','Krystyna Godain','kgodainpb@squidoo.com',134.0000,0),(913,2,'bbakerpc','CVVLoSLPDY','Brianna Baker','bbakerpc@washingtonpost.com',173.0000,0),(914,2,'fthomblesonpd','wfad7HscxcqO','Fredelia Thombleson','fthomblesonpd@zimbio.com',314.0000,1),(915,2,'bsmowtonpe','F1ZJYtQU','Benedicta Smowton','bsmowtonpe@hatena.ne.jp',459.0000,0),(916,2,'nrivalandpf','Jymu9e1kBjZ','Noelyn Rivaland','nrivalandpf@youku.com',179.0000,1),(917,2,'lcobbaldpg','8V2i8XZDR','Latisha Cobbald','lcobbaldpg@liveinternet.ru',101.0000,1),(918,2,'nheinschkeph','up4I8nnxy1h5','Netty Heinschke','nheinschkeph@soundcloud.com',460.0000,1),(919,2,'weasthampi','36c1LjC','Wendy Eastham','weasthampi@bbc.co.uk',214.0000,1),(920,2,'cscanlonpj','fFGyqOdScx','Cello Scanlon','cscanlonpj@is.gd',263.0000,0),(921,2,'ksarahpk','dHoMLqOk','Kaela Sarah','ksarahpk@mlb.com',189.0000,1),(922,2,'fbeinischpl','VqW2Xn','Flss Beinisch','fbeinischpl@amazonaws.com',149.0000,1),(923,2,'dkinceypm','YiaWbKhf','Doralyn Kincey','dkinceypm@adobe.com',255.0000,0),(924,2,'jmulhollandpn','vzMzIcqccE','Jackelyn Mulholland','jmulhollandpn@upenn.edu',432.0000,0),(925,2,'thuglipo','R2BqgvU8GF','Truman Hugli','thuglipo@adobe.com',156.0000,1),(926,2,'hghelardipp','2ADM5MsQ3G','Hagen Ghelardi','hghelardipp@elpais.com',199.0000,0),(927,2,'zchansonpq','AgA3qtV4','Zed Chanson','zchansonpq@twitter.com',190.0000,1),(928,2,'mhacardpr','axHWsWNZ','Margy Hacard','mhacardpr@dailymail.co.uk',121.0000,0),(929,2,'tsowdenps','x9jyei','Tull Sowden','tsowdenps@ft.com',381.0000,0),(930,2,'hbriggdalept','f75UD3','Hubert Briggdale','hbriggdalept@dot.gov',280.0000,0),(931,2,'hcoshpu','D6TIg5BDuR','Haydon Cosh','hcoshpu@chicagotribune.com',290.0000,1),(932,2,'mlacottepv','NIuZWevS','Major Lacotte','mlacottepv@miitbeian.gov.cn',305.0000,1),(933,2,'tpauncefortpw','2CAqwNJ1','Thekla Pauncefort','tpauncefortpw@skyrock.com',470.0000,0),(934,2,'gbruckentpx','NTYMwiq3eKT9','Gal Bruckent','gbruckentpx@google.com.hk',231.0000,1),(935,2,'mmcjarrowpy','0COvGt','Maryann McJarrow','mmcjarrowpy@zimbio.com',411.0000,1),(936,2,'kgalletlypz','SuIzQHL','Kelci Galletly','kgalletlypz@ebay.com',287.0000,0),(937,2,'hhaneq0','wxXxFk','Herrick Hane','hhaneq0@nbcnews.com',213.0000,0),(938,2,'dtuneq1','KO6XXx','Dyana Tune','dtuneq1@cnbc.com',315.0000,0),(939,2,'dwilbrahamq2','iojKIqs','Dwight Wilbraham','dwilbrahamq2@yelp.com',467.0000,1),(940,2,'ylakerq3','2mTcoGn','Yolande Laker','ylakerq3@fc2.com',317.0000,0),(941,2,'omashroq4','oxqvsr8','Oralee Mashro','omashroq4@bloglines.com',429.0000,0),(942,2,'hmaccaughenq5','CwUfLsI7PVl','Hinze MacCaughen','hmaccaughenq5@cdbaby.com',281.0000,1),(943,2,'pboliverq6','qadkURle0Tj','Penni Boliver','pboliverq6@foxnews.com',459.0000,1),(944,2,'dwadforthq7','Oc8UOmLuy','Deanna Wadforth','dwadforthq7@businesswire.com',379.0000,1),(945,2,'vaddingtonq8','da0yEwYNch','Vivienne Addington','vaddingtonq8@cnn.com',168.0000,1),(946,2,'mcarineq9','CQV4N3vMP','Mirna Carine','mcarineq9@samsung.com',454.0000,1),(947,2,'asteggalsqa','bPuwUF7Mn5H','Aila Steggals','asteggalsqa@parallels.com',203.0000,0),(948,2,'uhopkinsqb','blyWXows','Urbanus Hopkins','uhopkinsqb@paypal.com',415.0000,1),(949,2,'wedridgeqc','uzQLRr','Way Edridge','wedridgeqc@weebly.com',431.0000,0),(950,2,'tmordyqd','J98KSBCTWkl','Tabbatha Mordy','tmordyqd@disqus.com',333.0000,0),(951,2,'jalphegeqe','4OLpMNmJb','Jeth Alphege','jalphegeqe@123-reg.co.uk',116.0000,0),(952,2,'ngarryqf','cVwKSvAN','Norrie Garry','ngarryqf@tumblr.com',454.0000,0),(953,2,'imengoqg','z3F6PCYTC','Isadora Mengo','imengoqg@statcounter.com',211.0000,0),(954,2,'heliezqh','XQKQix','Hewet Eliez','heliezqh@accuweather.com',411.0000,0),(955,2,'estatenqi','ee9sGWDW90ce','Eddi Staten','estatenqi@t.co',286.0000,0),(956,2,'esibbaldqj','0ve6OKHH5F','Elmo Sibbald','esibbaldqj@squidoo.com',226.0000,1),(957,2,'cmorstattqk','Yn4iT5Kn','Charin Morstatt','cmorstattqk@e-recht24.de',244.0000,0),(958,2,'abocklerql','ZdIw4OWd8DH','Alida Bockler','abocklerql@epa.gov',436.0000,0),(959,2,'ispriddleqm','0N5sVl','Ira Spriddle','ispriddleqm@opera.com',418.0000,1),(960,2,'csweatlandqn','Kc3sfke4VZV1','Chris Sweatland','csweatlandqn@gmpg.org',258.0000,1),(961,2,'rbartkowiakqo','f1CdkiUbnoc','Roscoe Bartkowiak','rbartkowiakqo@bing.com',487.0000,1),(962,2,'mjenninsqp','mOtDId','Melonie Jennins','mjenninsqp@gizmodo.com',462.0000,1),(963,2,'slinnaneqq','CGFC3Oxps','Shandee Linnane','slinnaneqq@prnewswire.com',241.0000,0),(964,2,'sbyfieldqr','v1uV4G','Slade Byfield','sbyfieldqr@elegantthemes.com',290.0000,0),(965,2,'rzamoranoqs','6Lv1gDdA','Ric Zamorano','rzamoranoqs@people.com.cn',399.0000,0),(966,2,'pmunganeqt','JZ6ZKQr','Purcell Mungane','pmunganeqt@unblog.fr',190.0000,1),(967,2,'pfothergillqu','iPv4vG','Petunia Fothergill','pfothergillqu@hc360.com',486.0000,1),(968,2,'krodgersqv','q44gL95VwsTY','Kevan Rodgers','krodgersqv@youtube.com',234.0000,0),(969,2,'tdeqw','zguyQr1ZVPOd','Trey de Clerq','tdeqw@adobe.com',452.0000,1),(970,2,'irushworthqx','yFyUoD','Ignazio Rushworth','irushworthqx@msu.edu',494.0000,1),(971,2,'tmatthessenqy','KDeRSPuc','Thorpe Matthessen','tmatthessenqy@wikimedia.org',232.0000,0),(972,2,'awharmbyqz','tv2VhE42GeaH','Axel Wharmby','awharmbyqz@dagondesign.com',191.0000,0),(973,2,'cmarkovichr0','0LQzCJMjvI','Cobbie Markovich','cmarkovichr0@mlb.com',296.0000,0),(974,2,'gswattonr1','gg5ZaDOFqoUb','Gert Swatton','gswattonr1@forbes.com',318.0000,1),(975,2,'adepper2','ufmlb6q','Allys Deppe','adepper2@amazon.co.jp',466.0000,0),(976,2,'ffeatonbyr3','sQv1ldz','Farlay Featonby','ffeatonbyr3@domainmarket.com',107.0000,1),(977,2,'cvannarr4','4cHOqm','Correy Vannar','cvannarr4@wufoo.com',450.0000,1),(978,2,'lcalafater5','EWQZcJ2A','Lucille Calafate','lcalafater5@bloglines.com',452.0000,1),(979,2,'acrasswellr6','uxJwM8sjo7Z','Antonin Crasswell','acrasswellr6@prnewswire.com',373.0000,1),(980,2,'ocarvellr7','IGtECIxiG5j','Olivie Carvell','ocarvellr7@creativecommons.org',102.0000,0),(981,2,'fsimmenr8','KMoo67Itn','Franklyn Simmen','fsimmenr8@cpanel.net',117.0000,0),(982,2,'ahailsr9','AdLm7V','Alvan Hails','ahailsr9@ox.ac.uk',139.0000,1),(983,2,'hharlockra','dri3HAq8Oui8','Hymie Harlock','hharlockra@chron.com',488.0000,1),(984,2,'aclamperb','tGKP05WL3lyv','Adair Clampe','aclamperb@dailymotion.com',404.0000,0),(985,2,'lbattaillerc','fZKHTkTAk2t','Leilah Battaille','lbattaillerc@vkontakte.ru',147.0000,0),(986,2,'dsaundercockrd','T1DQaCsO','Dunstan Saundercock','dsaundercockrd@google.com',408.0000,0),(987,2,'dharefootre','4Ea7mF','Donny Harefoot','dharefootre@wordpress.com',369.0000,1),(988,2,'mstaddonrf','ZjSNbYbA1P0v','Mariya Staddon','mstaddonrf@marriott.com',364.0000,0),(989,2,'dmaccaheyrg','7pGvDHh','Del MacCahey','dmaccaheyrg@de.vu',253.0000,0),(990,2,'mpengilleyrh','vgfxNM','Melisande Pengilley','mpengilleyrh@hugedomains.com',110.0000,0),(991,2,'dbrezlawri','9Y8YCN','Dulcinea Brezlaw','dbrezlawri@usatoday.com',124.0000,0),(992,2,'asleightholmrj','pFCe4GO1CKOr','Adina Sleightholm','asleightholmrj@soup.io',494.0000,1),(993,2,'dmackettrk','vkAyCSSbe','Daisi Mackett','dmackettrk@google.pl',233.0000,0),(994,2,'uivyrl','P1TwvS0xE','Ursuline Ivy','uivyrl@parallels.com',437.0000,0),(995,2,'smcrm','jlPMYYga','Sheppard Mc Caughen','smcrm@aboutads.info',452.0000,0),(996,2,'dhustingsrn','bu0RDDYE4jn','Dario Hustings','dhustingsrn@fc2.com',343.0000,0),(997,2,'asalvatiro','Vuyx0gX6I','Ange Salvati','asalvatiro@freewebs.com',460.0000,0),(998,2,'hjentgensrp','l0e8Ogoo9','Hershel Jentgens','hjentgensrp@51.la',413.0000,0),(999,2,'asevernrq','S4K9euZ','Abbott Severn','asevernrq@google.fr',120.0000,1),(1000,2,'mkeysrr','5Kj83qW7','Marielle Keys','mkeysrr@washingtonpost.com',424.0000,0);
/*!40000 ALTER TABLE `user` ENABLE KEYS */;
UNLOCK TABLES;

--
-- Table structure for table `user_role`
--

DROP TABLE IF EXISTS `user_role`;
/*!40101 SET @saved_cs_client     = @@character_set_client */;
/*!50503 SET character_set_client = utf8mb4 */;
CREATE TABLE `user_role` (
  `id` int(11) NOT NULL AUTO_INCREMENT,
  `role` varchar(255) CHARACTER SET utf8mb4 COLLATE utf8mb4_0900_ai_ci NOT NULL,
  PRIMARY KEY (`id`),
  UNIQUE KEY `name_UNIQUE` (`role`)
) ENGINE=InnoDB AUTO_INCREMENT=7 DEFAULT CHARSET=utf8;
/*!40101 SET character_set_client = @saved_cs_client */;

--
-- Dumping data for table `user_role`
--
-- ORDER BY:  `id`

LOCK TABLES `user_role` WRITE;
/*!40000 ALTER TABLE `user_role` DISABLE KEYS */;
INSERT INTO `user_role` VALUES (1,'Admin'),(2,'User');
/*!40000 ALTER TABLE `user_role` ENABLE KEYS */;
UNLOCK TABLES;
/*!40103 SET TIME_ZONE=@OLD_TIME_ZONE */;

/*!40101 SET SQL_MODE=@OLD_SQL_MODE */;
/*!40014 SET FOREIGN_KEY_CHECKS=@OLD_FOREIGN_KEY_CHECKS */;
/*!40014 SET UNIQUE_CHECKS=@OLD_UNIQUE_CHECKS */;
/*!40101 SET CHARACTER_SET_CLIENT=@OLD_CHARACTER_SET_CLIENT */;
/*!40101 SET CHARACTER_SET_RESULTS=@OLD_CHARACTER_SET_RESULTS */;
/*!40101 SET COLLATION_CONNECTION=@OLD_COLLATION_CONNECTION */;
/*!40111 SET SQL_NOTES=@OLD_SQL_NOTES */;

-- Dump completed on 2020-04-27 12:38:27
