-- MySQL Script generated by MySQL Workbench
-- Fri Mar 20 13:55:31 2020
-- Model: New Model    Version: 1.0
-- MySQL Workbench Forward Engineering

SET @OLD_UNIQUE_CHECKS=@@UNIQUE_CHECKS, UNIQUE_CHECKS=0;
SET @OLD_FOREIGN_KEY_CHECKS=@@FOREIGN_KEY_CHECKS, FOREIGN_KEY_CHECKS=0;
SET @OLD_SQL_MODE=@@SQL_MODE, SQL_MODE='ONLY_FULL_GROUP_BY,STRICT_TRANS_TABLES,NO_ZERO_IN_DATE,NO_ZERO_DATE,ERROR_FOR_DIVISION_BY_ZERO,NO_ENGINE_SUBSTITUTION';

-- -----------------------------------------------------
-- Schema mydb
-- -----------------------------------------------------
-- -----------------------------------------------------
-- Schema periodicals
-- -----------------------------------------------------
DROP SCHEMA IF EXISTS `periodicals` ;

-- -----------------------------------------------------
-- Schema periodicals
-- -----------------------------------------------------
CREATE SCHEMA IF NOT EXISTS `periodicals` DEFAULT CHARACTER SET utf8 ;
USE `periodicals` ;

-- -----------------------------------------------------
-- Table `periodicals`.`edition_theme`
-- -----------------------------------------------------
CREATE TABLE IF NOT EXISTS `periodicals`.`edition_theme` (
  `id` INT(11) NOT NULL AUTO_INCREMENT,
  `title` VARCHAR(255) NOT NULL,
  PRIMARY KEY (`id`))
ENGINE = InnoDB
AUTO_INCREMENT = 25
DEFAULT CHARACTER SET = utf8;


-- -----------------------------------------------------
-- Table `periodicals`.`edition`
-- -----------------------------------------------------
CREATE TABLE IF NOT EXISTS `periodicals`.`edition` (
  `id` INT(11) NOT NULL AUTO_INCREMENT,
  `name` VARCHAR(255) NOT NULL,
  `type` ENUM('Газета', 'Журнал') CHARACTER SET 'utf8' NOT NULL,
  `theme_id` INT(11) NOT NULL,
  `periodicity_per_year` INT(11) NOT NULL,
  `minimum_subscription_period_in_months` INT(11) NOT NULL,
  `price_for_minimum_subscription_period` DECIMAL(19,4) NOT NULL,
  PRIMARY KEY (`id`),
  UNIQUE INDEX `id_UNIQUE` (`id` ASC) VISIBLE,
  INDEX `edition_theme_fk` (`theme_id` ASC) VISIBLE,
  CONSTRAINT `edition_theme_fk`
    FOREIGN KEY (`theme_id`)
    REFERENCES `periodicals`.`edition_theme` (`id`))
ENGINE = InnoDB
AUTO_INCREMENT = 740
DEFAULT CHARACTER SET = utf8;


-- -----------------------------------------------------
-- Table `periodicals`.`user_role`
-- -----------------------------------------------------
CREATE TABLE IF NOT EXISTS `periodicals`.`user_role` (
  `id` INT(11) NOT NULL AUTO_INCREMENT,
  `role` ENUM('Admin', 'User') CHARACTER SET 'utf8mb4' COLLATE 'utf8mb4_0900_ai_ci' NOT NULL,
  PRIMARY KEY (`id`),
  UNIQUE INDEX `name_UNIQUE` (`role` ASC) VISIBLE)
ENGINE = InnoDB
AUTO_INCREMENT = 7
DEFAULT CHARACTER SET = utf8;


-- -----------------------------------------------------
-- Table `periodicals`.`user`
-- -----------------------------------------------------
CREATE TABLE IF NOT EXISTS `periodicals`.`user` (
  `id` INT(11) NOT NULL AUTO_INCREMENT,
  `role_id` INT(11) NOT NULL,
  `login` VARCHAR(45) NOT NULL,
  `password` VARCHAR(255) NOT NULL,
  `full_name` VARCHAR(255) NOT NULL,
  `email` VARCHAR(255) NOT NULL,
  `money` DECIMAL(19,4) NOT NULL,
  `is_available` TINYINT(4) NOT NULL,
  PRIMARY KEY (`id`),
  UNIQUE INDEX `login_UNIQUE` (`login` ASC) VISIBLE,
  INDEX `user_role_fk` (`role_id` ASC) VISIBLE,
  CONSTRAINT `user_role_fk`
    FOREIGN KEY (`role_id`)
    REFERENCES `periodicals`.`user_role` (`id`))
ENGINE = InnoDB
AUTO_INCREMENT = 1007
DEFAULT CHARACTER SET = utf8;


-- -----------------------------------------------------
-- Table `periodicals`.`subscription`
-- -----------------------------------------------------
CREATE TABLE IF NOT EXISTS `periodicals`.`subscription` (
  `id` INT(11) NOT NULL AUTO_INCREMENT,
  `edition_id` INT(11) NOT NULL,
  `subscription_start_date` DATETIME NOT NULL,
  `subscription_end_date` DATETIME NOT NULL,
  `user_id` INT(11) NOT NULL,
  `is_paid` TINYINT(4) NOT NULL,
  PRIMARY KEY (`id`),
  INDEX `edition_fk` (`edition_id` ASC) VISIBLE,
  INDEX `user_sub_fk` (`user_id` ASC) VISIBLE,
  CONSTRAINT `edition_fk`
    FOREIGN KEY (`edition_id`)
    REFERENCES `periodicals`.`edition` (`id`),
  CONSTRAINT `user_sub_fk`
    FOREIGN KEY (`user_id`)
    REFERENCES `periodicals`.`user` (`id`))
ENGINE = InnoDB
AUTO_INCREMENT = 1001
DEFAULT CHARACTER SET = utf8;


-- -----------------------------------------------------
-- Table `periodicals`.`payment_type`
-- -----------------------------------------------------
CREATE TABLE IF NOT EXISTS `periodicals`.`payment_type` (
  `id` INT(11) NOT NULL AUTO_INCREMENT,
  `type` ENUM('refill', 'payment', 'refund') NOT NULL,
  PRIMARY KEY (`id`))
ENGINE = InnoDB
AUTO_INCREMENT = 4
DEFAULT CHARACTER SET = utf8;


-- -----------------------------------------------------
-- Table `periodicals`.`payment`
-- -----------------------------------------------------
CREATE TABLE IF NOT EXISTS `periodicals`.`payment` (
  `id` INT(11) NOT NULL AUTO_INCREMENT,
  `user_id` INT(11) NOT NULL,
  `type_id` INT(11) NOT NULL,
  `date` DATETIME NOT NULL,
  `amount` DECIMAL(19,4) NOT NULL,
  `subscription_id` INT(11) NULL DEFAULT NULL,
  PRIMARY KEY (`id`),
  INDEX `user_fk` (`user_id` ASC) VISIBLE,
  INDEX `type_fk` (`type_id` ASC) VISIBLE,
  INDEX `subscription_fk` (`subscription_id` ASC) VISIBLE,
  CONSTRAINT `subscription_fk`
    FOREIGN KEY (`subscription_id`)
    REFERENCES `periodicals`.`subscription` (`id`),
  CONSTRAINT `type_fk`
    FOREIGN KEY (`type_id`)
    REFERENCES `periodicals`.`payment_type` (`id`),
  CONSTRAINT `user_fk`
    FOREIGN KEY (`user_id`)
    REFERENCES `periodicals`.`user` (`id`))
ENGINE = InnoDB
AUTO_INCREMENT = 1001
DEFAULT CHARACTER SET = utf8;


SET SQL_MODE=@OLD_SQL_MODE;
SET FOREIGN_KEY_CHECKS=@OLD_FOREIGN_KEY_CHECKS;
SET UNIQUE_CHECKS=@OLD_UNIQUE_CHECKS;


INSERT INTO edition_theme VALUES (1,"Автомобили. Транспорт");
INSERT INTO edition_theme VALUES (2,"Бизнес. Предпринимательство. Рынок");
INSERT INTO edition_theme VALUES (3,"Вооруженные Силы. Правоохранительные органы");
INSERT INTO edition_theme VALUES (4,"Государство и право. Юридические науки");
INSERT INTO edition_theme VALUES (5,"Детские и молодежные издания");
INSERT INTO edition_theme VALUES (6,"Досуг. Телепрограммы с анонсами");
INSERT INTO edition_theme VALUES (7,"Здравоохранение. Медицина");
INSERT INTO edition_theme VALUES (8,"Издания для женщин. Издания для мужчин");
INSERT INTO edition_theme VALUES (9,"Издания универсального содержания");
INSERT INTO edition_theme VALUES (10,"Книговедение. Полиграфия. Филателия");
INSERT INTO edition_theme VALUES (11,"Компьютерные издания. Телевидение. Радио. Связь");
INSERT INTO edition_theme VALUES (12,"Культура. Искусство. Литература");
INSERT INTO edition_theme VALUES (13,"Научные и научно-популярные издания");
INSERT INTO edition_theme VALUES (14,"Образование. Педагогика");
INSERT INTO edition_theme VALUES (15,"Общественно-политические и литературно-художественные издания");
INSERT INTO edition_theme VALUES (16,"Природа. Мир животных и растений");
INSERT INTO edition_theme VALUES (17,"Приусадебное хозяйство. Сельское хозяйство. Экология. Лесное хозяйство");
INSERT INTO edition_theme VALUES (18,"Рекламные издания");
INSERT INTO edition_theme VALUES (19,"Религиозные издания");
INSERT INTO edition_theme VALUES (20,"Социальная защита населения. Издания для инвалидов. Охрана труда. Кадровая служба.");
INSERT INTO edition_theme VALUES (21,"Спорт. Путешествия. Туризм");
INSERT INTO edition_theme VALUES (22,"Техника. Промышленность. Строительство. Архитектура. Дизайн");
INSERT INTO edition_theme VALUES (23,"Фантастика. Детектив");
INSERT INTO edition_theme VALUES (24,"Экономика и финансы");

INSERT INTO edition VALUES (1,'Мир тяжелых моторов','Газета',1,24,1,5.8500);
INSERT INTO edition VALUES (2,'Транспортная безопасность','Газета',1,48,1,7.9300);
INSERT INTO edition VALUES (3,'Транспортный вестник','Газета',1,52,1,9.1800);
INSERT INTO edition VALUES (4,'Белорусы и рынок','Газета',2,12,1,6.2700);
INSERT INTO edition VALUES (5,'Светлогорский Бизнес','Газета',2,52,1,1.8000);
INSERT INTO edition VALUES (6,'Экономическая газета','Газета',2,96,1,38.4900);
INSERT INTO edition VALUES (7,'02 - газета Вицебскай мiлiцыi','Газета',3,12,1,2.9000);
INSERT INTO edition VALUES (8,'Белорусская военная газета. Во славу Родины','Газета',3,142,1,7.5500);
INSERT INTO edition VALUES (9,'Милицейский вестник','Газета',3,52,1,5.6900);
INSERT INTO edition VALUES (10,'Ах! Развивайка!','Газета',5,6,6,3.1700);
INSERT INTO edition VALUES (11,'Бабушкины сказки','Газета',5,2,6,0.7700);
INSERT INTO edition VALUES (12,'В гостях у сказки','Газета',5,12,3,3.6600);
INSERT INTO edition VALUES (13,'Глобус','Газета',5,12,3,3.1400);
INSERT INTO edition VALUES (14,'ДГ. Комплект изданий для детей младшего возраста','Газета',5,26,6,15.7300);
INSERT INTO edition VALUES (15,'ДГ. Комплект изданий для детей старшего и среднего возраста','Газета',5,30,6,15.3700);
INSERT INTO edition VALUES (16,'Детская \"Сказка-раскраска\"','Газета',5,2,6,1.1600);
INSERT INTO edition VALUES (17,'Детская газета','Газета',5,12,3,3.2900);
INSERT INTO edition VALUES (18,'Детская сказка на ночь','Газета',5,2,6,0.7700);
INSERT INTO edition VALUES (19,'Знамя юности','Газета',5,52,1,4.5100);
INSERT INTO edition VALUES (20,'Знамя юности для работников учреждений образования','Газета',5,52,1,4.1600);
INSERT INTO edition VALUES (21,'Знамя юности Льготная для членов ОО \"БРСМ\"','Газета',5,52,1,4.1600);
INSERT INTO edition VALUES (22,'Зорька','Газета',5,52,1,4.8600);
INSERT INTO edition VALUES (23,'Переходный возраст','Газета',5,48,1,6.5600);
INSERT INTO edition VALUES (24,'Полосатая газета','Газета',5,10,1,2.3600);
INSERT INTO edition VALUES (25,'Шапокляк','Газета',5,12,1,1.9600);
INSERT INTO edition VALUES (26,'Азбука дома (Минская область)','Газета',6,48,1,2.5600);
INSERT INTO edition VALUES (27,'Антенна-Телесемь','Газета',6,52,1,6.3600);
INSERT INTO edition VALUES (28,'Антенна-Телесемь для индивидуальных подписчиков льготный экономный на полугодие','Газета',6,52,6,35.2900);
INSERT INTO edition VALUES (29,'Антенна-Телесемь для индивидуальных подписчиков. имеющих подписной абонемент за любой предыдущий период','Газета',6,52,1,6.0200);
INSERT INTO edition VALUES (30,'ВЕЧЕРНИЙ МОГИЛЁВ ( выпуск по средам) (Могилев) (за пределы)','Газета',6,52,1,10.5600);
INSERT INTO edition VALUES (31,'ВЕЧЕРНИЙ МОГИЛЁВ ( выпуск по средам) (Могилев) подписка на полугодие (за пределы)','Газета',6,52,6,41.0000);
INSERT INTO edition VALUES (32,'ВЕЧЕРНИЙ МОГИЛЁВ (выпуск среда+ пятница) (за пределы)','Газета',6,104,1,2066417.0000);
INSERT INTO edition VALUES (33,'ВЕЧЕРНИЙ МОГИЛЁВ (выпуск среда+ пятница) подписка на полугодие (за пределы)','Газета',6,104,6,63.0000);
INSERT INTO edition VALUES (34,'Газета пенсионера','Газета',6,52,1,3.8600);
INSERT INTO edition VALUES (35,'Джем-сканворд','Газета',6,4,3,0.2400);
INSERT INTO edition VALUES (36,'Дорожные кроссворды','Газета',6,12,1,0.9900);
INSERT INTO edition VALUES (37,'Дорожные кроссворды Для пенсионеров и инвалидов всех групп','Газета',6,12,1,0.8600);
INSERT INTO edition VALUES (38,'Здоровая жизнь','Газета',6,12,3,2.3500);
INSERT INTO edition VALUES (39,'Здоровье и еда (с программой телевидения)','Газета',6,52,1,1.9600);
INSERT INTO edition VALUES (40,'Кабельное телевидение','Газета',6,52,1,6.6500);
INSERT INTO edition VALUES (41,'Комиксы. Анекдоты. Кроссворды','Газета',6,12,1,1.3900);
INSERT INTO edition VALUES (42,'Комиксы. Анекдоты. Кроссворды Для пенсионеров и инвалидов всех групп','Газета',6,12,1,1.1400);
INSERT INTO edition VALUES (43,'Крама крыжаванак','Газета',6,4,3,0.2300);
INSERT INTO edition VALUES (44,'Магазин сканвордов','Газета',6,52,1,2.1500);
INSERT INTO edition VALUES (45,'Магазин сканвордов подписка на квартал','Газета',6,52,3,6.0200);
INSERT INTO edition VALUES (46,'Мудрые советы','Газета',6,24,1,0.9300);
INSERT INTO edition VALUES (47,'На досуге (Витебск)','Газета',6,52,1,3.0500);
INSERT INTO edition VALUES (48,'На досуге (Витебск) (за пределы)','Газета',6,52,1,3.0500);
INSERT INTO edition VALUES (49,'На досуге (Витебск) Для подписчиков. имеющих полугодовую подписку в 2019г.. для инвалидов 1 и 2 групп. для ликвидаторов Чернобыльской аварии. для пенсионеров','Газета',6,52,1,2.9600);
INSERT INTO edition VALUES (50,'На досуге (Витебск) Для подписчиков. имеющих полугодовую подписку в 2019г.. для инвалидов 1 и 2 групп. для ликвидаторов Чернобыльской аварии. для пенсионеров (за пределы)','Газета',6,52,1,2.9600);
INSERT INTO edition VALUES (51,'Почтенный возраст','Газета',6,24,1,0.9300);
INSERT INTO edition VALUES (52,'Почтенный возраст подписка на полугодие','Газета',6,24,6,5.1700);
INSERT INTO edition VALUES (53,'Программа ТВ. Анекдоты. Кроссворды','Газета',6,52,1,4.2300);
INSERT INTO edition VALUES (54,'Программа ТВ. Анекдоты. Кроссворды Для пенсионеров и инвалидов всех групп','Газета',6,52,1,3.4300);
INSERT INTO edition VALUES (55,'Пятерка. 5Х5','Газета',6,24,1,1.1400);
INSERT INTO edition VALUES (56,'Сканворд пенсионера','Газета',6,24,1,0.9300);
INSERT INTO edition VALUES (57,'Советчица','Газета',6,52,1,2.0100);
INSERT INTO edition VALUES (58,'Советчица подписка на полугодие','Газета',6,52,6,11.2600);
INSERT INTO edition VALUES (59,'Твой город (Витебск) вторник','Газета',6,52,1,3.3400);
INSERT INTO edition VALUES (60,'Твой город (Витебск) вторник (за пределы)','Газета',6,52,1,3.3400);
INSERT INTO edition VALUES (61,'Твой город (Витебск) вторник подписка на квартал','Газета',6,52,3,8.6800);
INSERT INTO edition VALUES (62,'Твой город (Витебск) вторник подписка на квартал (за пределы)','Газета',6,52,3,8.6800);
INSERT INTO edition VALUES (63,'Твой город (Витебск) четверг','Газета',6,52,1,3.8900);
INSERT INTO edition VALUES (64,'Твой город (Витебск) четверг (за пределы)','Газета',6,52,1,3.8900);
INSERT INTO edition VALUES (65,'Твой город (Витебск) четверг подписка на полугодие','Газета',6,52,6,20.3100);
INSERT INTO edition VALUES (66,'Твой город (Витебск) четверг подписка на полугодие (за пределы)','Газета',6,52,6,20.3100);
INSERT INTO edition VALUES (67,'Теленеделя','Газета',6,52,1,3.6600);
INSERT INTO edition VALUES (68,'Телепанорама (Гомель)','Газета',6,52,1,6.2100);
INSERT INTO edition VALUES (69,'Телепанорама (Гомель) (за пределы)','Газета',6,52,1,6.2100);
INSERT INTO edition VALUES (70,'Хатнiя справы','Газета',6,12,1,0.2300);
INSERT INTO edition VALUES (71,'Цифровые сканворды','Газета',6,52,1,2.1500);
INSERT INTO edition VALUES (72,'ЧЕТВЕРГ','Газета',6,52,1,1.8700);
INSERT INTO edition VALUES (73,'ЧЕТВЕРГ','Газета',6,52,1,4.1100);
INSERT INTO edition VALUES (74,'ЧЕТВЕРГ Для пенсионеров. инвалидов всех групп. участников ВОВ и приравненных к ним лиц. многодетных семей. и подписчиков. имеющих абонемент на любое полугодие 2019 года','Газета',6,52,1,1.7300);
INSERT INTO edition VALUES (75,'ЧЕТВЕРГ льготная для пенсионеров. инвалидов всех групп. участников ВОВ и приравненных к ним лиц. многодетных семей. и подписчиков. имеющих абонемент на любое полугодие 2019 года','Газета',6,52,1,3.8300);
INSERT INTO edition VALUES (76,'Ваше здоровье','Газета',7,24,1,3.3100);
INSERT INTO edition VALUES (77,'Ваше здоровье Для инвалидов и участников ВОВ, инвалидов 1,2,3 групп, труда, детства, ликвидаторов аварии на ЧАЭС, многодетных матерей, блокадников Ленинграда, воинов-интернационалистов, медицинских работников, учащихся, тружеников тыла.','Газета',7,24,1,2.9300);
INSERT INTO edition VALUES (78,'Доживем до 100','Газета',7,12,1,0.2400);
INSERT INTO edition VALUES (79,'Здравушка. 100 лет без бед','Газета',7,24,1,1.4700);
INSERT INTO edition VALUES (80,'Здравушка. 100 лет без бед подписка на полугодие','Газета',7,24,6,8.3200);
INSERT INTO edition VALUES (81,'Здравушка. ТВ (без программы ТВ) подписка на полугодие','Газета',7,4,6,0.4600);
INSERT INTO edition VALUES (82,'Здравушка. ТВ (без программы ТВ)','Газета',7,4,3,0.2400);
INSERT INTO edition VALUES (83,'Медицинский вестник','Газета',7,52,1,5.8300);
INSERT INTO edition VALUES (84,'Медицинский вестник подписка на полугодие','Газета',7,52,6,30.4000);
INSERT INTO edition VALUES (85,'100 вопросов, 100 ответов и полезные советы','Газета',8,4,6,2.1600);
INSERT INTO edition VALUES (86,'1000 и 1 мелочь','Газета',8,12,1,1.7400);
INSERT INTO edition VALUES (87,'15 суток','Газета',8,12,1,0.8400);
INSERT INTO edition VALUES (88,'Анекдот слышал?','Газета',8,4,3,0.9900);
INSERT INTO edition VALUES (89,'Анекдоты плюс','Газета',8,12,3,363170.0000);
INSERT INTO edition VALUES (90,'Бабушкины заготовки на зиму','Газета',8,2,1,0.7400);
INSERT INTO edition VALUES (91,'Варим, солим, маринуем...','Газета',8,2,1,1.8400);
INSERT INTO edition VALUES (92,'Вельмi смачна','Газета',8,12,1,0.2300);
INSERT INTO edition VALUES (93,'Вкуснятина','Газета',8,12,1,0.8400);
INSERT INTO edition VALUES (94,'Вяжем, шьем и вышиваем','Газета',8,6,6,4.0500);
INSERT INTO edition VALUES (95,'Гороскоп (газета) + Гороскоп. Спецвыпуск (журнал) комплект','Газета',8,16,3,2.8900);
INSERT INTO edition VALUES (96,'ДГ. Комплект изданий \"Заготовки\"','Газета',8,6,6,3.0900);
INSERT INTO edition VALUES (97,'ДГ. Комплект изданий \"На все случаи жизни\"','Газета',8,22,6,14.7800);
INSERT INTO edition VALUES (98,'ДГ. КОМПЛЕКТ с Телепрограммой:','Газета',8,64,6,1963363.0000);
INSERT INTO edition VALUES (99,'Дежурный доктор','Газета',8,12,1,0.3700);
INSERT INTO edition VALUES (100,'Дежурный доктор (газета) + Здоровье пенсионера (журнал). Комплект изданий','Газета',8,64,1,3.2600);
INSERT INTO edition VALUES (101,'Деревенские заготовки','Газета',8,2,1,0.7200);
INSERT INTO edition VALUES (102,'Досуг пенсионера','Газета',8,52,1,3.4300);
INSERT INTO edition VALUES (103,'Друг пенсионера','Газета',8,52,1,2.6900);
INSERT INTO edition VALUES (104,'Женская газета','Газета',8,52,1,5.4500);
INSERT INTO edition VALUES (105,'Женская газета Для пенсионеров и инвалидов всех групп','Газета',8,52,1,4.6800);
INSERT INTO edition VALUES (106,'Житейская газета','Газета',8,12,3,3.9300);
INSERT INTO edition VALUES (107,'Заготовочки','Газета',8,2,1,0.6500);
INSERT INTO edition VALUES (108,'Календарь православных праздников на 2020 год. Доподписка','Газета',8,2,6,1.6900);
INSERT INTO edition VALUES (109,'Кухонька','Газета',8,6,6,3.2600);
INSERT INTO edition VALUES (110,'Ложка','Газета',8,12,1,0.2400);
INSERT INTO edition VALUES (111,'Лунный посевной календарь на 2020 год. Доподписка','Газета',8,2,6,1.4600);
INSERT INTO edition VALUES (112,'Мир с Богом','Газета',8,4,6,2.1200);
INSERT INTO edition VALUES (113,'Мясо, сало, колбаса и другие чудеса','Газета',8,4,3,1.0900);
INSERT INTO edition VALUES (114,'На недельку!','Газета',8,12,1,0.6500);
INSERT INTO edition VALUES (115,'Народные лекарства и снадобья','Газета',8,4,3,0.9400);
INSERT INTO edition VALUES (116,'Родительский дом','Газета',8,24,1,0.8400);
INSERT INTO edition VALUES (117,'Родительский дом подписка на полугодие','Газета',8,24,6,4.5300);
INSERT INTO edition VALUES (118,'Сам себе доктор','Газета',8,12,1,1.4600);
INSERT INTO edition VALUES (119,'Сенсация','Газета',8,12,1,0.7300);
INSERT INTO edition VALUES (120,'Хозяюшка','Газета',8,12,1,0.9500);
INSERT INTO edition VALUES (121,'Экономим вместе','Газета',8,12,1,0.2400);
INSERT INTO edition VALUES (122,'7 дней','Газета',9,52,1,5.2400);
INSERT INTO edition VALUES (123,'Беларус-МТЗ обозрение','Газета',9,100,1,7.4300);
INSERT INTO edition VALUES (124,'Беларус-МТЗ обозрение для инвалидов, ветеранов ВОВ, тружеников тыла, афганцев, чернобыльцев, ветеранов труда ОАО \"МТЗ\", почетных доноров','Газета',9,100,1,5.8100);
INSERT INTO edition VALUES (125,'Брестская газета (Брест)','Газета',9,52,1,5.4000);
INSERT INTO edition VALUES (126,'Брестская газета (Брест) (за пределы)','Газета',9,52,1,5.4000);
INSERT INTO edition VALUES (127,'Брестская газета (Брест) льготная','Газета',9,52,1,4.8100);
INSERT INTO edition VALUES (128,'Брестская газета (Брест) льготная (за пределы)','Газета',9,52,1,4.8100);
INSERT INTO edition VALUES (129,'Вести потребкооперации','Газета',9,48,1,3.7900);
INSERT INTO edition VALUES (130,'ВЕЧЕРНИЙ БОБРУЙСК (Могилев)','Газета',9,52,1,5.0000);
INSERT INTO edition VALUES (131,'ВЕЧЕРНИЙ БОБРУЙСК (Могилев) (за пределы)','Газета',9,52,1,5.0000);
INSERT INTO edition VALUES (132,'Вечерний Гродно (Гродно)','Газета',9,52,1,5.8000);
INSERT INTO edition VALUES (133,'Вечерний Гродно (Гродно) (за пределы)','Газета',9,52,1,5.8000);
INSERT INTO edition VALUES (134,'Вечерний Гродно (Гродно) льготная, для подписчиков, имеющих подписной абонемент на любой период 2019г.','Газета',9,52,1,5.3000);
INSERT INTO edition VALUES (135,'Вечерний Гродно (Гродно) льготная, для подписчиков, имеющих подписной абонемент на любой период 2019г. (за пределы)','Газета',9,52,1,5.3000);
INSERT INTO edition VALUES (136,'Герой працы (Шумилинский р-н)','Газета',9,100,1,6.3000);
INSERT INTO edition VALUES (137,'Герой працы (Шумилинский р-н) (за пределы)','Газета',9,100,1,6.3000);
INSERT INTO edition VALUES (138,'Голас Веткаўшчыны (Ветковский р-н)','Газета',9,98,1,7.3500);
INSERT INTO edition VALUES (139,'Голас Веткаўшчыны (Ветковский р-н) (за пределы)','Газета',9,98,1,7.3500);
INSERT INTO edition VALUES (140,'Голас Расоншчыны (Россонский р-н)','Газета',9,52,6,26.2400);
INSERT INTO edition VALUES (141,'Голас Расоншчыны (Россонский р-н)','Газета',9,52,1,4.9000);
INSERT INTO edition VALUES (142,'Голас Расоншчыны (Россонский р-н) (за пределы)','Газета',9,52,6,26.2400);
INSERT INTO edition VALUES (143,'Голас Расоншчыны (Россонский р-н) (за пределы)','Газета',9,52,1,4.9000);
INSERT INTO edition VALUES (144,'Гомельские ведомости (Гомель)','Газета',9,150,1,8.1200);
INSERT INTO edition VALUES (145,'Гомельские ведомости (Гомель) (за пределы)','Газета',9,150,1,8.1200);
INSERT INTO edition VALUES (146,'Гомельские ведомости (Гомель) льготная - для ветеранов ВОВ, пенсионеров всех категорий, в том числе инвалидов всех групп','Газета',9,150,1,7.1100);
INSERT INTO edition VALUES (147,'Гомельские ведомости (Гомель) льготная - для ветеранов ВОВ, пенсионеров всех категорий, в том числе инвалидов всех групп (за пределы)','Газета',9,150,1,7.1100);
INSERT INTO edition VALUES (148,'Дзяннiца (Щучинский р-н)','Газета',9,106,1,5.2300);
INSERT INTO edition VALUES (149,'ДНЕПРОВСКАЯ НЕДЕЛЯ (Могилев)','Газета',9,52,1,4.0600);
INSERT INTO edition VALUES (150,'ДНЕПРОВСКАЯ НЕДЕЛЯ (Могилев) (за пределы)','Газета',9,52,1,4.0600);
INSERT INTO edition VALUES (151,'ДНЕПРОВСКАЯ НЕДЕЛЯ (Могилев) подписка на полугодие','Газета',9,52,6,20.3300);
INSERT INTO edition VALUES (152,'ДНЕПРОВСКАЯ НЕДЕЛЯ (Могилев) подписка на полугодие (за пределы)','Газета',9,52,6,20.3300);
INSERT INTO edition VALUES (153,'Дняпроўская праўда (Дубровенский р-н)','Газета',9,102,1,6.0000);
INSERT INTO edition VALUES (154,'Дняпроўская праўда (Дубровенский р-н) (за пределы)','Газета',9,102,1,6.0000);
INSERT INTO edition VALUES (155,'Дняпроўская праўда (Дубровенский р-н) для пенсионеров подписка на полугодие','Газета',9,102,6,33.0000);
INSERT INTO edition VALUES (156,'Дняпроўская праўда (Дубровенский р-н) для пенсионеров подписка на полугодие (за пределы)','Газета',9,102,6,33.0000);
INSERT INTO edition VALUES (157,'Добрушскi край (Добрушский р-н)','Газета',9,100,1,6.9000);
INSERT INTO edition VALUES (158,'Добрушскi край (Добрушский р-н) (за пределы)','Газета',9,100,1,6.9000);
INSERT INTO edition VALUES (159,'Железнодорожник Белоруссии','Газета',9,96,1,5.8400);
INSERT INTO edition VALUES (160,'Живая вода','Газета',9,52,1,3.8000);
INSERT INTO edition VALUES (161,'Жыццё Прыдзвiння (Витебский р-н)','Газета',9,98,1,6.3000);
INSERT INTO edition VALUES (162,'Жыццё Прыдзвiння (Витебский р-н) (за пределы)','Газета',9,98,1,6.3000);
INSERT INTO edition VALUES (163,'Зара над Нёманам (Мостовский р-н)','Газета',9,102,1,6.3000);
INSERT INTO edition VALUES (164,'Зара над Нёманам (Мостовский р-н) (за пределы)','Газета',9,102,1,6.3000);
INSERT INTO edition VALUES (165,'Зара над Нёманам (Мостовский р-н) подписка на квартал','Газета',9,102,3,18.3000);
INSERT INTO edition VALUES (166,'Зара над Нёманам (Мостовский р-н) подписка на квартал (за пределы)','Газета',9,102,3,18.3000);
INSERT INTO edition VALUES (167,'Калiнкавiцкiя навiны (Калинковичский р-н)','Газета',9,146,1,7.2600);
INSERT INTO edition VALUES (168,'Калiнкавiцкiя навiны (Калинковичский р-н) (за пределы)','Газета',9,146,1,7.2600);
INSERT INTO edition VALUES (169,'КОММЕРЧЕСКИЙ КУРЬЕР (Могилев)','Газета',9,52,1,6.5500);
INSERT INTO edition VALUES (170,'КОММЕРЧЕСКИЙ КУРЬЕР (Могилев) (за пределы)','Газета',9,52,1,6.5500);
INSERT INTO edition VALUES (171,'КОММЕРЧЕСКИЙ КУРЬЕР (Могилев) для пенсионеров, участников ВОВ, инвалидов, малообеспеченных граждан','Газета',9,52,1,5.5500);
INSERT INTO edition VALUES (172,'Культура','Газета',12,52,1,9.0000);
INSERT INTO edition VALUES (173,'Наша слова','Газета',12,52,1,2.6100);
INSERT INTO edition VALUES (174,'Аналитическая газета \"Секретные исследования\"','Газета',13,24,1,2.0000);
INSERT INTO edition VALUES (175,'Версия','Газета',13,12,1,1.0100);
INSERT INTO edition VALUES (176,'Краязнаўчая газета','Газета',13,48,1,4.5700);
INSERT INTO edition VALUES (177,'Навука','Газета',13,52,1,3.3500);
INSERT INTO edition VALUES (178,'Сверхсекретные расследования','Газета',13,4,3,1.4000);
INSERT INTO edition VALUES (179,'Секретные расследования','Газета',13,12,1,1.0500);
INSERT INTO edition VALUES (180,'Домой!','Газета',14,12,1,4.3000);
INSERT INTO edition VALUES (181,'Настаўнiцкая газета','Газета',14,146,1,14.5000);
INSERT INTO edition VALUES (182,'Пухавiцкiя навiны (Пуховичский р-н)','Газета',14,94,1,5.5000);
INSERT INTO edition VALUES (183,'Пухавiцкiя навiны (Пуховичский р-н) (за пределы)','Газета',14,94,1,5.5000);
INSERT INTO edition VALUES (184,'Intex-press (Барановичcкий р-н) (за пределы)','Газета',15,52,1,5.4700);
INSERT INTO edition VALUES (185,'Intex-press (Барановичский р-н)','Газета',15,52,1,5.4700);
INSERT INTO edition VALUES (186,'Iвацэвiцкi веснiк (Ивацевичский р-н)','Газета',15,98,1,6.0000);
INSERT INTO edition VALUES (187,'Iвацэвiцкi веснiк (Ивацевичский р-н) (за пределы)','Газета',15,98,1,6.0000);
INSERT INTO edition VALUES (188,'Iнфa-Kур\'ер (Слуцкий р-н)','Газета',15,52,1,4.3500);
INSERT INTO edition VALUES (189,'Iнфa-Kур\'ер (Слуцкий р-н) (за пределы)','Газета',15,52,1,4.3500);
INSERT INTO edition VALUES (190,'IСКРА (Чаусский р-н) (за пределы)','Газета',15,100,1,6.5000);
INSERT INTO edition VALUES (191,'IСКРА (Чаусский р-н) подписка на квартал','Газета',15,100,3,18.0000);
INSERT INTO edition VALUES (192,'IСКРА (Чаусский р-н) подписка на квартал (за пределы)','Газета',15,100,3,18.0000);
INSERT INTO edition VALUES (193,'IСКРА (Чаусский р-н) подписка на полугодие','Газета',15,100,6,34.2000);
INSERT INTO edition VALUES (194,'IСКРА (Чаусский р-н) подписка на полугодие (за пределы)','Газета',15,100,6,34.2000);
INSERT INTO edition VALUES (195,'IСКРА (Чаусский р-н)','Газета',15,100,1,6.5000);
INSERT INTO edition VALUES (196,'Iўеўскi край (Ивьевский р-н)','Газета',15,98,1,4.7000);
INSERT INTO edition VALUES (197,'Iўеўскi край (Ивьевский р-н) (за пределы)','Газета',15,98,1,4.7000);
INSERT INTO edition VALUES (198,'The Minsk Times','Газета',15,48,1,10.3000);
INSERT INTO edition VALUES (199,'Авангард (Буда- Кошелевский р-н)','Газета',15,52,1,7.1000);
INSERT INTO edition VALUES (200,'Авангард (Буда- Кошелевский р-н) (за пределы)','Газета',15,52,1,7.1000);
INSERT INTO edition VALUES (201,'Адзiнства (Борисовский р-н)','Газета',15,52,1,4.4000);
INSERT INTO edition VALUES (202,'Адзiнства (Борисовский р-н) (за пределы)','Газета',15,52,1,4.4000);
INSERT INTO edition VALUES (203,'Адзiнства (Борисовский р-н) для подписчиков оформивших подписку на 6 месяцев','Газета',15,52,6,23.7600);
INSERT INTO edition VALUES (204,'Адзiнства (Борисовский р-н) для подписчиков оформивших подписку на 6 месяцев (за пределы)','Газета',15,52,6,23.7600);
INSERT INTO edition VALUES (205,'Аргументы и факты в Белоруссии Для новых индивидуальных подписчиков','Газета',15,52,1,8.1500);
INSERT INTO edition VALUES (206,'Аргументы и факты в Белоруссии Комплект ВЫГОДНЫЙ. Подписавшимся на все 1 полугодие 2020 года.','Газета',15,54,6,40.8500);
INSERT INTO edition VALUES (207,'Аргументы и факты в Белоруссии Льготная подписка для индивидуальных подписчиков, имеющих подписной абонемент за любой предыдущий период','Газета',15,52,1,7.2500);
INSERT INTO edition VALUES (208,'Аргументы и факты в Белоруссии Льготная подписка для пенсионеров, инвалидов всех групп, многодетных семей, матерей-одиночек.','Газета',15,52,1,6.9500);
INSERT INTO edition VALUES (209,'Аргументы и факты в Белоруссии Льготная подписка для учащихся и студентов средних, среднеспециальных и высших учебных заведений.','Газета',15,52,1,7.4000);
INSERT INTO edition VALUES (210,'Аршанская газета (Оршанский р-н) (за пределы)','Газета',15,148,1,5.9500);
INSERT INTO edition VALUES (211,'Аршанская газета (выпуск по четвергам) (Оршанский р-н)','Газета',15,52,1,3.8000);
INSERT INTO edition VALUES (212,'Аршанская газета (выпуск по четвергам) (Оршанский р-н) (за пределы)','Газета',15,52,1,3.8000);
INSERT INTO edition VALUES (213,'Аршанская газета (Оршанский р-н)','Газета',15,148,1,5.9500);
INSERT INTO edition VALUES (214,'Аршанская газета (Оршанский р-н) для пенсионеров','Газета',15,148,1,5.6500);
INSERT INTO edition VALUES (215,'Аршанская газета (Оршанский р-н) для пенсионеров (за пределы)','Газета',15,148,1,5.6500);
INSERT INTO edition VALUES (216,'Аршанская газета (Оршанский р-н) подписка на полугодие','Газета',15,148,6,33.0000);
INSERT INTO edition VALUES (217,'Аршанская газета (Оршанский р-н) подписка на полугодие (за пределы)','Газета',15,148,6,33.0000);
INSERT INTO edition VALUES (218,'АСIПОВIЦКI КРАЙ (Осиповичский р-н)','Газета',15,100,1,7.0000);
INSERT INTO edition VALUES (219,'АСIПОВIЦКI КРАЙ (Осиповичский р-н) (за пределы)','Газета',15,100,1,7.0000);
INSERT INTO edition VALUES (220,'Астравецкая праўда (Островецкий р-н) (за пределы)','Газета',15,100,1,5.5000);
INSERT INTO edition VALUES (221,'Астравецкая праўда (Островецкий р-н)','Газета',15,100,1,5.5000);
INSERT INTO edition VALUES (222,'Ашмянскi веснiк (Ошмянский р-н)','Газета',15,100,1,5.5000);
INSERT INTO edition VALUES (223,'Ашмянскi веснiк (Ошмянский р-н) (за пределы)','Газета',15,100,1,5.5000);
INSERT INTO edition VALUES (224,'БАБРУЙСКАЕ ЖЫЦЦЁ (Могилев)','Газета',15,52,3,25.8200);
INSERT INTO edition VALUES (225,'БАБРУЙСКАЕ ЖЫЦЦЁ (Могилев) (за пределы)','Газета',15,52,3,25.8200);
INSERT INTO edition VALUES (226,'БАБРУЙСКАЕ ЖЫЦЦЁ (Могилев) для ветеранов ВОВ и лиц, приравненых к ним, пенсионеров (за пределы)','Газета',15,52,3,20.8400);
INSERT INTO edition VALUES (227,'БАБРУЙСКАЕ ЖЫЦЦЁ (Могилев) для ветеранов ВОВ, лиц, приравненых к ним, пенсионеров','Газета',15,52,3,20.8400);
INSERT INTO edition VALUES (228,'Беларускi Час','Газета',15,52,1,7.3400);
INSERT INTO edition VALUES (229,'БелГазета','Газета',15,50,1,12.1300);
INSERT INTO edition VALUES (230,'БелГазета ВЫГОДНЫЙ. Для индивидуальных подписчиков - на 6 месяцев','Газета',15,50,6,60.9500);
INSERT INTO edition VALUES (231,'Бераставiцкая газета (Берестовицкий р-н)','Газета',15,104,1,5.0000);
INSERT INTO edition VALUES (232,'Бераставiцкая газета (Берестовицкий р-н) (за пределы)','Газета',15,104,1,5.0000);
INSERT INTO edition VALUES (233,'Бераставiцкая газета (Берестовицкий р-н) подписка на квартал','Газета',15,104,3,13.0000);
INSERT INTO edition VALUES (234,'Белорусская лесная газета','Газета',17,52,1,4.4600);
INSERT INTO edition VALUES (235,'Навiны пчалярства','Газета',17,6,2,0.9100);
INSERT INTO edition VALUES (236,'Паляўнiчы i рыбалоў','Газета',17,26,1,3.0600);
INSERT INTO edition VALUES (237,'Приусадебное хозяйство','Газета',17,24,1,0.9900);
INSERT INTO edition VALUES (238,'Приусадебное хозяйство подписка на полугодие','Газета',17,24,6,5.4300);
INSERT INTO edition VALUES (239,'Бесплатно обо всем (Кобринский р-н)','Газета',18,52,1,3.1200);
INSERT INTO edition VALUES (240,'Бесплатно обо всем (Кобринский р-н) (за пределы)','Газета',18,52,1,3.1200);
INSERT INTO edition VALUES (241,'Кругозор Медиа (Жлобинский р-н)','Газета',18,24,1,0.3500);
INSERT INTO edition VALUES (242,'Кругозор Медиа (Жлобинский р-н) (за пределы)','Газета',18,24,1,0.3500);
INSERT INTO edition VALUES (243,'Лидер-Пресс (Солигорский р-н)','Газета',18,50,1,5.1100);
INSERT INTO edition VALUES (244,'Лидер-Пресс (Солигорский р-н) (за пределы)','Газета',18,50,1,5.1100);
INSERT INTO edition VALUES (245,'Лидер-Пресс (Солигорский р-н) льготная для пенсионеров, ветеранов и участников ВОВ, инвалидов 1,2 групп','Газета',18,50,1,4.5300);
INSERT INTO edition VALUES (246,'Лидер-Пресс (Солигорский р-н) льготная для пенсионеров, ветеранов и участников ВОВ, инвалидов 1,2 групп (за пределы)','Газета',18,50,1,4.5300);
INSERT INTO edition VALUES (247,'Мир косметики Белита-Витэкс','Газета',18,12,1,0.7700);
INSERT INTO edition VALUES (248,'Недвижимость Белоруссии','Газета',18,50,1,2.9000);
INSERT INTO edition VALUES (249,'Полесский курьер (Пинский р-н)','Газета',18,48,1,1.1800);
INSERT INTO edition VALUES (250,'Полесье своими глазами (Мозырский р-н)','Газета',18,52,1,3.5100);
INSERT INTO edition VALUES (251,'Полесье своими глазами (Мозырский р-н) за пределы','Газета',18,52,1,3.5100);
INSERT INTO edition VALUES (252,'Рекламка. Рекламное приложение к газете \"Гродзенская праўда\" (Гродно)','Газета',18,52,1,5.0000);
INSERT INTO edition VALUES (253,'Рекламка. Рекламное приложение к газете \"Гродзенская праўда\" (Гродно) (за пределы)','Газета',18,52,1,5.0000);
INSERT INTO edition VALUES (254,'Воскресение','Газета',19,12,1,0.9700);
INSERT INTO edition VALUES (255,'Гродненские епархиальные ведомости (Гродно)','Газета',19,12,6,10.8200);
INSERT INTO edition VALUES (256,'ДГ. Комплект изданий \"Вера! Надежда! Любовь!\"','Газета',19,6,6,3.6500);
INSERT INTO edition VALUES (257,'Духовный вестник','Газета',19,12,1,1.2100);
INSERT INTO edition VALUES (258,'Каталiцкi веснiк (Витебск)','Газета',19,12,1,1.0700);
INSERT INTO edition VALUES (259,'Колокол - The Bell','Газета',19,12,1,1.6900);
INSERT INTO edition VALUES (260,'Наше Православие (Витебск)','Газета',19,12,1,0.6700);
INSERT INTO edition VALUES (261,'Наше Православие (Витебск) (за пределы)','Газета',19,12,1,0.6700);
INSERT INTO edition VALUES (262,'Новогрудские епархиальные ведомости (Новогрудок)','Газета',19,12,1,2.0000);
INSERT INTO edition VALUES (263,'Новогрудские епархиальные ведомости (Новогрудок) (за пределы)','Газета',19,12,1,2.0000);
INSERT INTO edition VALUES (264,'Преображение','Газета',19,12,1,0.7300);
INSERT INTO edition VALUES (265,'Царкоўнае слова','Газета',19,52,1,5.3700);
INSERT INTO edition VALUES (266,'Вместе!','Газета',20,52,1,4.3700);
INSERT INTO edition VALUES (267,'Прессбол','Газета',21,100,1,31.8400);
INSERT INTO edition VALUES (268,'Прессбол подписка на полугодие','Газета',21,100,6,155.9500);
INSERT INTO edition VALUES (269,'Рыболов','Газета',21,24,1,3.5000);
INSERT INTO edition VALUES (270,'Спортивная панорама','Газета',21,190,1,23.0000);
INSERT INTO edition VALUES (271,'Спортивная панорама для индивидуальных подписчиков, оформивших подписку на 6 месяцев','Газета',21,190,6,110.0000);
INSERT INTO edition VALUES (272,'Новости БелАЗА (г.Жодино)','Газета',22,52,6,15.0000);
INSERT INTO edition VALUES (273,'Новости БелАЗА (г.Жодино) (за пределы)','Газета',22,52,6,15.0000);
INSERT INTO edition VALUES (274,'Республиканская строительная газета','Газета',22,48,6,93.3200);
INSERT INTO edition VALUES (275,'Детективная газета XXI ВЕК','Газета',23,12,1,1.4300);
INSERT INTO edition VALUES (276,'Частный детектив','Газета',23,24,1,1.3700);
INSERT INTO edition VALUES (277,'Энергетика Беларуси','Газета',24,24,1,2.0300);
INSERT INTO edition VALUES (278,'OfficeLife','Журнал',2,6,2,14.3100);
INSERT INTO edition VALUES (279,'Pro электричество','Журнал',2,2,6,32.5500);
INSERT INTO edition VALUES (280,'Бизнес-ревю','Журнал',2,6,2,14.2600);
INSERT INTO edition VALUES (281,'Гермес','Журнал',2,12,1,13.6200);
INSERT INTO edition VALUES (282,'Директор','Журнал',2,12,1,26.3800);
INSERT INTO edition VALUES (283,'Индивидуальный предприниматель','Журнал',2,12,1,41.4000);
INSERT INTO edition VALUES (284,'Индивидуальный предприниматель для подписчиков журнала \"Индивидуальный предприниматель\" во 2-ом полугодии 2019г.','Журнал',2,12,1,40.8900);
INSERT INTO edition VALUES (285,'Маркетинг: идеи и технологии','Журнал',2,10,6,1.0000);
INSERT INTO edition VALUES (286,'Ментор','Журнал',2,6,2,19.1500);
INSERT INTO edition VALUES (287,'Меркурый','Журнал',2,4,6,17.0200);
INSERT INTO edition VALUES (288,'Секретарское дело','Журнал',2,12,1,70.0000);
INSERT INTO edition VALUES (289,'Финансовый директор','Журнал',2,12,1,85.9600);
INSERT INTO edition VALUES (290,'Армия','Журнал',3,6,2,6.6800);
INSERT INTO edition VALUES (291,'Вестник Военной академии Республики Беларусь','Журнал',3,4,3,13.9600);
INSERT INTO edition VALUES (292,'Военно-промышленный комплекс ВПК. Беларусь. Military-industrial complex VPK. Belarus','Журнал',3,4,3,35.9600);
INSERT INTO edition VALUES (293,'Журнал специального назначения','Журнал',3,6,2,9.8500);
INSERT INTO edition VALUES (294,'Библиотечка журнала \"Юрист\". Право и бизнес','Журнал',4,12,1,65.1600);
INSERT INTO edition VALUES (295,'Библиотечка журнала \"Юрист\". Право и бизнес для подписчиков журнала \"Юрист\"','Журнал',4,12,1,57.1700);
INSERT INTO edition VALUES (296,'Веснiк Кaнстытуцыйнага Суда Рэспублiкi Беларусь','Журнал',4,4,3,11.4900);
INSERT INTO edition VALUES (297,'Главный Бухгалтер','Журнал',4,48,1,72.6000);
INSERT INTO edition VALUES (298,'Главный Бухгалтер Для подписчиков журнала \"Главный Бухгалтер\" во 2-ом полугодии 2019г.','Журнал',4,48,1,70.8100);
INSERT INTO edition VALUES (299,'Главный бухгалтер, Главный бухгалтер. Зарплата. Комплект журналов','Журнал',4,72,1,133.8300);
INSERT INTO edition VALUES (300,'Главный бухгалтер, Главный бухгалтер.Зарплата и Я - юрисконсульт организации. Комплект журналов','Журнал',4,84,1,202.1100);
INSERT INTO edition VALUES (301,'Главный Бухгалтер, Главный бухгалтер.Зарплата и Я-специалист по кадрам. Комплект журналов','Журнал',4,96,1,202.7200);
INSERT INTO edition VALUES (302,'Главный Бухгалтер, Зарплата в бюджетной организации. Комплект журналов','Журнал',4,72,1,137.6600);
INSERT INTO edition VALUES (303,'Главный Бухгалтер, Я - специалист по кадрам. Комплект журналов','Журнал',4,72,1,138.5500);
INSERT INTO edition VALUES (304,'Главный Бухгалтер, Я - юрисконсульт организации. Комплект журналов','Журнал',4,60,1,138.0600);
INSERT INTO edition VALUES (305,'Главный Бухгалтер, Я-специалист по охране труда. Комплект журналов','Журнал',4,72,1,133.1900);
INSERT INTO edition VALUES (306,'Главный Бухгалтер. Зарплата','Журнал',4,24,1,66.3400);
INSERT INTO edition VALUES (307,'Главный Бухгалтер. Зарплата для подписчиков журнала \"Главный бухгалтер. Зарплата\" во 2-м полугодии 2019г.','Журнал',4,24,1,64.5500);
INSERT INTO edition VALUES (308,'Государственный контроль: анализ, практика, комментарии','Журнал',4,4,1,20.6800);
INSERT INTO edition VALUES (309,'Государственный контроль: анализ, практика, комментарии для пенсионеров','Журнал',4,4,1,19.1500);
INSERT INTO edition VALUES (310,'Законность и правопорядок','Журнал',4,4,3,5.5000);
INSERT INTO edition VALUES (311,'Зарплата в бюджетной организации','Журнал',4,24,1,70.1700);
INSERT INTO edition VALUES (312,'Зарплата в бюджетной организации для подписчиков журнала \"Зарплата в бюджетной организации\" во 2-ом полугодии 2019г.','Журнал',4,24,1,68.3800);
INSERT INTO edition VALUES (313,'Предварительное расследование','Журнал',4,2,1,12.8900);
INSERT INTO edition VALUES (314,'Сборник правовых актов \"Национальный реестр правовых актов Республики Беларусь\"','Журнал',4,48,1,77.0200);
INSERT INTO edition VALUES (315,'Судебный вестник Плюс: экономическое правосудие','Журнал',4,12,1,16.8100);
INSERT INTO edition VALUES (316,'Судебный вестник Плюс: экономическое правосудие для студентов, магистратов и аспирантов дневной формы обучения; пенсионеров, работников судебной системы','Журнал',4,12,1,15.2100);
INSERT INTO edition VALUES (317,'Судовы веснiк','Журнал',4,4,3,8.1900);
INSERT INTO edition VALUES (318,'Таможенный вестник','Журнал',4,12,1,32.7700);
INSERT INTO edition VALUES (319,'Трудовое и социальное право','Журнал',4,4,3,14.6800);
INSERT INTO edition VALUES (320,'Юридический мир','Журнал',4,12,1,71.0600);
INSERT INTO edition VALUES (321,'Юрист','Журнал',4,12,1,82.8400);
INSERT INTO edition VALUES (322,'Юрист в строительстве','Журнал',4,6,2,130.0200);
INSERT INTO edition VALUES (323,'Юстыцыя Беларусi. Юстиция Беларуси и Приложение к журналу \"Юстиция Беларуси\" Комплект','Журнал',4,36,1,7.0200);
INSERT INTO edition VALUES (324,'Я - специалист по кадрам, Я - юрисконсульт организации. Комплект журналов','Журнал',4,36,1,136.5300);
INSERT INTO edition VALUES (325,'Я - юрисконсульт организации','Журнал',4,12,1,70.5700);
INSERT INTO edition VALUES (326,'Я - юрисконсульт организации Для подписчиков журнала \"Я-юрисконсульт организации\" во 2-ом полугодии 2019г.','Журнал',4,12,1,68.7900);
INSERT INTO edition VALUES (327,'3/9 царство','Журнал',5,12,1,2.1900);
INSERT INTO edition VALUES (328,'3/9 царство и Непоседа - комплект','Журнал',5,36,1,6.4800);
INSERT INTO edition VALUES (329,'Domik','Журнал',5,6,2,12.8700);
INSERT INTO edition VALUES (330,'Апельсин','Журнал',5,12,1,2.0000);
INSERT INTO edition VALUES (331,'Апельсин + Пропеллер. Комплект','Журнал',5,24,1,3.6200);
INSERT INTO edition VALUES (332,'Асцярожна: дзецi!','Журнал',5,12,1,2.6400);
INSERT INTO edition VALUES (333,'Бабушкин сундучок','Журнал',5,12,1,1.4100);
INSERT INTO edition VALUES (334,'Буся - чытанка-маляванка для дашкольнiкаў','Журнал',5,6,2,2.4300);
INSERT INTO edition VALUES (335,'Бярозка','Журнал',5,12,1,4.2700);
INSERT INTO edition VALUES (336,'Бярозка для членов Белорусской республиканской пионерской организации','Журнал',5,12,1,3.5700);
INSERT INTO edition VALUES (337,'Волшебный','Журнал',5,24,1,2.8900);
INSERT INTO edition VALUES (338,'Волшебный подписка на квартал','Журнал',5,24,3,8.2300);
INSERT INTO edition VALUES (339,'Волшебный подписка на полугодие','Журнал',5,24,6,16.2100);
INSERT INTO edition VALUES (340,'Волшебный светлячок','Журнал',5,12,1,1.8100);
INSERT INTO edition VALUES (341,'Волшебный. Комплект: Волшебный, Волшебный. Спецвыпуск.','Журнал',5,26,6,17.3200);
INSERT INTO edition VALUES (342,'Волшебный. Спецвыпуск.','Журнал',5,2,6,1.4500);
INSERT INTO edition VALUES (343,'Вырежи и наклей','Журнал',5,12,1,1.1100);
INSERT INTO edition VALUES (344,'Вяселка','Журнал',5,12,1,2.5000);
INSERT INTO edition VALUES (345,'Девчонки','Журнал',5,24,1,2.0900);
INSERT INTO edition VALUES (346,'Девчонки подписка на квартал','Журнал',5,24,3,5.4900);
INSERT INTO edition VALUES (347,'Детская книжка-малышка','Журнал',5,12,1,1.1600);
INSERT INTO edition VALUES (348,'Детские сказки','Журнал',5,12,1,1.5000);
INSERT INTO edition VALUES (349,'Детский журнал','Журнал',5,12,1,2.0000);
INSERT INTO edition VALUES (350,'Детский журнал + Симба. Комплект','Журнал',5,24,1,3.6200);
INSERT INTO edition VALUES (351,'Дневник стрекозы','Журнал',5,12,1,2.0000);
INSERT INTO edition VALUES (352,'Дуду','Журнал',5,12,1,2.6400);
INSERT INTO edition VALUES (353,'Дюймовочка','Журнал',5,12,1,0.9100);
INSERT INTO edition VALUES (354,'Дюймовочка+блокнотик','Журнал',5,12,1,1.6200);
INSERT INTO edition VALUES (355,'Жевжик','Журнал',5,12,1,0.9700);
INSERT INTO edition VALUES (356,'Забавные наклейки','Журнал',5,12,1,3.9400);
INSERT INTO edition VALUES (357,'Зайкина школа','Журнал',5,12,1,1.6000);
INSERT INTO edition VALUES (358,'Зайкина школа + Сказка на ночь. Комплект','Журнал',5,24,1,2.7700);
INSERT INTO edition VALUES (359,'Играю с мамой','Журнал',5,12,1,1.8100);
INSERT INTO edition VALUES (360,'Карандаш','Журнал',5,12,1,1.1100);
INSERT INTO edition VALUES (361,'Качели','Журнал',5,12,1,3.3000);
INSERT INTO edition VALUES (362,'КОГДА ТЫ ОДИН ДОМА','Журнал',5,12,1,2.0200);
INSERT INTO edition VALUES (363,'Когда ты один дома+Развлекательный каламбур. Комплект','Журнал',5,24,1,3.9100);
INSERT INTO edition VALUES (364,'Любимые сказки','Журнал',5,12,1,0.9100);
INSERT INTO edition VALUES (365,'Маленькие академики','Журнал',5,12,1,2.9800);
INSERT INTO edition VALUES (366,'Маленькие художники','Журнал',5,12,1,3.2300);
INSERT INTO edition VALUES (367,'Мамин светлячок','Журнал',5,12,1,2.5500);
INSERT INTO edition VALUES (368,'Мамино солнышко','Журнал',5,12,1,2.0000);
INSERT INTO edition VALUES (369,'Мамино солнышко. Мамино солнышко + Играю с мамой. Комплект 3','Журнал',5,24,1,3.3600);
INSERT INTO edition VALUES (370,'Мамино солнышко. Мамино солнышко + Мишутка. Комплект 1','Журнал',5,24,1,3.3600);
INSERT INTO edition VALUES (371,'Мамино солнышко. Мамино солнышко + Мишуткины прописи. Комплект 5','Журнал',5,24,1,3.3600);
INSERT INTO edition VALUES (372,'Мамино солнышко. Мамино солнышко + Сказочный журнал. Комплект 4','Журнал',5,24,1,3.3000);
INSERT INTO edition VALUES (373,'Мамино солнышко. Мамино солнышко+ Волшебный светлячок. Комплект 2','Журнал',5,24,1,3.3600);
INSERT INTO edition VALUES (374,'Матулiна сонейка','Журнал',5,12,1,2.5500);
INSERT INTO edition VALUES (375,'Мишутка','Журнал',5,12,1,1.8100);
INSERT INTO edition VALUES (376,'Мишуткины прописи','Журнал',5,12,1,1.8100);
INSERT INTO edition VALUES (377,'Вулкан сканвордов','Журнал',6,12,1,1.2600);
INSERT INTO edition VALUES (378,'Журнал цифровых сканвордов','Журнал',6,12,1,0.9800);
INSERT INTO edition VALUES (379,'Кейворды на бис','Журнал',6,12,1,1.0400);
INSERT INTO edition VALUES (380,'Магазин кроссвордов','Журнал',6,24,1,2.0900);
INSERT INTO edition VALUES (381,'Матрица','Журнал',6,12,1,0.9100);
INSERT INTO edition VALUES (382,'Мини магазин сканвордов','Журнал',6,12,1,0.7400);
INSERT INTO edition VALUES (383,'Мини цифровые сканворды','Журнал',6,12,1,0.5200);
INSERT INTO edition VALUES (384,'Мини-судоку','Журнал',6,12,1,0.5200);
INSERT INTO edition VALUES (385,'На посошок!','Журнал',6,12,1,0.7400);
INSERT INTO edition VALUES (386,'Ну, за сканворды!','Журнал',6,12,1,1.3200);
INSERT INTO edition VALUES (387,'Оранжевое настроение','Журнал',6,12,1,1.0400);
INSERT INTO edition VALUES (388,'Сканвордище','Журнал',6,12,1,1.5500);
INSERT INTO edition VALUES (389,'Сканворды','Журнал',6,12,1,1.0400);
INSERT INTO edition VALUES (390,'Сканворды на ура!','Журнал',6,12,1,0.7400);
INSERT INTO edition VALUES (391,'Сканворды советов','Журнал',6,12,1,2.8900);
INSERT INTO edition VALUES (392,'Сканвордыч','Журнал',6,12,1,1.2600);
INSERT INTO edition VALUES (393,'Судоку','Журнал',6,12,1,1.0400);
INSERT INTO edition VALUES (394,'Судоку на бис','Журнал',6,12,1,0.7400);
INSERT INTO edition VALUES (395,'ТОП-сканворд','Журнал',6,12,1,2.8100);
INSERT INTO edition VALUES (396,'Три в одном','Журнал',6,12,1,0.9800);
INSERT INTO edition VALUES (397,'Филворды на бис','Журнал',6,12,1,1.0400);
INSERT INTO edition VALUES (398,'Цифровые сканворды на бис','Журнал',6,12,1,0.7400);
INSERT INTO edition VALUES (399,'Японские кроссворды на бис','Журнал',6,12,1,1.0400);
INSERT INTO edition VALUES (400,'Вулкан сканвордов','Журнал',7,12,1,1.2600);
INSERT INTO edition VALUES (401,'Журнал цифровых сканвордов','Журнал',7,12,1,0.9800);
INSERT INTO edition VALUES (402,'Кейворды на бис','Журнал',7,12,1,1.0400);
INSERT INTO edition VALUES (403,'Магазин кроссвордов','Журнал',7,24,1,2.0900);
INSERT INTO edition VALUES (404,'Матрица','Журнал',7,12,1,0.9100);
INSERT INTO edition VALUES (405,'Мини магазин сканвордов','Журнал',7,12,1,0.7400);
INSERT INTO edition VALUES (406,'Мини цифровые сканворды','Журнал',7,12,1,0.5200);
INSERT INTO edition VALUES (407,'Мини-судоку','Журнал',7,12,1,0.5200);
INSERT INTO edition VALUES (408,'На посошок!','Журнал',7,12,1,0.7400);
INSERT INTO edition VALUES (409,'Ну, за сканворды!','Журнал',7,12,1,1.3200);
INSERT INTO edition VALUES (410,'Оранжевое настроение','Журнал',7,12,1,1.0400);
INSERT INTO edition VALUES (411,'Сканвордище','Журнал',7,12,1,1.5500);
INSERT INTO edition VALUES (412,'Сканворды','Журнал',7,12,1,1.0400);
INSERT INTO edition VALUES (413,'Сканворды на ура!','Журнал',7,12,1,0.7400);
INSERT INTO edition VALUES (414,'Сканворды советов','Журнал',7,12,1,2.8900);
INSERT INTO edition VALUES (415,'Сканвордыч','Журнал',7,12,1,1.2600);
INSERT INTO edition VALUES (416,'Судоку','Журнал',7,12,1,1.0400);
INSERT INTO edition VALUES (417,'Судоку на бис','Журнал',7,12,1,0.7400);
INSERT INTO edition VALUES (418,'ТОП-сканворд','Журнал',7,12,1,2.8100);
INSERT INTO edition VALUES (419,'Три в одном','Журнал',7,12,1,0.9800);
INSERT INTO edition VALUES (420,'Филворды на бис','Журнал',7,12,1,1.0400);
INSERT INTO edition VALUES (421,'Цифровые сканворды на бис','Журнал',7,12,1,0.7400);
INSERT INTO edition VALUES (422,'Японские кроссворды на бис','Журнал',7,12,1,1.0400);
INSERT INTO edition VALUES (423,'1000 советов кулинару','Журнал',8,24,1,1.9400);
INSERT INTO edition VALUES (424,'1000 советов кулинару для пенсионеров, ветеранов, постоянных подписчиков','Журнал',8,24,1,1.8100);
INSERT INTO edition VALUES (425,'Алеся','Журнал',8,12,1,5.7000);
INSERT INTO edition VALUES (426,'Библиотека газеты \"Друг пенсионера\" Пенсионерочка','Журнал',8,2,1,3.9400);
INSERT INTO edition VALUES (427,'Библиотека газеты \"Друг пенсионера\" Пенсионерочка + спецвыпуск \"Живем без лекарств\". Комплект','Журнал',8,4,6,6.0600);
INSERT INTO edition VALUES (428,'Библиотека газеты \"Друг пенсионера\" Пенсионерочка + Я на пенсии. Комплект','Журнал',8,14,6,10.1100);
INSERT INTO edition VALUES (429,'Гаспадыня - семейный журнал','Журнал',8,12,1,2.3000);
INSERT INTO edition VALUES (430,'Гаспадыня - семейный журнал для пенсионеров, инвалидов, учащихся и студентов','Журнал',8,12,1,2.2000);
INSERT INTO edition VALUES (431,'Гаспадыня - семейный журнал подписка на полугодие','Журнал',8,12,6,12.7800);
INSERT INTO edition VALUES (432,'Годовой гороскоп','Журнал',8,4,3,1.0400);
INSERT INTO edition VALUES (433,'Город женщин','Журнал',8,12,1,4.4700);
INSERT INTO edition VALUES (434,'Гороскоп. Годовой спецвыпуск','Журнал',8,2,1,1.1500);
INSERT INTO edition VALUES (435,'Давление в норме 120/80','Журнал',8,12,1,1.4500);
INSERT INTO edition VALUES (436,'Давление в норме 120/80 подписка на полугодие','Журнал',8,12,6,8.1100);
INSERT INTO edition VALUES (437,'ДАЧНЫЙ ПЛЮС. КОМПЛЕКТ: Народный доктор, Сваты на даче','Журнал',8,36,3,12.1100);
INSERT INTO edition VALUES (438,'Делаем сами','Журнал',8,24,1,2.9600);
INSERT INTO edition VALUES (439,'Делаем сами подписка на квартал','Журнал',8,24,3,8.4300);
INSERT INTO edition VALUES (440,'Делаем сами подписка на полугодие','Журнал',8,24,6,16.4700);
INSERT INTO edition VALUES (441,'ДЕЛАЕМ САМИ. КОМПЛЕКТ: Делаем сами, Делаем сами. Спецвыпуск, Мастерская на дому','Журнал',8,30,6,20.6600);
INSERT INTO edition VALUES (442,'Делаем сами. Спецвыпуск','Журнал',8,4,3,1.4500);
INSERT INTO edition VALUES (443,'Для всей семьи любимая','Журнал',8,6,2,3.0000);
INSERT INTO edition VALUES (444,'Добрый сосед','Журнал',8,24,1,1.8300);
INSERT INTO edition VALUES (445,'Добрый сосед подписка на полугодие','Журнал',8,24,6,9.4500);
INSERT INTO edition VALUES (446,'Домашние хлопоты','Журнал',8,4,3,1.1500);
INSERT INTO edition VALUES (447,'Домашние цветы','Журнал',8,12,1,1.4800);
INSERT INTO edition VALUES (448,'Домашние цветы подписка на квартал','Журнал',8,12,3,4.2100);
INSERT INTO edition VALUES (449,'Домашние цветы подписка на полугодие','Журнал',8,12,6,8.2300);
INSERT INTO edition VALUES (450,'ДОМАШНИЕ ЦВЕТЫ. КОМПЛЕКТ:Домашние цветы, Домашние цветы. Спецвыпуск, Комнатный цветник','Журнал',8,18,6,12.1300);
INSERT INTO edition VALUES (451,'Домашние цветы. Спецвыпуск.','Журнал',8,4,3,1.4500);
INSERT INTO edition VALUES (452,'Домашний','Журнал',8,24,1,3.7400);
INSERT INTO edition VALUES (453,'Домашний подписка на квартал','Журнал',8,24,3,10.6600);
INSERT INTO edition VALUES (454,'Домашний подписка на полугодие','Журнал',8,24,6,20.6800);
INSERT INTO edition VALUES (455,'ДОМАШНИЙ. КОМПЛЕКТ: Домашний, Домашний. Спецвыпуск','Журнал',8,28,3,11.9600);
INSERT INTO edition VALUES (456,'Домашний. Спецвыпуск','Журнал',8,4,3,1.4500);
INSERT INTO edition VALUES (457,'ДОМАШНЯЯ КУХНЯ. ЛУЧШИЕ КУЛИНАРНЫЕ РЕЦЕПТЫ','Журнал',8,12,1,1.1100);
INSERT INTO edition VALUES (458,'Домашняя кухня. Лучшие кулинарные рецепты+Коллекция Домашняя кухня. Комплект','Журнал',8,24,1,1.8900);
INSERT INTO edition VALUES (459,'Домашняя энциклопедия здоровья','Журнал',8,4,3,1.4500);
INSERT INTO edition VALUES (460,'Женские штучки','Журнал',8,2,1,0.7400);
INSERT INTO edition VALUES (461,'ЖЖ. Женский журнал','Журнал',8,6,2,6.2800);
INSERT INTO edition VALUES (462,'Живу с диабетом','Журнал',8,12,1,1.4500);
INSERT INTO edition VALUES (463,'Живу с диабетом подписка на полугодие','Журнал',8,12,6,8.1100);
INSERT INTO edition VALUES (464,'Заготовки из кладовки','Журнал',8,4,3,0.9100);
INSERT INTO edition VALUES (465,'Заготовки+рецепты','Журнал',8,4,3,0.9100);
INSERT INTO edition VALUES (466,'Здоровье пенсионера','Журнал',8,52,1,3.1400);
INSERT INTO edition VALUES (467,'Здоровье пенсионера + Рецепты от Алёны. Комплект журналов','Журнал',8,64,1,3.5900);
INSERT INTO edition VALUES (468,'Знаки судьбы','Журнал',8,4,3,0.7400);
INSERT INTO edition VALUES (469,'Золотые рецепты наших читателей','Журнал',8,24,1,2.8900);
INSERT INTO edition VALUES (470,'Золотые рецепты наших читателей подписка на квартал','Журнал',8,24,3,8.2300);
INSERT INTO edition VALUES (471,'Золотые рецепты наших читателей подписка на полугодие','Журнал',8,24,6,16.2100);
INSERT INTO edition VALUES (472,'Золотые ручки','Журнал',8,4,3,1.4900);
INSERT INTO edition VALUES (473,'1000 советов','Журнал',9,24,1,1.9400);
INSERT INTO edition VALUES (474,'1000 советов для пенсионеров, ветеранов, постоянных подписчиков','Журнал',9,24,1,1.8100);
INSERT INTO edition VALUES (475,'1000 советов и Здоровая семья: советы от А до Я. Комплект','Журнал',9,36,1,2.6200);
INSERT INTO edition VALUES (476,'Беларуская думка','Журнал',9,12,1,3.4500);
INSERT INTO edition VALUES (477,'Вожык','Журнал',9,12,1,6.1800);
INSERT INTO edition VALUES (478,'Вожык для жителей сельской местности (райцентры и населенные пункты районов)','Журнал',9,12,1,5.1000);
INSERT INTO edition VALUES (479,'Гродно','Журнал',9,12,1,11.8900);
INSERT INTO edition VALUES (480,'Друк Беларусi 2019','Журнал',9,2,6,14.0200);
INSERT INTO edition VALUES (481,'Живи Как хозяин','Журнал',9,12,1,24.9600);
INSERT INTO edition VALUES (482,'Календарь советов','Журнал',9,12,1,1.3000);
INSERT INTO edition VALUES (483,'Летапiс газетных артыкулаў','Журнал',9,12,1,12.0000);
INSERT INTO edition VALUES (484,'Летапiс друку Беларусi. Кнiжны летапiс','Журнал',9,12,1,16.7200);
INSERT INTO edition VALUES (485,'Летапiс часопiсных артыкулаў','Журнал',9,12,1,15.4900);
INSERT INTO edition VALUES (486,'Новыя кнiгi','Журнал',9,12,1,5.3200);
INSERT INTO edition VALUES (487,'Однако, жизнь!','Журнал',9,24,3,6.7700);
INSERT INTO edition VALUES (488,'Служба спасения','Журнал',9,12,1,12.8500);
INSERT INTO edition VALUES (489,'Тендер','Журнал',9,48,3,455.1100);
INSERT INTO edition VALUES (490,'Радиолюбитель','Журнал',11,12,1,7.8700);
INSERT INTO edition VALUES (491,'Артэфакт','Журнал',12,2,6,16.3800);
INSERT INTO edition VALUES (492,'Дзеяслоў','Журнал',12,6,2,9.3600);
INSERT INTO edition VALUES (493,'Лiдскi летапiсец','Журнал',12,4,3,3.0900);
INSERT INTO edition VALUES (494,'Мастацтва','Журнал',12,12,1,10.0000);
INSERT INTO edition VALUES (495,'На экранах','Журнал',12,12,1,2.5300);
INSERT INTO edition VALUES (496,'Партер','Журнал',12,12,1,6.1700);
INSERT INTO edition VALUES (497,'Arche. Пачатак','Журнал',13,4,3,5.1000);
INSERT INTO edition VALUES (498,'Nonlinear Phenomena in Complex Sistems. Нелинейные явления в сложных системах','Журнал',13,4,3,17.2300);
INSERT INTO edition VALUES (499,'Автомобильные дороги и мосты','Журнал',13,2,6,54.4000);
INSERT INTO edition VALUES (500,'Аграрная экономика','Журнал',13,12,1,4.8100);
INSERT INTO edition VALUES (501,'Агропанорама','Журнал',13,6,2,7.0200);
INSERT INTO edition VALUES (502,'Архiвы i справаводства (Архивы и делопроизводство)','Журнал',13,6,2,30.0000);
INSERT INTO edition VALUES (503,'Бiблiятэчны свет','Журнал',13,6,2,6.8100);
INSERT INTO edition VALUES (504,'Беларускi гiстарычны часопiс','Журнал',13,12,1,9.0900);
INSERT INTO edition VALUES (505,'Веснiк Беларускага дзяржаўнага ўнiверсiтэта культуры i мастацтваў','Журнал',13,4,3,23.3500);
INSERT INTO edition VALUES (506,'Веснiк Брэсцкага ўнiверсiтэта. Серыя 1. Фiласофiя. Палiталогiя. Сацыялогiя.','Журнал',13,2,6,10.8500);
INSERT INTO edition VALUES (507,'Веснiк Брэсцкага ўнiверсiтэта. Серыя 2. Гiсторыя. Эканомiка. Права','Журнал',13,2,6,10.8500);
INSERT INTO edition VALUES (508,'Веснiк Брэсцкага ўнiверсiтэта. Серыя 3. Фiлалогiя. Педагогiка. Псiхалогiя.','Журнал',13,2,6,10.8500);
INSERT INTO edition VALUES (509,'Веснiк Брэсцкага ўнiверсiтэта. Серыя 4. Фiзiка. Матэматыка.','Журнал',13,2,6,10.8500);
INSERT INTO edition VALUES (510,'Веснiк Брэсцкага ўнiверсiтэта. Серыя 5. Хiмiя. Бiялогiя. Навукi аб зямлi','Журнал',13,2,6,10.8500);
INSERT INTO edition VALUES (511,'Веснiк Вiцебскага дзяржаўнага ўнiверсiтэта (Витебск)','Журнал',13,4,6,25.3200);
INSERT INTO edition VALUES (512,'Веснiк Гродзенскага дзяржаўнага ўнiверсiтэта iмя Янкi Купалы. Серыя 1. Гiсторыя i археалогiя. Фiласофiя. Палiталогiя','Журнал',13,2,6,20.0200);
INSERT INTO edition VALUES (513,'Веснiк Гродзенскага дзяржаўнага ўнiверсiтэта iмя Янкi Купалы. Серыя 2. Матэматыка. Фiзiка. Iнфарматыка, вылiчальная тэхнiка i кiраванне','Журнал',13,4,3,21.5500);
INSERT INTO edition VALUES (514,'Веснiк Гродзенскага дзяржаўнага ўнiверсiтэта iмя Янкi Купалы. Серыя 3. Фiлалогiя. Педагогiка. Псiхалогiя','Журнал',13,4,3,21.5500);
INSERT INTO edition VALUES (515,'Веснiк Гродзенскага дзяржаўнага ўнiверсiтэта iмя Янкi Купалы. Серыя 4. Правазнаўства','Журнал',13,4,3,21.8100);
INSERT INTO edition VALUES (516,'Веснiк Гродзенскага дзяржаўнага ўнiверсiтэта iмя Янкi Купалы. Серыя 5. Эканомiка. Сацыялогiя. Бiялогiя','Журнал',13,4,3,21.5500);
INSERT INTO edition VALUES (517,'Веснiк Гродзенскага дзяржаўнага ўнiверсiтэта iмя Янкi Купалы. Серыя 6. Тэхнiка','Журнал',13,2,6,17.8300);
INSERT INTO edition VALUES (518,'Веснiк Магiлеўскага дзяржаўнага ўнiверсiтэта iмя А.А.Куляшова Серия D- Экономика, социология, право.','Журнал',13,2,6,17.6600);
INSERT INTO edition VALUES (519,'Веснiк Магiлеўскага дзяржаўнага ўнiверсiтэта iмя А.А.Куляшова Серия А- Гуманитарные науки (история, философия, филология)','Журнал',13,2,6,17.6600);
INSERT INTO edition VALUES (520,'Веснiк Магiлеўскага дзяржаўнага ўнiверсiтэта iмя А.А.Куляшова Серия В- Естественные науки','Журнал',13,2,6,17.6600);
INSERT INTO edition VALUES (521,'Веснiк Магiлеўскага дзяржаўнага ўнiверсiтэта iмя А.А.Куляшова Серия С- Психология, педагогика, методика','Журнал',13,2,6,17.6600);
INSERT INTO edition VALUES (522,'Веснiк Мазырскага дзяржаўнага педагагiчнага ўнiверсiтэта iмя I.П.Шамякiна','Журнал',13,2,6,12.7700);
INSERT INTO edition VALUES (523,'Веснiк Палескага дзяржаўнага ўнiверсiтэта. Серыя грамадскiх i гуманiтарных навук','Журнал',13,2,1,7.8700);
INSERT INTO edition VALUES (524,'Веснiк Палескага дзяржаўнага ўнiверсiтэта. Серыя прыродазнаўчых навук','Журнал',13,2,1,7.8700);
INSERT INTO edition VALUES (525,'Веснiк сувязi','Журнал',13,6,2,26.9700);
INSERT INTO edition VALUES (526,'Вести Института предпринимательской деятельности','Журнал',13,2,6,25.2000);
INSERT INTO edition VALUES (527,'Вести Института современных знаний','Журнал',13,4,3,27.4500);
INSERT INTO edition VALUES (528,'Вестник Академии МВД Республики Беларусь','Журнал',13,2,6,12.1300);
INSERT INTO edition VALUES (529,'Вестник БарГУ','Журнал',13,4,3,29.9100);
INSERT INTO edition VALUES (530,'Вестник Белорусской государственной сельскохозяйственной академии','Журнал',13,4,3,39.5700);
INSERT INTO edition VALUES (531,'Вестник Белорусско-Российского университета','Журнал',13,4,3,22.5500);
INSERT INTO edition VALUES (532,'Вестник Брестского государственного технического университета. Серия \"Водохозяйственное строительство, теплоэнергетика и геоэкология\"','Журнал',13,2,6,15.6300);
INSERT INTO edition VALUES (533,'Вестник Брестского государственного технического университета. Серия \"Строительство и архитектура\"','Журнал',13,2,6,15.6300);
INSERT INTO edition VALUES (534,'Вестник Брестского государственного технического университета. Серия \"Экономика\"','Журнал',13,2,6,15.6300);
INSERT INTO edition VALUES (535,'Вестник Витебского государственного технологического университета','Журнал',13,2,6,17.2300);
INSERT INTO edition VALUES (536,'Вестник Гомельского государственного технического университета имени П.О. Сухого (Гомель)','Журнал',13,4,3,14.7200);
INSERT INTO edition VALUES (537,'Вестник МГЛУ. Серия 1. Филология','Журнал',13,6,2,20.5300);
INSERT INTO edition VALUES (538,'Вестник МГЛУ. Серия 2. Педагогика. Психология. Методика преподавания иностранных языков','Журнал',13,2,6,14.6400);
INSERT INTO edition VALUES (539,'Вестник Могилевского государственного университета продовольствия','Журнал',13,2,6,15.7800);
INSERT INTO edition VALUES (540,'Вестник Полоцкого государственного университета. Серия D. Экономические и юридические науки','Журнал',13,4,6,29.1500);
INSERT INTO edition VALUES (541,'Вестник Полоцкого государственного университета. Серия F. Строительство. Прикладные науки','Журнал',13,2,6,14.5700);
INSERT INTO edition VALUES (542,'Вестник Полоцкого государственного университета. Серия А. Гуманитарные науки.','Журнал',13,4,6,27.8700);
INSERT INTO edition VALUES (543,'Вестник Полоцкого государственного университета. Серия В. Промышленность. Прикладные науки','Журнал',13,2,6,14.5700);
INSERT INTO edition VALUES (544,'Вестник Полоцкого государственного университета. Серия Е. Педагогические науки','Журнал',13,2,6,14.5700);
INSERT INTO edition VALUES (545,'Вестник Полоцкого государственного университета. Серия С. Фундаментальные науки','Журнал',13,2,6,14.5700);
INSERT INTO edition VALUES (546,'Вестник Университета гражданской защиты МЧС Беларуси','Журнал',13,4,3,17.6600);
INSERT INTO edition VALUES (547,'Адукацыя i выхаванне','Журнал',14,12,1,9.6100);
INSERT INTO edition VALUES (548,'Бiблiятэка прапануе','Журнал',14,12,1,4.6400);
INSERT INTO edition VALUES (549,'Бiблiятэка прапануе, в N 5 - CD-ROM подписка на полугодие','Журнал',14,12,6,35.4900);
INSERT INTO edition VALUES (550,'Бiялогiя i хiмiя','Журнал',14,6,2,9.2600);
INSERT INTO edition VALUES (551,'Беларуская мова i лiтаратура','Журнал',14,12,1,8.1000);
INSERT INTO edition VALUES (552,'Библиотека предлагает','Журнал',14,6,2,4.6400);
INSERT INTO edition VALUES (553,'Веснiк адукацыi','Журнал',14,12,1,11.7000);
INSERT INTO edition VALUES (554,'Вестник МГИРО + Приложение к научно-методическому журналу \"Вестник МГИРО\". Комплект','Журнал',14,8,3,41.4900);
INSERT INTO edition VALUES (555,'Весцi БДПУ. Серыя 1. Педагогiка. Псiхалогiя. Фiлалогiя','Журнал',14,4,3,21.0100);
INSERT INTO edition VALUES (556,'Весцi БДПУ. Серыя 2. Гiсторiя. Фiласофiя. Палiталогiя. Сацыялогiя. Эканомiка. Культуралогiя','Журнал',14,4,3,22.0000);
INSERT INTO edition VALUES (557,'Весцi БДПУ. Серыя 3. Фiзiка. Матэматыка. Iнфарматыка. Бiялогiя. Геаграфiя','Журнал',14,4,3,13.4300);
INSERT INTO edition VALUES (558,'Выхаванне i дадатковая адукацыя','Журнал',14,12,1,5.5300);
INSERT INTO edition VALUES (559,'Вышэйшая школа','Журнал',14,6,2,27.4500);
INSERT INTO edition VALUES (560,'Гiсторыя i грамадазнаўства','Журнал',14,6,2,9.2600);
INSERT INTO edition VALUES (561,'Геаграфiя','Журнал',14,6,2,8.1000);
INSERT INTO edition VALUES (562,'Диалог. Психологический и социально-педагогический журнал','Журнал',14,6,2,8.1800);
INSERT INTO edition VALUES (563,'Директор школы, гимназии, лицея','Журнал',14,12,1,27.8400);
INSERT INTO edition VALUES (564,'Директор школы, гимназии, лицея для подписчиков журнала \"Директор школы, гимназии, лицея\" во 2-м полугодии 2019г.','Журнал',14,12,1,27.6600);
INSERT INTO edition VALUES (565,'Замежныя мовы','Журнал',14,4,3,8.1000);
INSERT INTO edition VALUES (566,'Зборнiк нарматыўных дакументаў Мiнiстэрства адукацыi Рэспублiкi Беларусь','Журнал',14,24,1,2.8100);
INSERT INTO edition VALUES (567,'Здоровый образ жизни (РБ)','Журнал',14,12,1,9.4700);
INSERT INTO edition VALUES (568,'Кем быть?','Журнал',14,12,1,8.9400);
INSERT INTO edition VALUES (569,'Мастацкая i музычная адукацыя','Журнал',14,4,3,9.2600);
INSERT INTO edition VALUES (570,'Матэматыка','Журнал',14,6,2,8.1000);
INSERT INTO edition VALUES (571,'Минская школа сегодня','Журнал',14,12,1,8.1000);
INSERT INTO edition VALUES (572,'Народная асвета','Журнал',14,12,1,8.0000);
INSERT INTO edition VALUES (573,'Образование Минщины','Журнал',14,6,6,20.8700);
INSERT INTO edition VALUES (574,'Пачатковае навучанне: сям\'я, дзiцячы сад, школа','Журнал',14,16,1,10.3900);
INSERT INTO edition VALUES (575,'Пачатковае навучанне: сям\'я, дзiцячы сад, школа подписка на квартал','Журнал',14,16,3,28.9400);
INSERT INTO edition VALUES (576,'Пачатковае навучанне: сям\'я, дзiцячы сад, школа подписка на полугодие','Журнал',14,16,6,54.6800);
INSERT INTO edition VALUES (577,'Пачатковая школа Журнал с ежемесячным мультимедийным приложением','Журнал',14,12,1,10.0400);
INSERT INTO edition VALUES (578,'Пачатковая школа Журнал с ежемесячным мультимедийным приложением ВЫГОДНАЯ ПОДПИСКА. для индивидуальных подписчиков- сразу на 6 месяцев','Журнал',14,12,6,54.2600);
INSERT INTO edition VALUES (579,'Праздник в школе','Журнал',14,12,1,4.6400);
INSERT INTO edition VALUES (580,'Пралеска','Журнал',14,12,1,12.0400);
INSERT INTO edition VALUES (581,'Пралеска льгота для индивидуальных подписчиков, кто подписывается сразу на 6 (шесть) месяцев','Журнал',14,12,6,66.2600);
INSERT INTO edition VALUES (582,'Пралеска с мультимедийным приложением','Журнал',14,12,3,37.1300);
INSERT INTO edition VALUES (583,'Профессиональное образование','Журнал',14,4,3,8.1000);
INSERT INTO edition VALUES (584,'Роднае слова','Журнал',14,12,1,13.4000);
INSERT INTO edition VALUES (585,'Руководитель учреждения дошкольного образования','Журнал',14,12,1,24.6600);
INSERT INTO edition VALUES (586,'Руководитель учреждения дошкольного образования для подписчиков журнала \"Руководитель учреждения дошкольного образования\" во 2-м полугодии 2019г.','Журнал',14,12,1,24.5100);
INSERT INTO edition VALUES (587,'Русский язык и литература','Журнал',14,12,1,8.1000);
INSERT INTO edition VALUES (588,'Спецыяльная адукацыя','Журнал',14,6,2,8.1000);
INSERT INTO edition VALUES (589,'Фiзiка','Журнал',14,4,3,8.1000);
INSERT INTO edition VALUES (590,'Школьному психологу и социальному педагогу','Журнал',14,6,2,4.6400);
INSERT INTO edition VALUES (591,'Беларусь. Belarus (на английском языке)','Журнал',15,12,1,15.1500);
INSERT INTO edition VALUES (592,'Беларусь. Belarus (на белорусском языке)','Журнал',15,12,1,15.1500);
INSERT INTO edition VALUES (593,'Беларусь. Belarus (на китайском языке)','Журнал',15,12,1,15.1500);
INSERT INTO edition VALUES (594,'Журналист','Журнал',15,4,3,20.2100);
INSERT INTO edition VALUES (595,'Маладосць','Журнал',15,12,1,6.3400);
INSERT INTO edition VALUES (596,'Маладосць для учителей','Журнал',15,12,1,4.3600);
INSERT INTO edition VALUES (597,'Метаморфозы','Журнал',15,4,1,17.0200);
INSERT INTO edition VALUES (598,'Милиция Беларуси','Журнал',15,6,6,16.7200);
INSERT INTO edition VALUES (599,'Нёман','Журнал',15,12,1,6.9600);
INSERT INTO edition VALUES (600,'Нёман для учителей','Журнал',15,12,1,5.2200);
INSERT INTO edition VALUES (601,'Новая Немига литературная','Журнал',15,6,2,26.8100);
INSERT INTO edition VALUES (602,'Планета','Журнал',15,12,3,11.9500);
INSERT INTO edition VALUES (603,'Полымя','Журнал',15,12,1,6.7100);
INSERT INTO edition VALUES (604,'Полымя для учителей','Журнал',15,12,1,4.6100);
INSERT INTO edition VALUES (605,'Беларускi пчаляр','Журнал',16,6,2,6.2800);
INSERT INTO edition VALUES (606,'Домашний любимец','Журнал',16,12,1,0.9800);
INSERT INTO edition VALUES (607,'Домашний любимец подписка на квартал','Журнал',16,12,3,2.5500);
INSERT INTO edition VALUES (608,'Мир животных','Журнал',16,4,1,6.8100);
INSERT INTO edition VALUES (609,'1000 советов дачнику','Журнал',17,24,1,2.3600);
INSERT INTO edition VALUES (610,'1000 советов дачнику для пенсионеров, ветеранов, постоянных подписчиков','Журнал',17,24,1,2.2300);
INSERT INTO edition VALUES (611,'Белорусское сельское хозяйство','Журнал',17,12,1,28.5100);
INSERT INTO edition VALUES (612,'Зеленый контейнер','Журнал',17,6,2,9.6800);
INSERT INTO edition VALUES (613,'Земледелие и защита растений','Журнал',17,6,2,13.8300);
INSERT INTO edition VALUES (614,'Лесное и охотничье хозяйство','Журнал',17,12,1,9.4700);
INSERT INTO edition VALUES (615,'Наше сельское хозяйство','Журнал',17,24,1,28.5100);
INSERT INTO edition VALUES (616,'САД, ОГОРОД - КОРМИЛЕЦ И ЛЕКАРЬ','Журнал',17,24,1,2.0900);
INSERT INTO edition VALUES (617,'Сад, огород - кормилец и лекарь + Календарь советов. Комплект','Журнал',17,36,1,3.2600);
INSERT INTO edition VALUES (618,'Сад, огород-кормилец и лекарь+Спецвыпуск \"Сад, огород - кормилец и лекарь\". Комплект','Журнал',17,36,1,3.0600);
INSERT INTO edition VALUES (619,'Садовый дизайн. Приложение к журналу \"Хозяин\"','Журнал',17,6,2,3.6200);
INSERT INTO edition VALUES (620,'Секреты хозяина','Журнал',17,12,1,0.9800);
INSERT INTO edition VALUES (621,'Спецвыпуск \"САД, ОГОРОД - КОРМИЛЕЦ И ЛЕКАРЬ\"','Журнал',17,12,1,1.1100);
INSERT INTO edition VALUES (622,'Хозяин','Журнал',17,12,1,3.0400);
INSERT INTO edition VALUES (623,'Хозяин Для пенсионеров','Журнал',17,12,1,2.9100);
INSERT INTO edition VALUES (624,'Хозяин Для подписавшихся на полугодие','Журнал',17,12,6,16.7200);
INSERT INTO edition VALUES (625,'Эколог и Я','Журнал',17,4,1,6.8100);
INSERT INTO edition VALUES (626,'Благодать','Журнал',19,6,1,3.5100);
INSERT INTO edition VALUES (627,'Крынiца жыцця','Журнал',19,6,2,3.1400);
INSERT INTO edition VALUES (628,'Крынiчка','Журнал',19,4,3,3.1400);
INSERT INTO edition VALUES (629,'Радость','Журнал',19,4,3,2.7700);
INSERT INTO edition VALUES (630,'Сретение','Журнал',19,6,2,2.1800);
INSERT INTO edition VALUES (631,'Ступени','Журнал',19,4,6,8.0900);
INSERT INTO edition VALUES (632,'Библиотека инженера по охране труда','Журнал',20,6,2,41.4900);
INSERT INTO edition VALUES (633,'Библиотечка \"Аховы працы\"','Журнал',20,12,1,40.4300);
INSERT INTO edition VALUES (634,'Бюллетень Министерства труда и социальной защиты Республики Беларусь','Журнал',20,12,1,17.1700);
INSERT INTO edition VALUES (635,'Кадровик. Управление персоналом','Журнал',20,24,1,69.3600);
INSERT INTO edition VALUES (636,'Нормирование и тарификация труда','Журнал',20,12,1,60.3600);
INSERT INTO edition VALUES (637,'Нормирование и тарификация труда для подписчиков журнала \"Нормирование и тарификация труда\" во 2-ом полугодии 2019г.','Журнал',20,12,1,58.6400);
INSERT INTO edition VALUES (638,'Отдел кадров','Журнал',20,12,1,105.7400);
INSERT INTO edition VALUES (639,'Отдел кадров Для тех, кто выписывал журнал ранее при предъявлении абонемента','Журнал',20,12,1,102.6200);
INSERT INTO edition VALUES (640,'ОТТБ. Охрана труда. Технологии безопасности','Журнал',20,12,1,32.2600);
INSERT INTO edition VALUES (641,'Охрана труда','Журнал',20,12,1,43.4000);
INSERT INTO edition VALUES (642,'Охрана труда в здравоохранении. Комплект журналов','Журнал',20,16,3,199.6800);
INSERT INTO edition VALUES (643,'Охрана труда в сельском хозяйстве. Комплект журналов','Журнал',20,16,3,195.4300);
INSERT INTO edition VALUES (644,'Охрана труда в торговле. Комплект журналов','Журнал',20,16,3,200.2100);
INSERT INTO edition VALUES (645,'Охрана труда и социальная защита','Журнал',20,12,1,31.0600);
INSERT INTO edition VALUES (646,'Охрана труда Льготный при подписке сразу на 6 месяцев','Журнал',20,12,6,228.5100);
INSERT INTO edition VALUES (647,'ОХРАНА ТРУДА. ЗДРАВООХРАНЕНИЕ','Журнал',20,4,3,48.7200);
INSERT INTO edition VALUES (648,'Охрана труда. Практикум','Журнал',20,12,1,35.9600);
INSERT INTO edition VALUES (649,'Охрана труда. Практикум+ Библиотечка \"Аховы працы\". Комплект','Журнал',20,24,1,68.9400);
INSERT INTO edition VALUES (650,'ОХРАНА ТРУДА. СЕЛЬСКОЕ ХОЗЯЙСТВО','Журнал',20,4,3,48.7200);
INSERT INTO edition VALUES (651,'Охрана труда. Торговля','Журнал',20,4,3,48.7200);
INSERT INTO edition VALUES (652,'Практикум по охране труда. Комплект журналов','Журнал',20,18,2,166.6000);
INSERT INTO edition VALUES (653,'Я - специалист по кадрам','Журнал',20,24,1,71.1900);
INSERT INTO edition VALUES (654,'Я - специалист по кадрам для подписчиков журнала \"Я - специалист по кадрам\" во 2-м полугодии 2019г.','Журнал',20,24,1,69.4000);
INSERT INTO edition VALUES (655,'Я- специалист по охране труда','Журнал',20,24,1,65.7000);
INSERT INTO edition VALUES (656,'Я- специалист по охране труда для подписчиков журнала \"Я- специалист по охране труда\" во 2-ом полугодии 2019г.','Журнал',20,24,1,63.9100);
INSERT INTO edition VALUES (657,'Мир спорта','Журнал',21,4,3,18.6200);
INSERT INTO edition VALUES (658,'Наш СПОРТ','Журнал',21,12,1,4.4700);
INSERT INTO edition VALUES (659,'Ну, за рыбалку!','Журнал',21,6,2,1.0400);
INSERT INTO edition VALUES (660,'Рыболов практик','Журнал',21,4,1,8.0000);
INSERT INTO edition VALUES (661,'Рыболовный журнал','Журнал',21,4,3,8.1900);
INSERT INTO edition VALUES (662,'Спорт time','Журнал',21,12,1,7.2000);
INSERT INTO edition VALUES (663,'Спорт на воде','Журнал',21,4,3,4.6800);
INSERT INTO edition VALUES (664,'Архитектура и строительство','Журнал',22,6,6,92.0400);
INSERT INTO edition VALUES (665,'Библиотека главного энергетика','Журнал',22,6,2,32.5500);
INSERT INTO edition VALUES (666,'Библиотечка сметчика','Журнал',22,6,1,112.0000);
INSERT INTO edition VALUES (667,'Библиотечка сметчика Для подписчиков журнала \"Сметное дело и (или) Производственно-технический отдел и (или) Библиотечка сметчика\" во 2-ом полугодии 2019 г.','Журнал',22,6,1,111.4900);
INSERT INTO edition VALUES (668,'Вестник Белнефтехима','Журнал',22,12,1,15.4300);
INSERT INTO edition VALUES (669,'Главный инженер в строительстве','Журнал',22,12,1,101.1500);
INSERT INTO edition VALUES (670,'Главный инженер в строительстве Для подписчиков журнала \"Главный инженер в строительстве\" во 2-ом полугодии 2019г.','Журнал',22,12,1,98.8500);
INSERT INTO edition VALUES (671,'Главный энергетик','Журнал',22,12,1,43.1900);
INSERT INTO edition VALUES (672,'Инженер-механик','Журнал',22,4,3,7.0200);
INSERT INTO edition VALUES (673,'Литье и металлургия','Журнал',22,4,3,42.1100);
INSERT INTO edition VALUES (674,'Производственно-технический отдел','Журнал',22,6,1,113.2800);
INSERT INTO edition VALUES (675,'Производственно-технический отдел Для подписчиков журнала \"Сметное дело и (или) Производственно-технический отдел и (или) Библиотечка сметчика\" во 2-ом полугодии 2019 г.','Журнал',22,6,1,112.8900);
INSERT INTO edition VALUES (676,'Промышленная безопасность и охрана труда. Практикум','Журнал',22,12,1,34.6800);
INSERT INTO edition VALUES (677,'Сварщик в Белоруссии','Журнал',22,6,2,30.2100);
INSERT INTO edition VALUES (678,'Сметное дело','Журнал',22,12,1,118.1300);
INSERT INTO edition VALUES (679,'Сметное дело Для подписчиков журнала \"Сметное дело\" во 2-ом полугодии 2019г.','Журнал',22,12,1,115.7000);
INSERT INTO edition VALUES (680,'Сметное дело и Библиотечка сметчика. Комплект журналов','Журнал',22,18,6,1.0000);
INSERT INTO edition VALUES (681,'Сметное дело и Библиотечка сметчика. Комплект журналов Для подписчиков журнала \"Сметное дело\" во 2-ом полугодии 2019г.','Журнал',22,18,6,1.0000);
INSERT INTO edition VALUES (682,'Сметное дело и Производственно-технический отдел. Комплект журналов','Журнал',22,18,6,1.0000);
INSERT INTO edition VALUES (683,'Сметное дело и Производственно-технический отдел. Комплект журналов для подписчиков журналов \"Сметное дело и (или) Производственно-технический отдел\" во 2-ом полугодии 2019г.','Журнал',22,18,6,1.0000);
INSERT INTO edition VALUES (684,'Сметное дело, Библиотечка сметчика и Производственно-технический отдел. Комплект журналов','Журнал',22,24,6,1.0000);
INSERT INTO edition VALUES (685,'Сметное дело, Библиотечка сметчика и Производственно-технический отдел. Комплект журналов для подписчиков \"Сметное дело и (или) Производственно-технический отдел и (или) Библиотечка сметчика \" во 2-ом полугодии 2019г.','Журнал',22,24,6,1.0000);
INSERT INTO edition VALUES (686,'Экология на предприятии','Журнал',22,12,1,109.3600);
INSERT INTO edition VALUES (687,'ЭНЕРГЕТИКА. Комплект журналов','Журнал',22,24,2,230.2100);
INSERT INTO edition VALUES (688,'Энергосбережение. Комплект журналов','Журнал',22,18,2,188.0900);
INSERT INTO edition VALUES (689,'Энергосбережение. Практикум','Журнал',22,6,2,43.1900);
INSERT INTO edition VALUES (690,'Банкаўскi веснiк','Журнал',24,12,1,35.7400);
INSERT INTO edition VALUES (691,'Банковская деятельность','Журнал',24,6,6,737.6200);
INSERT INTO edition VALUES (692,'Банковская деятельность Для подписчиков журнала \"Банковская деятельность\" во 2-ом полугодии 2019г.','Журнал',24,6,6,733.4000);
INSERT INTO edition VALUES (693,'Белорусский экономический журнал','Журнал',24,4,3,17.1300);
INSERT INTO edition VALUES (694,'Библиотечка бюджетника','Журнал',24,4,1,123.7400);
INSERT INTO edition VALUES (695,'Библиотечка бюджетника Для подписчиков журнала \"Моя бухгалтерия. Бюджетные организации и (или) Библиотечка бюджетника и (или) Бюджетные организации. Здравоохранение\" во 2-ом полугодии 2019 г.','Журнал',24,4,1,122.2100);
INSERT INTO edition VALUES (696,'Бухгалтерский учет и анализ','Журнал',24,12,1,12.6600);
INSERT INTO edition VALUES (697,'Бюджетные организации. Здравоохранение','Журнал',24,4,1,108.0400);
INSERT INTO edition VALUES (698,'Бюджетные организации. Здравоохранение Для подписчиков журнала \"Бюджетные организации. Здравоохранение\" во 2-ом полугодии 2019 г.','Журнал',24,4,1,105.3600);
INSERT INTO edition VALUES (699,'Валютное регулирование и ВЭД','Журнал',24,12,1,90.2100);
INSERT INTO edition VALUES (700,'Веснiк Беларускага дзяржаўнага эканамiчнага ўнiверсiтэта','Журнал',24,6,2,13.7800);
INSERT INTO edition VALUES (701,'Вестник Ассоциации белорусских банков','Журнал',24,12,1,43.7200);
INSERT INTO edition VALUES (702,'Заработная плата','Журнал',24,12,1,103.1900);
INSERT INTO edition VALUES (703,'Заработная плата для тех, кто выписывал журнал ранее при предъявлении абонемента','Журнал',24,12,1,100.1300);
INSERT INTO edition VALUES (704,'Консультант предпринимателя','Журнал',24,12,1,6.2800);
INSERT INTO edition VALUES (705,'Моя бухгалтерия','Журнал',24,12,1,95.5300);
INSERT INTO edition VALUES (706,'Моя бухгалтерия Для подписчиков журнала\"Моя Бухгалтерия\" во 2-ом полугодии 2019г.','Журнал',24,12,1,93.2300);
INSERT INTO edition VALUES (707,'Моя бухгалтерия. Бюджетные организации','Журнал',24,24,1,143.5700);
INSERT INTO edition VALUES (708,'Моя бухгалтерия. Бюджетные организации + Библиотечка бюджетника + Бюджетные организации. Здравоохранение. Комплект журналов','Журнал',24,32,6,1.0000);
INSERT INTO edition VALUES (709,'Моя бухгалтерия. Бюджетные организации + Библиотечка бюджетника + Бюджетные организации. Здравоохранение. Комплект журналов для подписчков во 2 полугодии 2019','Журнал',24,32,6,1.0000);
INSERT INTO edition VALUES (710,'Моя бухгалтерия. Бюджетные организации + Библиотечка бюджетника. Комплект журналов','Журнал',24,28,6,1.0000);
INSERT INTO edition VALUES (711,'Моя бухгалтерия. Бюджетные организации + Библиотечка бюджетника. Комплект журналов для подписчиков журнала \"Моя бухгалтерия. Бюджетные организации и (или) Библиотечка бюджетника\" во 2-ом полугодии 2019г.','Журнал',24,28,6,1.0000);
INSERT INTO edition VALUES (712,'Моя бухгалтерия. Бюджетные организации + Бюджетные организации. Здравоохранение. Комплект журналов','Журнал',24,28,6,1.0000);
INSERT INTO edition VALUES (713,'Моя бухгалтерия. Бюджетные организации + Бюджетные организации. Здравоохранение. Комплект журналов Для подписчиков журналов \"Моя бухгалтерия. Бюджетные организации\" и (или) \"Бюджетные организации. Здравоохранение\" во 2-ом полугодии 2019г.','Журнал',24,28,6,1.0000);
INSERT INTO edition VALUES (714,'Моя бухгалтерия. Бюджетные организации Для подписчиков журнала \"Моя бухгалтерия. Бюджетные организации\" во 2-ом полугодии 2019г.','Журнал',24,24,1,139.7400);
INSERT INTO edition VALUES (715,'Моя бухгалтерия. Все для годового отчета','Журнал',24,4,1,115.9600);
INSERT INTO edition VALUES (716,'Моя бухгалтерия. Все для годового отчета Для подписчиков журнала \"Моя бухгалтерия. Все для годового отчета\" в 1-ом полугодии 2019 г.','Журнал',24,4,1,114.3000);
INSERT INTO edition VALUES (717,'Моя Бухгалтерия. Опыт проверок','Журнал',24,12,1,115.1300);
INSERT INTO edition VALUES (718,'Моя Бухгалтерия. Опыт проверок Для подписчиков журнала \"Моя Бухгалтерия. Опыт проверок\" во 2-ом полугодии 2019г.','Журнал',24,12,1,112.9600);
INSERT INTO edition VALUES (719,'Моя бухгалтерия. Сельское хозяйство','Журнал',24,12,1,90.0400);
INSERT INTO edition VALUES (720,'Моя бухгалтерия. Сельское хозяйство Для подписчиков журнала \"Моя бухгалтерия. Сельское хозяйство\" во 2-ом полугодии 2019г.','Журнал',24,12,1,88.0600);
INSERT INTO edition VALUES (721,'Моя Бухгалтерия. Строительство','Журнал',24,24,1,159.9100);
INSERT INTO edition VALUES (722,'Моя Бухгалтерия. Строительство Для подписчиков журнала \"Моя Бухгалтерия. Строительство\" во 2-ом полугодии 2019г.','Журнал',24,24,1,155.5700);
INSERT INTO edition VALUES (723,'Моя Бухгалтерия. Торговля и общественное питание','Журнал',24,12,1,126.5500);
INSERT INTO edition VALUES (724,'Моя Бухгалтерия. Торговля и общественное питание Для подписчиков журнала \"Моя Бухгалтерия. Торговля и общественное питание\" во 2-ом полугодии 2019г.','Журнал',24,12,1,124.5100);
INSERT INTO edition VALUES (725,'Моя Бухгалтерия. Транспорт','Журнал',24,12,1,126.8100);
INSERT INTO edition VALUES (726,'Моя Бухгалтерия. Транспорт Для подписчиков журнала\"Моя Бухгалтерия. Транспорт\" во 2-ом полугодии 2019г.','Журнал',24,12,1,124.5700);
INSERT INTO edition VALUES (727,'Моя Бухгалтерия. Ценообразование','Журнал',24,12,1,129.3600);
INSERT INTO edition VALUES (728,'Моя бухгалтерия. Ценообразование Для подписчиков журнала \"Моя бухгалтерия. Ценообразование\" во 2-ом полугодии 2019 г.','Журнал',24,12,1,126.9400);
INSERT INTO edition VALUES (729,'МСФО','Журнал',24,6,2,124.0400);
INSERT INTO edition VALUES (730,'Налоги Беларуси','Журнал',24,48,1,29.7000);
INSERT INTO edition VALUES (731,'Налоговая оптимизация','Журнал',24,12,1,110.9400);
INSERT INTO edition VALUES (732,'Налоговый вестник','Журнал',24,24,1,66.1700);
INSERT INTO edition VALUES (733,'Планово-экономический отдел','Журнал',24,12,1,102.1300);
INSERT INTO edition VALUES (734,'Планово-экономический отдел Для тех, кто выписывал журнал ранее при предъявлении абонемента','Журнал',24,12,1,99.1000);
INSERT INTO edition VALUES (735,'Страхование в Беларуси','Журнал',24,12,1,4.1500);
INSERT INTO edition VALUES (736,'Строительство и экономика','Журнал',24,12,6,162.1300);
INSERT INTO edition VALUES (737,'Труд и заработная плата','Журнал',24,12,6,833.6200);
INSERT INTO edition VALUES (738,'Упрощенная система налогообложения','Журнал',24,24,1,82.0400);
INSERT INTO edition VALUES (739,'Упрощенная система налогообложения для подписчиков журнала \"Упрощенная система налогообложения\" во 2-ом полугодии 2019г.','Журнал',24,24,1,80.6400);

INSERT INTO user_role VALUES (1,"Admin");
INSERT INTO user_role VALUES (2,"User");

insert into user (id, role_id, login, password, full_name, email, money, is_available) values (1, 1, 'Admin', '1234', 'Ivan Kiselevich', 'admin@periodicals.com', 1000, true);
insert into user (id, role_id, login, password, full_name, email, money, is_available) values (2, 2, 'kserver1', 'Y5ibuwXIy3u', 'Karita Server', 'kserver1@si.edu', 339, true);
insert into user (id, role_id, login, password, full_name, email, money, is_available) values (3, 2, 'jbloxland2', 'KlUKDmc', 'Jaymee Bloxland', 'jbloxland2@deliciousdays.com', 240, false);
insert into user (id, role_id, login, password, full_name, email, money, is_available) values (4, 2, 'ocarson3', 'TdMPJcH', 'Otto Carson', 'ocarson3@shareasale.com', 142, false);
insert into user (id, role_id, login, password, full_name, email, money, is_available) values (5, 2, 'byakunchikov4', 'NtYXvL4UI4', 'Batholomew Yakunchikov', 'byakunchikov4@army.mil', 362, true);
insert into user (id, role_id, login, password, full_name, email, money, is_available) values (6, 2, 'ujedraszek5', 's2DViYBGfLnL', 'Ulric Jedraszek', 'ujedraszek5@themeforest.net', 100, false);
insert into user (id, role_id, login, password, full_name, email, money, is_available) values (7, 2, 'rstandidge6', 'jhBE1ToE', 'Rozele Standidge', 'rstandidge6@gmpg.org', 139, true);
insert into user (id, role_id, login, password, full_name, email, money, is_available) values (8, 2, 'velflain7', 'vOXroz8RV', 'Verine Elflain', 'velflain7@nationalgeographic.com', 404, true);
insert into user (id, role_id, login, password, full_name, email, money, is_available) values (9, 2, 'hlepiscopio8', 'Yxv3fMmZjn', 'Husein L''Episcopio', 'hlepiscopio8@flickr.com', 164, true);
insert into user (id, role_id, login, password, full_name, email, money, is_available) values (10, 2, 'talger9', 'xGstibpZatp', 'Trixie Alger', 'talger9@sfgate.com', 474, true);
insert into user (id, role_id, login, password, full_name, email, money, is_available) values (11, 2, 'rknappea', 'EkSnGvwYMSgc', 'Rani Knappe', 'rknappea@mapy.cz', 473, false);
insert into user (id, role_id, login, password, full_name, email, money, is_available) values (12, 2, 'burlingb', 'ng5cDK', 'Bibby Urling', 'burlingb@un.org', 454, true);
insert into user (id, role_id, login, password, full_name, email, money, is_available) values (13, 2, 'lthiesc', 'F47TNMWscAb1', 'Lee Thies', 'lthiesc@npr.org', 476, true);
insert into user (id, role_id, login, password, full_name, email, money, is_available) values (14, 2, 'igilhouleyd', 'NJwvG8Q', 'Ingeborg Gilhouley', 'igilhouleyd@arizona.edu', 394, true);
insert into user (id, role_id, login, password, full_name, email, money, is_available) values (15, 2, 'qassure', '54md6AilSmT', 'Quent Assur', 'qassure@gmpg.org', 301, false);
insert into user (id, role_id, login, password, full_name, email, money, is_available) values (16, 2, 'tlef', 'SciANcODSfT', 'Templeton le Keux', 'tlef@behance.net', 354, false);
insert into user (id, role_id, login, password, full_name, email, money, is_available) values (17, 2, 'mjoreaug', 'jkGIiwFiTYyf', 'Myrwyn Joreau', 'mjoreaug@census.gov', 462, true);
insert into user (id, role_id, login, password, full_name, email, money, is_available) values (18, 2, 'pgymbletth', 'xsBBNxMja6nr', 'Pen Gymblett', 'pgymbletth@storify.com', 171, false);
insert into user (id, role_id, login, password, full_name, email, money, is_available) values (19, 2, 'wharcasei', 'QpHMtDKpU', 'Wallie Harcase', 'wharcasei@163.com', 468, false);
insert into user (id, role_id, login, password, full_name, email, money, is_available) values (20, 2, 'abyrcherj', 'BxNBa7UA', 'Alejoa Byrcher', 'abyrcherj@mlb.com', 369, true);
insert into user (id, role_id, login, password, full_name, email, money, is_available) values (21, 2, 'mnapoleonk', 'UZIAiVp4kYN6', 'Mala Napoleon', 'mnapoleonk@unesco.org', 129, false);
insert into user (id, role_id, login, password, full_name, email, money, is_available) values (22, 2, 'npoynserl', 'zBUO4WhoyLFZ', 'Natka Poynser', 'npoynserl@berkeley.edu', 399, false);
insert into user (id, role_id, login, password, full_name, email, money, is_available) values (23, 2, 'fcroneym', 'NTa4bi', 'Fanchette Croney', 'fcroneym@who.int', 470, true);
insert into user (id, role_id, login, password, full_name, email, money, is_available) values (24, 2, 'etaysbiln', 'Vs5Im6YqdpZ', 'Engracia Taysbil', 'etaysbiln@wiley.com', 370, true);
insert into user (id, role_id, login, password, full_name, email, money, is_available) values (25, 2, 'kbirtleyo', 'CUJ3bMH', 'Kliment Birtley', 'kbirtleyo@google.ru', 355, true);
insert into user (id, role_id, login, password, full_name, email, money, is_available) values (26, 2, 'escurryp', 'woTHaVo9kQ', 'Elisha Scurry', 'escurryp@opensource.org', 274, false);
insert into user (id, role_id, login, password, full_name, email, money, is_available) values (27, 2, 'kjaradq', 'MQlRaQTXmYS', 'Karleen Jarad', 'kjaradq@yandex.ru', 207, true);
insert into user (id, role_id, login, password, full_name, email, money, is_available) values (28, 2, 'dwyldishr', 'C10HAHZ', 'Domenico Wyldish', 'dwyldishr@ning.com', 482, false);
insert into user (id, role_id, login, password, full_name, email, money, is_available) values (29, 2, 'vcaistors', 'v8T8Aa0Q', 'Vaughan Caistor', 'vcaistors@wikispaces.com', 293, true);
insert into user (id, role_id, login, password, full_name, email, money, is_available) values (30, 2, 'nmcilvorayt', '0iE67Jh', 'Natale McIlvoray', 'nmcilvorayt@fc2.com', 420, false);
insert into user (id, role_id, login, password, full_name, email, money, is_available) values (31, 2, 'gmagillu', 'tgkc5ph', 'Guss Magill', 'gmagillu@mediafire.com', 130, false);
insert into user (id, role_id, login, password, full_name, email, money, is_available) values (32, 2, 'rmacciv', 'ApDns33mEx', 'Randy Macci', 'rmacciv@marriott.com', 279, true);
insert into user (id, role_id, login, password, full_name, email, money, is_available) values (33, 2, 'arominovw', 'NoVBPFBMVL', 'Alica Rominov', 'arominovw@wix.com', 421, true);
insert into user (id, role_id, login, password, full_name, email, money, is_available) values (34, 2, 'jopdenortx', 'Wk0a1eYYW', 'Jaclyn Opdenort', 'jopdenortx@theglobeandmail.com', 282, false);
insert into user (id, role_id, login, password, full_name, email, money, is_available) values (35, 2, 'hcolcutty', 'VGZn2KWNV', 'Heidie Colcutt', 'hcolcutty@dion.ne.jp', 333, false);
insert into user (id, role_id, login, password, full_name, email, money, is_available) values (36, 2, 'pdensumbez', 'EM1Lw5a', 'Paula Densumbe', 'pdensumbez@hubpages.com', 229, false);
insert into user (id, role_id, login, password, full_name, email, money, is_available) values (37, 2, 'tmandres10', 'ZHnHvi', 'Tricia Mandres', 'tmandres10@4shared.com', 208, false);
insert into user (id, role_id, login, password, full_name, email, money, is_available) values (38, 2, 'rvescovo11', 'w1pDEwrLxyUp', 'Robbin Vescovo', 'rvescovo11@rediff.com', 381, false);
insert into user (id, role_id, login, password, full_name, email, money, is_available) values (39, 2, 'tshowte12', 'StMJkWZbN19', 'Temple Showte', 'tshowte12@booking.com', 165, true);
insert into user (id, role_id, login, password, full_name, email, money, is_available) values (40, 2, 'etennet13', 'vHgEK1v', 'Emmalynne Tennet', 'etennet13@google.com.hk', 133, false);
insert into user (id, role_id, login, password, full_name, email, money, is_available) values (41, 2, 'jhirtz14', 'Nnukurye', 'Jeffie Hirtz', 'jhirtz14@ovh.net', 193, true);
insert into user (id, role_id, login, password, full_name, email, money, is_available) values (42, 2, 'lsotham15', 'AGf0EY9', 'Luke Sotham', 'lsotham15@barnesandnoble.com', 127, true);
insert into user (id, role_id, login, password, full_name, email, money, is_available) values (43, 2, 'iflay16', 'oJ3k7D', 'Idalia Flay', 'iflay16@usatoday.com', 485, true);
insert into user (id, role_id, login, password, full_name, email, money, is_available) values (44, 2, 'cdeary17', 'qDCzJtEs', 'Caritta Deary', 'cdeary17@telegraph.co.uk', 214, false);
insert into user (id, role_id, login, password, full_name, email, money, is_available) values (45, 2, 'aparkins18', 'Ze0LEg', 'Amara Parkins', 'aparkins18@weibo.com', 411, false);
insert into user (id, role_id, login, password, full_name, email, money, is_available) values (46, 2, 'amullender19', 'upUwJAAK', 'Andrea Mullender', 'amullender19@webeden.co.uk', 212, false);
insert into user (id, role_id, login, password, full_name, email, money, is_available) values (47, 2, 'mscanlon1a', 'k7ltuQNrAN', 'Mildrid Scanlon', 'mscanlon1a@microsoft.com', 399, false);
insert into user (id, role_id, login, password, full_name, email, money, is_available) values (48, 2, 'gbernaert1b', 'VIE9GWcwuFE', 'Garald Bernaert', 'gbernaert1b@adobe.com', 485, true);
insert into user (id, role_id, login, password, full_name, email, money, is_available) values (49, 2, 'cfricke1c', 'TFkCTo', 'Cassandre Fricke', 'cfricke1c@mail.ru', 199, true);
insert into user (id, role_id, login, password, full_name, email, money, is_available) values (50, 2, 'fboriston1d', 'hkljj0SQC', 'Frank Boriston', 'fboriston1d@thetimes.co.uk', 143, true);
insert into user (id, role_id, login, password, full_name, email, money, is_available) values (51, 2, 'ebeckson1e', '8FK3ruM64', 'Emylee Beckson', 'ebeckson1e@hp.com', 155, false);
insert into user (id, role_id, login, password, full_name, email, money, is_available) values (52, 2, 'amaddern1f', 'aYQ9s3Q', 'Alex Maddern', 'amaddern1f@godaddy.com', 140, false);
insert into user (id, role_id, login, password, full_name, email, money, is_available) values (53, 2, 'oguyver1g', '1smrmVt', 'Odo Guyver', 'oguyver1g@digg.com', 448, true);
insert into user (id, role_id, login, password, full_name, email, money, is_available) values (54, 2, 'fglaserman1h', 'ZLgRwlpzS', 'Florie Glaserman', 'fglaserman1h@stumbleupon.com', 375, true);
insert into user (id, role_id, login, password, full_name, email, money, is_available) values (55, 2, 'ckrienke1i', 'JX5IvHv1kFw', 'Cathyleen Krienke', 'ckrienke1i@artisteer.com', 197, false);
insert into user (id, role_id, login, password, full_name, email, money, is_available) values (56, 2, 'wmalmar1j', 'qKRrrgd8', 'Web Malmar', 'wmalmar1j@blogspot.com', 389, false);
insert into user (id, role_id, login, password, full_name, email, money, is_available) values (57, 2, 'mphizacklea1k', 'KTKeRsgHYmm', 'Merlina Phizacklea', 'mphizacklea1k@amazonaws.com', 415, true);
insert into user (id, role_id, login, password, full_name, email, money, is_available) values (58, 2, 'ayurin1l', 'amBGx0NlIJva', 'Anabel Yurin', 'ayurin1l@nbcnews.com', 389, true);
insert into user (id, role_id, login, password, full_name, email, money, is_available) values (59, 2, 'fpfaff1m', 'QqiV3sNU3g4O', 'Fredrika Pfaff', 'fpfaff1m@virginia.edu', 472, true);
insert into user (id, role_id, login, password, full_name, email, money, is_available) values (60, 2, 'ltesh1n', 'kOTAWCdhLWbc', 'Leonerd Tesh', 'ltesh1n@bandcamp.com', 321, true);
insert into user (id, role_id, login, password, full_name, email, money, is_available) values (61, 2, 'rboshard1o', '84vuSB', 'Rasla Boshard', 'rboshard1o@nsw.gov.au', 359, false);
insert into user (id, role_id, login, password, full_name, email, money, is_available) values (62, 2, 'cgateland1p', '39RWSVetbV', 'Celle Gateland', 'cgateland1p@woothemes.com', 324, true);
insert into user (id, role_id, login, password, full_name, email, money, is_available) values (63, 2, 'vockwell1q', 'lOd20ZzQU', 'Vassily Ockwell', 'vockwell1q@bigcartel.com', 426, true);
insert into user (id, role_id, login, password, full_name, email, money, is_available) values (64, 2, 'kmccullum1r', 'mvL4roVrDizP', 'Karin McCullum', 'kmccullum1r@reference.com', 401, false);
insert into user (id, role_id, login, password, full_name, email, money, is_available) values (65, 2, 'jgeator1s', 'qA9meJG', 'Jerry Geator', 'jgeator1s@hexun.com', 219, false);
insert into user (id, role_id, login, password, full_name, email, money, is_available) values (66, 2, 'acarleton1t', 'cPVXufpnkf', 'Ashlan Carleton', 'acarleton1t@bravesites.com', 153, true);
insert into user (id, role_id, login, password, full_name, email, money, is_available) values (67, 2, 'uludlow1u', 'Jzsq697', 'Udall Ludlow', 'uludlow1u@goo.ne.jp', 171, true);
insert into user (id, role_id, login, password, full_name, email, money, is_available) values (68, 2, 'dizard1v', 'Y96GNzxm7', 'Dante Izard', 'dizard1v@odnoklassniki.ru', 357, true);
insert into user (id, role_id, login, password, full_name, email, money, is_available) values (69, 2, 'ble1w', 'bw2f9X7G', 'Bruno Le Noir', 'ble1w@phoca.cz', 368, true);
insert into user (id, role_id, login, password, full_name, email, money, is_available) values (70, 2, 'smacnulty1x', 'DEbgu9KANPeh', 'Sharia MacNulty', 'smacnulty1x@adobe.com', 240, true);
insert into user (id, role_id, login, password, full_name, email, money, is_available) values (71, 2, 'asweeten1y', 'uweE2lRPsSY', 'Anneliese Sweeten', 'asweeten1y@sun.com', 108, true);
insert into user (id, role_id, login, password, full_name, email, money, is_available) values (72, 2, 'nblakes1z', '3skHCsmEj', 'Normand Blakes', 'nblakes1z@berkeley.edu', 156, false);
insert into user (id, role_id, login, password, full_name, email, money, is_available) values (73, 2, 'fkittless20', 'ZxfCPtzL', 'Francisca Kittless', 'fkittless20@va.gov', 219, true);
insert into user (id, role_id, login, password, full_name, email, money, is_available) values (74, 2, 'egadesby21', 'ChJKKzL', 'Elfie Gadesby', 'egadesby21@exblog.jp', 195, true);
insert into user (id, role_id, login, password, full_name, email, money, is_available) values (75, 2, 'moliveras22', 'Ruf7hh5', 'Merrily Oliveras', 'moliveras22@elpais.com', 334, true);
insert into user (id, role_id, login, password, full_name, email, money, is_available) values (76, 2, 'etomlett23', 'XUCyzf5', 'Elizabeth Tomlett', 'etomlett23@csmonitor.com', 192, false);
insert into user (id, role_id, login, password, full_name, email, money, is_available) values (77, 2, 'nbulfoy24', 'Y1BRpYIqfy2', 'Noach Bulfoy', 'nbulfoy24@mlb.com', 249, true);
insert into user (id, role_id, login, password, full_name, email, money, is_available) values (78, 2, 'hmckean25', 'jxyMov', 'Hatty McKean', 'hmckean25@rediff.com', 443, true);
insert into user (id, role_id, login, password, full_name, email, money, is_available) values (79, 2, 'lcarnew26', 'U3oY1rWw', 'Leonid Carnew', 'lcarnew26@nyu.edu', 455, false);
insert into user (id, role_id, login, password, full_name, email, money, is_available) values (80, 2, 'cdarling27', 'ulwKN1DBi', 'Charles Darling', 'cdarling27@ucla.edu', 159, false);
insert into user (id, role_id, login, password, full_name, email, money, is_available) values (81, 2, 'cfelderer28', 'LmtmSenQzmIN', 'Clo Felderer', 'cfelderer28@hibu.com', 100, true);
insert into user (id, role_id, login, password, full_name, email, money, is_available) values (82, 2, 'ggrundle29', 'sRpH3iJ22d', 'Gardner Grundle', 'ggrundle29@sina.com.cn', 135, true);
insert into user (id, role_id, login, password, full_name, email, money, is_available) values (83, 2, 'dlurriman2a', 'iCTVcx', 'Davidde Lurriman', 'dlurriman2a@msn.com', 247, true);
insert into user (id, role_id, login, password, full_name, email, money, is_available) values (84, 2, 'jjuszczak2b', 'KkwQCrWtndV', 'Janeen Juszczak', 'jjuszczak2b@dyndns.org', 497, false);
insert into user (id, role_id, login, password, full_name, email, money, is_available) values (85, 2, 'sjiranek2c', 'lTG9q92ebx', 'Sondra Jiranek', 'sjiranek2c@bloglovin.com', 448, false);
insert into user (id, role_id, login, password, full_name, email, money, is_available) values (86, 2, 'jerwin2d', 'jHDiXMTqDIx', 'Jason Erwin', 'jerwin2d@pen.io', 469, true);
insert into user (id, role_id, login, password, full_name, email, money, is_available) values (87, 2, 'mfurlong2e', 'EbtFktdE', 'Marylinda Furlong', 'mfurlong2e@google.pl', 403, false);
insert into user (id, role_id, login, password, full_name, email, money, is_available) values (88, 2, 'vlewing2f', 'Gsg91uHWBXW5', 'Van Lewing', 'vlewing2f@yandex.ru', 350, false);
insert into user (id, role_id, login, password, full_name, email, money, is_available) values (89, 2, 'ftracy2g', 'HhKGywCzB8KP', 'Fay Tracy', 'ftracy2g@tripadvisor.com', 166, true);
insert into user (id, role_id, login, password, full_name, email, money, is_available) values (90, 2, 'claugharne2h', 'PTCnVomeWhs', 'Clarine Laugharne', 'claugharne2h@acquirethisname.com', 251, false);
insert into user (id, role_id, login, password, full_name, email, money, is_available) values (91, 2, 'mschleicher2i', 'p5tcph', 'Melisa Schleicher', 'mschleicher2i@cargocollective.com', 302, false);
insert into user (id, role_id, login, password, full_name, email, money, is_available) values (92, 2, 'cetridge2j', 'PYQ7KS3wTl', 'Celisse Etridge', 'cetridge2j@hatena.ne.jp', 147, false);
insert into user (id, role_id, login, password, full_name, email, money, is_available) values (93, 2, 'sealden2k', 'ij9DBBE', 'Stearn Ealden', 'sealden2k@eepurl.com', 300, true);
insert into user (id, role_id, login, password, full_name, email, money, is_available) values (94, 2, 'spestricke2l', 'o8WcUO', 'Samara Pestricke', 'spestricke2l@nbcnews.com', 492, true);
insert into user (id, role_id, login, password, full_name, email, money, is_available) values (95, 2, 'cromao2m', 'CCjuEsMVzGX', 'Calv Romao', 'cromao2m@pen.io', 465, true);
insert into user (id, role_id, login, password, full_name, email, money, is_available) values (96, 2, 'ebotfield2n', 'joaBuo5', 'Ernesto Botfield', 'ebotfield2n@theglobeandmail.com', 326, false);
insert into user (id, role_id, login, password, full_name, email, money, is_available) values (97, 2, 'gbohey2o', 'iYS8AuvhOGev', 'Giselbert Bohey', 'gbohey2o@arstechnica.com', 252, true);
insert into user (id, role_id, login, password, full_name, email, money, is_available) values (98, 2, 'vhowlin2p', '0ZhAIa06slW', 'Vanda Howlin', 'vhowlin2p@pinterest.com', 376, true);
insert into user (id, role_id, login, password, full_name, email, money, is_available) values (99, 2, 'cdurek2q', 'eopIXBJjqiB', 'Colin Durek', 'cdurek2q@epa.gov', 494, false);
insert into user (id, role_id, login, password, full_name, email, money, is_available) values (100, 2, 'fmalatalant2r', 'XF5fg88ZlHt', 'Fayre Malatalant', 'fmalatalant2r@yahoo.co.jp', 134, false);
insert into user (id, role_id, login, password, full_name, email, money, is_available) values (101, 2, 'cpinniger2s', 'l2OdEYpkY2', 'Chiarra Pinniger', 'cpinniger2s@sun.com', 253, false);
insert into user (id, role_id, login, password, full_name, email, money, is_available) values (102, 2, 'gcrossan2t', 'kFXdCWS2B5Rf', 'Godfree Crossan', 'gcrossan2t@wordpress.org', 476, true);
insert into user (id, role_id, login, password, full_name, email, money, is_available) values (103, 2, 'pwatkinson2u', 'QE2DYa2b1e', 'Pebrook Watkinson', 'pwatkinson2u@thetimes.co.uk', 110, true);
insert into user (id, role_id, login, password, full_name, email, money, is_available) values (104, 2, 'lhaseman2v', 'cPX6b2vX', 'Lonnard Haseman', 'lhaseman2v@cnet.com', 397, false);
insert into user (id, role_id, login, password, full_name, email, money, is_available) values (105, 2, 'mborder2w', 'F0GqZw', 'Marcelle Border', 'mborder2w@phoca.cz', 407, false);
insert into user (id, role_id, login, password, full_name, email, money, is_available) values (106, 2, 'rworsall2x', 'ziiwjvUel', 'Rickard Worsall', 'rworsall2x@smh.com.au', 218, false);
insert into user (id, role_id, login, password, full_name, email, money, is_available) values (107, 2, 'dgeering2y', '0FtXAJJzv', 'Dore Geering', 'dgeering2y@wunderground.com', 157, true);
insert into user (id, role_id, login, password, full_name, email, money, is_available) values (108, 2, 'rpulteneye2z', 'DcofFIk', 'Reagan Pulteneye', 'rpulteneye2z@pinterest.com', 137, true);
insert into user (id, role_id, login, password, full_name, email, money, is_available) values (109, 2, 'mreyner30', 'Oa8NeUw', 'Merry Reyner', 'mreyner30@blogtalkradio.com', 134, true);
insert into user (id, role_id, login, password, full_name, email, money, is_available) values (110, 2, 'fmccathie31', 'UP8rUy7VO', 'Fayth McCathie', 'fmccathie31@npr.org', 194, true);
insert into user (id, role_id, login, password, full_name, email, money, is_available) values (111, 2, 'lstinton32', 'mkHFP9', 'Lowe Stinton', 'lstinton32@nymag.com', 312, false);
insert into user (id, role_id, login, password, full_name, email, money, is_available) values (112, 2, 'jotter33', 'BbTZEO4eVU', 'Junina Otter', 'jotter33@51.la', 202, true);
insert into user (id, role_id, login, password, full_name, email, money, is_available) values (113, 2, 'dstoker34', '7NHjhGR', 'Drucie Stoker', 'dstoker34@apache.org', 472, true);
insert into user (id, role_id, login, password, full_name, email, money, is_available) values (114, 2, 'emacilurick35', 'xvxkQ92Pta', 'Estrella MacIlurick', 'emacilurick35@usda.gov', 466, false);
insert into user (id, role_id, login, password, full_name, email, money, is_available) values (115, 2, 'mkepling36', 'U9B6WkGk', 'Mimi Kepling', 'mkepling36@google.co.uk', 324, true);
insert into user (id, role_id, login, password, full_name, email, money, is_available) values (116, 2, 'sheller37', '3SD0h29', 'Sofie Heller', 'sheller37@nasa.gov', 192, true);
insert into user (id, role_id, login, password, full_name, email, money, is_available) values (117, 2, 'itattoo38', 'pf1h5o', 'Isador Tattoo', 'itattoo38@bbb.org', 226, false);
insert into user (id, role_id, login, password, full_name, email, money, is_available) values (118, 2, 'gkarlsson39', 'gOpITvd6', 'Georgia Karlsson', 'gkarlsson39@bbc.co.uk', 333, true);
insert into user (id, role_id, login, password, full_name, email, money, is_available) values (119, 2, 'ede3a', 'SRoOGv', 'Eddie de Wilde', 'ede3a@desdev.cn', 359, false);
insert into user (id, role_id, login, password, full_name, email, money, is_available) values (120, 2, 'solliffe3b', 'mj3vtwo', 'Shay Olliffe', 'solliffe3b@dell.com', 239, true);
insert into user (id, role_id, login, password, full_name, email, money, is_available) values (121, 2, 'zsorsbie3c', 'AKLL61T50', 'Zara Sorsbie', 'zsorsbie3c@craigslist.org', 253, false);
insert into user (id, role_id, login, password, full_name, email, money, is_available) values (122, 2, 'bmilne3d', 'Pw6bHR7N9', 'Bobby Milne', 'bmilne3d@chronoengine.com', 406, false);
insert into user (id, role_id, login, password, full_name, email, money, is_available) values (123, 2, 'jbourchier3e', 'c2fnJs', 'Joellen Bourchier', 'jbourchier3e@disqus.com', 359, true);
insert into user (id, role_id, login, password, full_name, email, money, is_available) values (124, 2, 'yplom3f', '6oGfYd9ULf', 'Ysabel Plom', 'yplom3f@shareasale.com', 460, true);
insert into user (id, role_id, login, password, full_name, email, money, is_available) values (125, 2, 'amettricke3g', 'wPUFcmepmYxS', 'Andras Mettricke', 'amettricke3g@unicef.org', 351, true);
insert into user (id, role_id, login, password, full_name, email, money, is_available) values (126, 2, 'ljoao3h', '5WS5XY5nvyG5', 'Lynea Joao', 'ljoao3h@vimeo.com', 163, true);
insert into user (id, role_id, login, password, full_name, email, money, is_available) values (127, 2, 'khousecraft3i', 'iHKyz8', 'Karl Housecraft', 'khousecraft3i@cyberchimps.com', 467, false);
insert into user (id, role_id, login, password, full_name, email, money, is_available) values (128, 2, 'breskelly3j', 'E77u6KxL', 'Brandy Reskelly', 'breskelly3j@surveymonkey.com', 231, false);
insert into user (id, role_id, login, password, full_name, email, money, is_available) values (129, 2, 'ssale3k', '48NarzrXV', 'Sigismondo Sale', 'ssale3k@parallels.com', 481, false);
insert into user (id, role_id, login, password, full_name, email, money, is_available) values (130, 2, 'mthorn3l', 'pMJpYjRCbdY', 'Marin Thorn', 'mthorn3l@mtv.com', 443, true);
insert into user (id, role_id, login, password, full_name, email, money, is_available) values (131, 2, 'ccogin3m', 'anVngu6Wxv2B', 'Clayton Cogin', 'ccogin3m@hibu.com', 387, true);
insert into user (id, role_id, login, password, full_name, email, money, is_available) values (132, 2, 'gjordin3n', 'sjMvX0pXD', 'Gery Jordin', 'gjordin3n@ocn.ne.jp', 147, true);
insert into user (id, role_id, login, password, full_name, email, money, is_available) values (133, 2, 'adoylend3o', '7AjaURuGA4JW', 'Angelico Doylend', 'adoylend3o@is.gd', 257, true);
insert into user (id, role_id, login, password, full_name, email, money, is_available) values (134, 2, 'xgromley3p', 'p4NaYUzg', 'Xylina Gromley', 'xgromley3p@posterous.com', 274, false);
insert into user (id, role_id, login, password, full_name, email, money, is_available) values (135, 2, 'rbagenal3q', 'xM5pbAj', 'Ryon Bagenal', 'rbagenal3q@bigcartel.com', 118, false);
insert into user (id, role_id, login, password, full_name, email, money, is_available) values (136, 2, 'cbrinkler3r', 'wz6jin6QU', 'Chloris Brinkler', 'cbrinkler3r@feedburner.com', 318, true);
insert into user (id, role_id, login, password, full_name, email, money, is_available) values (137, 2, 'etebbut3s', 'VQWnrDRYTP', 'Eli Tebbut', 'etebbut3s@jugem.jp', 342, false);
insert into user (id, role_id, login, password, full_name, email, money, is_available) values (138, 2, 'mkilliner3t', '0SCabw4L24yv', 'Millie Killiner', 'mkilliner3t@sina.com.cn', 118, false);
insert into user (id, role_id, login, password, full_name, email, money, is_available) values (139, 2, 'glowdyane3u', 'RiIKk8ymWarG', 'Genvieve Lowdyane', 'glowdyane3u@paypal.com', 113, false);
insert into user (id, role_id, login, password, full_name, email, money, is_available) values (140, 2, 'rwillatts3v', 'yHwnYEX', 'Ron Willatts', 'rwillatts3v@4shared.com', 226, true);
insert into user (id, role_id, login, password, full_name, email, money, is_available) values (141, 2, 'bquilleash3w', 'iuR8kSmLIYOE', 'Bettina Quilleash', 'bquilleash3w@princeton.edu', 123, false);
insert into user (id, role_id, login, password, full_name, email, money, is_available) values (142, 2, 'rtidcombe3x', 'f8KzpnVQV', 'Robbi Tidcombe', 'rtidcombe3x@google.co.uk', 327, true);
insert into user (id, role_id, login, password, full_name, email, money, is_available) values (143, 2, 'ztrinke3y', 'X3otHwDC3', 'Zorina Trinke', 'ztrinke3y@shop-pro.jp', 208, true);
insert into user (id, role_id, login, password, full_name, email, money, is_available) values (144, 2, 'fcraze3z', 'GXTl20m', 'Frederique Craze', 'fcraze3z@yandex.ru', 402, true);
insert into user (id, role_id, login, password, full_name, email, money, is_available) values (145, 2, 'cconybear40', 'BUcstQ', 'Carlotta Conybear', 'cconybear40@businessinsider.com', 302, false);
insert into user (id, role_id, login, password, full_name, email, money, is_available) values (146, 2, 'maime41', 'Mz3TN6jfP', 'Margret Aime', 'maime41@bbc.co.uk', 446, false);
insert into user (id, role_id, login, password, full_name, email, money, is_available) values (147, 2, 'mgrinikhin42', 'gKiTSfPDQqq', 'Maurie Grinikhin', 'mgrinikhin42@sitemeter.com', 208, true);
insert into user (id, role_id, login, password, full_name, email, money, is_available) values (148, 2, 'pdrohun43', 'WJr4lqLr5MJO', 'Paulie Drohun', 'pdrohun43@webeden.co.uk', 299, false);
insert into user (id, role_id, login, password, full_name, email, money, is_available) values (149, 2, 'fgermon44', 'rpWzuG', 'Francine Germon', 'fgermon44@exblog.jp', 170, false);
insert into user (id, role_id, login, password, full_name, email, money, is_available) values (150, 2, 'cpittel45', 'BX6KRGow8k', 'Camala Pittel', 'cpittel45@digg.com', 399, true);
insert into user (id, role_id, login, password, full_name, email, money, is_available) values (151, 2, 'eheppner46', 'ca3MdJ9It8', 'Eddie Heppner', 'eheppner46@google.com.au', 418, true);
insert into user (id, role_id, login, password, full_name, email, money, is_available) values (152, 2, 'lklimecki47', 'EdkR6e', 'Leora Klimecki', 'lklimecki47@narod.ru', 205, false);
insert into user (id, role_id, login, password, full_name, email, money, is_available) values (153, 2, 'fkardosstowe48', '0HY00aWhI74', 'Finn Kardos-Stowe', 'fkardosstowe48@hostgator.com', 275, false);
insert into user (id, role_id, login, password, full_name, email, money, is_available) values (154, 2, 'mpaxman49', 'deaUwj', 'Mirna Paxman', 'mpaxman49@clickbank.net', 406, false);
insert into user (id, role_id, login, password, full_name, email, money, is_available) values (155, 2, 'sbryant4a', 'i5Q5zmLTEv', 'Skipton Bryant', 'sbryant4a@biblegateway.com', 197, true);
insert into user (id, role_id, login, password, full_name, email, money, is_available) values (156, 2, 'tlomath4b', '5ZdIB7Hm', 'Tucker Lomath', 'tlomath4b@bbb.org', 323, true);
insert into user (id, role_id, login, password, full_name, email, money, is_available) values (157, 2, 'rlanaway4c', 'yrQu98h78', 'Rosaline Lanaway', 'rlanaway4c@mtv.com', 326, false);
insert into user (id, role_id, login, password, full_name, email, money, is_available) values (158, 2, 'bdeneve4d', 'l6MJTv4O', 'Beulah Deneve', 'bdeneve4d@delicious.com', 196, false);
insert into user (id, role_id, login, password, full_name, email, money, is_available) values (159, 2, 'ajeavons4e', 'R8CCE9Y8', 'Anne-marie Jeavons', 'ajeavons4e@geocities.jp', 463, false);
insert into user (id, role_id, login, password, full_name, email, money, is_available) values (160, 2, 'helies4f', 'MWaAR4CXfYSJ', 'Hilly Elies', 'helies4f@sina.com.cn', 280, false);
insert into user (id, role_id, login, password, full_name, email, money, is_available) values (161, 2, 'bcottesford4g', 'rtXwBT1eO', 'Bank Cottesford', 'bcottesford4g@upenn.edu', 103, true);
insert into user (id, role_id, login, password, full_name, email, money, is_available) values (162, 2, 'jshewry4h', 'OTNsbk3h12k', 'Janel Shewry', 'jshewry4h@yahoo.co.jp', 243, true);
insert into user (id, role_id, login, password, full_name, email, money, is_available) values (163, 2, 'ssadat4i', 'Rj3NzYkkIYE', 'Skelly Sadat', 'ssadat4i@nba.com', 450, true);
insert into user (id, role_id, login, password, full_name, email, money, is_available) values (164, 2, 'sregitz4j', 'vyaGB2rgcl', 'Sylvester Regitz', 'sregitz4j@merriam-webster.com', 366, true);
insert into user (id, role_id, login, password, full_name, email, money, is_available) values (165, 2, 'ddowglass4k', 'cf6vZQ4C', 'Derby Dowglass', 'ddowglass4k@npr.org', 494, true);
insert into user (id, role_id, login, password, full_name, email, money, is_available) values (166, 2, 'cmetzig4l', 'LFUeQYm', 'Cornie Metzig', 'cmetzig4l@yellowbook.com', 414, false);
insert into user (id, role_id, login, password, full_name, email, money, is_available) values (167, 2, 'ahambrook4m', 's0njMS', 'Angeline Hambrook', 'ahambrook4m@g.co', 150, false);
insert into user (id, role_id, login, password, full_name, email, money, is_available) values (168, 2, 'begdale4n', 'NPA0G27E', 'Brent Egdale', 'begdale4n@youtu.be', 154, true);
insert into user (id, role_id, login, password, full_name, email, money, is_available) values (169, 2, 'iropcke4o', 'KerY6DUrjFE', 'Iver Ropcke', 'iropcke4o@symantec.com', 145, false);
insert into user (id, role_id, login, password, full_name, email, money, is_available) values (170, 2, 'laskey4p', 'EVeFZUfdLZ', 'Leonelle Askey', 'laskey4p@statcounter.com', 154, true);
insert into user (id, role_id, login, password, full_name, email, money, is_available) values (171, 2, 'mrosberg4q', 'bq0Ni4', 'Meggi Rosberg', 'mrosberg4q@multiply.com', 437, false);
insert into user (id, role_id, login, password, full_name, email, money, is_available) values (172, 2, 'gduckitt4r', 'BymQOh', 'Gerda Duckitt', 'gduckitt4r@opensource.org', 393, true);
insert into user (id, role_id, login, password, full_name, email, money, is_available) values (173, 2, 'kilyushkin4s', 'HgLRAWJpDykR', 'Katalin Ilyushkin', 'kilyushkin4s@altervista.org', 213, false);
insert into user (id, role_id, login, password, full_name, email, money, is_available) values (174, 2, 'khamstead4t', 's04wdZkCPs1a', 'Katina Hamstead', 'khamstead4t@comsenz.com', 212, true);
insert into user (id, role_id, login, password, full_name, email, money, is_available) values (175, 2, 'thow4u', 'nLVBtG25s', 'Tobi How', 'thow4u@reverbnation.com', 111, false);
insert into user (id, role_id, login, password, full_name, email, money, is_available) values (176, 2, 'agolborn4v', 'mxXWKAs987gO', 'Ada Golborn', 'agolborn4v@bloglovin.com', 465, false);
insert into user (id, role_id, login, password, full_name, email, money, is_available) values (177, 2, 'ttremethack4w', 'e4IIyD', 'Talbert Tremethack', 'ttremethack4w@zdnet.com', 336, false);
insert into user (id, role_id, login, password, full_name, email, money, is_available) values (178, 2, 'ebilverstone4x', 'Pk72LoodpL', 'Elysha Bilverstone', 'ebilverstone4x@tumblr.com', 140, false);
insert into user (id, role_id, login, password, full_name, email, money, is_available) values (179, 2, 'bchmiel4y', '1I2cxBLFq', 'Barney Chmiel', 'bchmiel4y@cocolog-nifty.com', 329, false);
insert into user (id, role_id, login, password, full_name, email, money, is_available) values (180, 2, 'aheikkinen4z', 'bWkNkH1dv', 'Ailsun Heikkinen', 'aheikkinen4z@phpbb.com', 400, true);
insert into user (id, role_id, login, password, full_name, email, money, is_available) values (181, 2, 'cbastin50', 'IuJMzG5AXt25', 'Constantine Bastin', 'cbastin50@w3.org', 290, true);
insert into user (id, role_id, login, password, full_name, email, money, is_available) values (182, 2, 'adugdale51', 'xXI7cdPQ', 'Ariana Dugdale', 'adugdale51@businessweek.com', 383, true);
insert into user (id, role_id, login, password, full_name, email, money, is_available) values (183, 2, 'mmcguiney52', 'G7ln8UbqD0t', 'Marilee McGuiney', 'mmcguiney52@upenn.edu', 342, true);
insert into user (id, role_id, login, password, full_name, email, money, is_available) values (184, 2, 'jdemkowicz53', 'g9NEevqOGRz', 'Jemimah Demkowicz', 'jdemkowicz53@google.co.jp', 275, false);
insert into user (id, role_id, login, password, full_name, email, money, is_available) values (185, 2, 'gglassup54', 'twgGz5', 'Genvieve Glassup', 'gglassup54@hexun.com', 192, false);
insert into user (id, role_id, login, password, full_name, email, money, is_available) values (186, 2, 'zsebley55', 'pFXyYOESn', 'Zane Sebley', 'zsebley55@ehow.com', 212, true);
insert into user (id, role_id, login, password, full_name, email, money, is_available) values (187, 2, 'sflisher56', 't8s3EnA4lr6', 'Sanderson Flisher', 'sflisher56@wiley.com', 115, true);
insert into user (id, role_id, login, password, full_name, email, money, is_available) values (188, 2, 'gyuryaev57', '5IyGg0F2zye', 'Garret Yuryaev', 'gyuryaev57@lulu.com', 318, true);
insert into user (id, role_id, login, password, full_name, email, money, is_available) values (189, 2, 'epollastrone58', 'Sxerm1njU', 'Erick Pollastrone', 'epollastrone58@multiply.com', 410, true);
insert into user (id, role_id, login, password, full_name, email, money, is_available) values (190, 2, 'xlaffin59', '88Fo0hW', 'Xymenes Laffin', 'xlaffin59@cnbc.com', 336, true);
insert into user (id, role_id, login, password, full_name, email, money, is_available) values (191, 2, 'bbeverley5a', 'YFwklM', 'Basilius Beverley', 'bbeverley5a@tuttocitta.it', 274, false);
insert into user (id, role_id, login, password, full_name, email, money, is_available) values (192, 2, 'nmckenny5b', 'TJRP5rj', 'Natala McKenny', 'nmckenny5b@zdnet.com', 498, false);
insert into user (id, role_id, login, password, full_name, email, money, is_available) values (193, 2, 'mdetheridge5c', 'rk4PDEUjN', 'Marybelle Detheridge', 'mdetheridge5c@auda.org.au', 402, true);
insert into user (id, role_id, login, password, full_name, email, money, is_available) values (194, 2, 'zcapron5d', 'RDKJSHn3', 'Zach Capron', 'zcapron5d@hud.gov', 202, true);
insert into user (id, role_id, login, password, full_name, email, money, is_available) values (195, 2, 'ctemple5e', 'l3w1M7LC', 'Ced Temple', 'ctemple5e@t.co', 434, true);
insert into user (id, role_id, login, password, full_name, email, money, is_available) values (196, 2, 'risaq5f', 'Y07dEPGIy', 'Raina Isaq', 'risaq5f@dailymotion.com', 382, true);
insert into user (id, role_id, login, password, full_name, email, money, is_available) values (197, 2, 'wlangridge5g', 'IPS4ZMl0dlU', 'Wolfie Langridge', 'wlangridge5g@parallels.com', 466, true);
insert into user (id, role_id, login, password, full_name, email, money, is_available) values (198, 2, 'pclemits5h', 'itu4kdPCM0tE', 'Pietra Clemits', 'pclemits5h@businesswire.com', 167, false);
insert into user (id, role_id, login, password, full_name, email, money, is_available) values (199, 2, 'dmcsweeney5i', 'Vm7OCbGEe', 'Del McSweeney', 'dmcsweeney5i@hibu.com', 397, true);
insert into user (id, role_id, login, password, full_name, email, money, is_available) values (200, 2, 'dnoor5j', 'dUCYcXOQ6p', 'Dwain Noor', 'dnoor5j@engadget.com', 149, true);
insert into user (id, role_id, login, password, full_name, email, money, is_available) values (201, 2, 'ghasely5k', 'xXf4Mh4WAQVl', 'Gasparo Hasely', 'ghasely5k@nymag.com', 333, true);
insert into user (id, role_id, login, password, full_name, email, money, is_available) values (202, 2, 'hgerrans5l', 'WzpaVgraDrx', 'Huberto Gerrans', 'hgerrans5l@desdev.cn', 335, true);
insert into user (id, role_id, login, password, full_name, email, money, is_available) values (203, 2, 'lkidney5m', 'olIzPsZ6LnoS', 'Laurene Kidney', 'lkidney5m@wunderground.com', 490, true);
insert into user (id, role_id, login, password, full_name, email, money, is_available) values (204, 2, 'rgorch5n', '0GHnZr7dm', 'Ricki Gorch', 'rgorch5n@un.org', 432, true);
insert into user (id, role_id, login, password, full_name, email, money, is_available) values (205, 2, 'rjeffress5o', '63cCy7jymdH', 'Ronda Jeffress', 'rjeffress5o@wsj.com', 451, false);
insert into user (id, role_id, login, password, full_name, email, money, is_available) values (206, 2, 'tilymanov5p', 'x9nthZ3', 'Tadd Ilymanov', 'tilymanov5p@imdb.com', 408, false);
insert into user (id, role_id, login, password, full_name, email, money, is_available) values (207, 2, 'acarrington5q', '3yLdkji', 'Ardelia Carrington', 'acarrington5q@kickstarter.com', 432, true);
insert into user (id, role_id, login, password, full_name, email, money, is_available) values (208, 2, 'ahayford5r', 'jSbcMa3k7ZbA', 'Angil Hayford', 'ahayford5r@shareasale.com', 209, false);
insert into user (id, role_id, login, password, full_name, email, money, is_available) values (209, 2, 'dscheffel5s', 'cqTFJb', 'Dale Scheffel', 'dscheffel5s@unc.edu', 124, true);
insert into user (id, role_id, login, password, full_name, email, money, is_available) values (210, 2, 'dcapaldo5t', 'heCXav5Pw0C', 'Dacie Capaldo', 'dcapaldo5t@loc.gov', 106, false);
insert into user (id, role_id, login, password, full_name, email, money, is_available) values (211, 2, 'breina5u', 'KuCQQSoPM', 'Bax Reina', 'breina5u@usda.gov', 424, true);
insert into user (id, role_id, login, password, full_name, email, money, is_available) values (212, 2, 'jivanin5v', 'PmSIUBEnHZI', 'Junina Ivanin', 'jivanin5v@huffingtonpost.com', 300, true);
insert into user (id, role_id, login, password, full_name, email, money, is_available) values (213, 2, 'pbrushfield5w', 'GbNFq0', 'Patin Brushfield', 'pbrushfield5w@biblegateway.com', 471, false);
insert into user (id, role_id, login, password, full_name, email, money, is_available) values (214, 2, 'wfilyushkin5x', 'UPSnKiV', 'Walden Filyushkin', 'wfilyushkin5x@ft.com', 284, true);
insert into user (id, role_id, login, password, full_name, email, money, is_available) values (215, 2, 'osorbey5y', 'WHyBCUFkEgD', 'Ody Sorbey', 'osorbey5y@pcworld.com', 403, false);
insert into user (id, role_id, login, password, full_name, email, money, is_available) values (216, 2, 'mliggins5z', 'eWYTFE3M', 'Manny Liggins', 'mliggins5z@bloglines.com', 210, true);
insert into user (id, role_id, login, password, full_name, email, money, is_available) values (217, 2, 'bbambury60', 'fCTiNz', 'Bili Bambury', 'bbambury60@purevolume.com', 151, true);
insert into user (id, role_id, login, password, full_name, email, money, is_available) values (218, 2, 'sbrideau61', 'LfRtUQU45c', 'Shelley Brideau', 'sbrideau61@dropbox.com', 200, true);
insert into user (id, role_id, login, password, full_name, email, money, is_available) values (219, 2, 'jde62', 'uZN4fio0L0', 'Joanie De la Barre', 'jde62@vimeo.com', 298, true);
insert into user (id, role_id, login, password, full_name, email, money, is_available) values (220, 2, 'ldenis63', 'zG5dYF', 'Lorenza Denis', 'ldenis63@people.com.cn', 311, true);
insert into user (id, role_id, login, password, full_name, email, money, is_available) values (221, 2, 'wbromige64', 'JQeAz2MkWRVs', 'Wynny Bromige', 'wbromige64@ask.com', 433, false);
insert into user (id, role_id, login, password, full_name, email, money, is_available) values (222, 2, 'ltollow65', 'DrNxih09NM', 'Leeanne Tollow', 'ltollow65@joomla.org', 113, false);
insert into user (id, role_id, login, password, full_name, email, money, is_available) values (223, 2, 'gle66', 'bNMK5tEh', 'Giffer Le Fevre', 'gle66@ftc.gov', 314, true);
insert into user (id, role_id, login, password, full_name, email, money, is_available) values (224, 2, 'aenders67', 'yH35dMA', 'Aubree Enders', 'aenders67@shinystat.com', 105, true);
insert into user (id, role_id, login, password, full_name, email, money, is_available) values (225, 2, 'gcoslett68', 'C8xA58', 'Gordy Coslett', 'gcoslett68@people.com.cn', 431, true);
insert into user (id, role_id, login, password, full_name, email, money, is_available) values (226, 2, 'smartynka69', '7OXiLH', 'Stillman Martynka', 'smartynka69@sohu.com', 460, true);
insert into user (id, role_id, login, password, full_name, email, money, is_available) values (227, 2, 'anaulls6a', 'pPnP61MO9', 'Astra Naulls', 'anaulls6a@opensource.org', 201, true);
insert into user (id, role_id, login, password, full_name, email, money, is_available) values (228, 2, 'ecuddehy6b', 'pqfMuSp6JUya', 'Edgar Cuddehy', 'ecuddehy6b@sakura.ne.jp', 467, false);
insert into user (id, role_id, login, password, full_name, email, money, is_available) values (229, 2, 'lspowart6c', 'jlN18Q5z89', 'Lexis Spowart', 'lspowart6c@si.edu', 134, true);
insert into user (id, role_id, login, password, full_name, email, money, is_available) values (230, 2, 'alast6d', 'hAcrR8rBj', 'Alvira Last', 'alast6d@sun.com', 349, true);
insert into user (id, role_id, login, password, full_name, email, money, is_available) values (231, 2, 'dyurocjkin6e', 'jf9BJCBq8E', 'Darbee Yurocjkin', 'dyurocjkin6e@biglobe.ne.jp', 353, false);
insert into user (id, role_id, login, password, full_name, email, money, is_available) values (232, 2, 'qcull6f', '3sKw9YwN', 'Queenie Cull', 'qcull6f@tumblr.com', 156, true);
insert into user (id, role_id, login, password, full_name, email, money, is_available) values (233, 2, 'fpleager6g', 'o3M7w98X3rQI', 'Frans Pleager', 'fpleager6g@wordpress.com', 429, true);
insert into user (id, role_id, login, password, full_name, email, money, is_available) values (234, 2, 'ewimbush6h', 'kuhkseWxCES', 'Edie Wimbush', 'ewimbush6h@squarespace.com', 441, true);
insert into user (id, role_id, login, password, full_name, email, money, is_available) values (235, 2, 'rboddington6i', 'cjrD3o', 'Raphael Boddington', 'rboddington6i@gizmodo.com', 481, false);
insert into user (id, role_id, login, password, full_name, email, money, is_available) values (236, 2, 'kpinckney6j', 'oZHGAvdS1', 'Korry Pinckney', 'kpinckney6j@accuweather.com', 292, true);
insert into user (id, role_id, login, password, full_name, email, money, is_available) values (237, 2, 'tneljes6k', 'Jx0i2YIN', 'Toddy Neljes', 'tneljes6k@java.com', 264, false);
insert into user (id, role_id, login, password, full_name, email, money, is_available) values (238, 2, 'lrelfe6l', 'dTqx5Vs', 'Leola Relfe', 'lrelfe6l@infoseek.co.jp', 466, false);
insert into user (id, role_id, login, password, full_name, email, money, is_available) values (239, 2, 'ismaridge6m', 'wMbp3XuSp1', 'Inessa Smaridge', 'ismaridge6m@mit.edu', 384, false);
insert into user (id, role_id, login, password, full_name, email, money, is_available) values (240, 2, 'mpavolillo6n', 'YbjSgVvZz3QF', 'Meara Pavolillo', 'mpavolillo6n@usatoday.com', 337, false);
insert into user (id, role_id, login, password, full_name, email, money, is_available) values (241, 2, 'mbenoey6o', '6wZWFrOva', 'Meggy Benoey', 'mbenoey6o@ox.ac.uk', 345, false);
insert into user (id, role_id, login, password, full_name, email, money, is_available) values (242, 2, 'nurpeth6p', 'eZ8HHZN8Vvn', 'Neville Urpeth', 'nurpeth6p@wiley.com', 273, true);
insert into user (id, role_id, login, password, full_name, email, money, is_available) values (243, 2, 'cfrancois6q', '8rc0FCtA', 'Chantalle Francois', 'cfrancois6q@salon.com', 262, true);
insert into user (id, role_id, login, password, full_name, email, money, is_available) values (244, 2, 'bfenimore6r', 'U4GddyWk2k', 'Barb Fenimore', 'bfenimore6r@creativecommons.org', 360, true);
insert into user (id, role_id, login, password, full_name, email, money, is_available) values (245, 2, 'dgiacoboni6s', '4qsRJ8GQ', 'Darsey Giacoboni', 'dgiacoboni6s@woothemes.com', 386, true);
insert into user (id, role_id, login, password, full_name, email, money, is_available) values (246, 2, 'aburges6t', 'qXVLerxGrCg', 'Ann-marie Burges', 'aburges6t@woothemes.com', 494, true);
insert into user (id, role_id, login, password, full_name, email, money, is_available) values (247, 2, 'cgoaks6u', 'wWHoHVCbfeZy', 'Corette Goaks', 'cgoaks6u@craigslist.org', 298, true);
insert into user (id, role_id, login, password, full_name, email, money, is_available) values (248, 2, 'jbert6v', 'Dm9Q0iw8n1', 'Judd Bert', 'jbert6v@reddit.com', 463, false);
insert into user (id, role_id, login, password, full_name, email, money, is_available) values (249, 2, 'ebrammer6w', 'eSQlfdY0K', 'Emeline Brammer', 'ebrammer6w@printfriendly.com', 208, false);
insert into user (id, role_id, login, password, full_name, email, money, is_available) values (250, 2, 'vclemenson6x', 'GL85oXRu8J', 'Velvet Clemenson', 'vclemenson6x@cnet.com', 256, false);
insert into user (id, role_id, login, password, full_name, email, money, is_available) values (251, 2, 'wlaban6y', 'AL8FyDiS', 'Wood Laban', 'wlaban6y@dion.ne.jp', 334, false);
insert into user (id, role_id, login, password, full_name, email, money, is_available) values (252, 2, 'amcorkill6z', 'iSE2fc3', 'Averil McOrkill', 'amcorkill6z@hexun.com', 319, false);
insert into user (id, role_id, login, password, full_name, email, money, is_available) values (253, 2, 'zzsa70', '9NsgRMYeTLw', 'Zsa zsa Lerwell', 'zzsa70@apple.com', 333, true);
insert into user (id, role_id, login, password, full_name, email, money, is_available) values (254, 2, 'dchilde71', 'DN01rgv4AYj', 'Dougy Childe', 'dchilde71@mashable.com', 187, false);
insert into user (id, role_id, login, password, full_name, email, money, is_available) values (255, 2, 'chenryson72', 'BJeLtUyyDOL', 'Carlina Henryson', 'chenryson72@pagesperso-orange.fr', 129, false);
insert into user (id, role_id, login, password, full_name, email, money, is_available) values (256, 2, 'cannice73', 'fwvT6k', 'Cortie Annice', 'cannice73@homestead.com', 431, false);
insert into user (id, role_id, login, password, full_name, email, money, is_available) values (257, 2, 'tpersitt74', 'skJpU1RZyc', 'Tymon Persitt', 'tpersitt74@bandcamp.com', 295, false);
insert into user (id, role_id, login, password, full_name, email, money, is_available) values (258, 2, 'cpiscotti75', 'qpUnnCK', 'Celeste Piscotti', 'cpiscotti75@theguardian.com', 118, true);
insert into user (id, role_id, login, password, full_name, email, money, is_available) values (259, 2, 'jpaszek76', '7HBZuNq', 'Jeanne Paszek', 'jpaszek76@dell.com', 270, false);
insert into user (id, role_id, login, password, full_name, email, money, is_available) values (260, 2, 'cclearley77', 'sXtQQof', 'Caye Clearley', 'cclearley77@blogtalkradio.com', 157, true);
insert into user (id, role_id, login, password, full_name, email, money, is_available) values (261, 2, 'hpfiffer78', 'dyBdWbsV', 'Huntlee Pfiffer', 'hpfiffer78@wunderground.com', 213, false);
insert into user (id, role_id, login, password, full_name, email, money, is_available) values (262, 2, 'ldockrell79', 'aBkjOeNME', 'Leopold Dockrell', 'ldockrell79@prlog.org', 496, true);
insert into user (id, role_id, login, password, full_name, email, money, is_available) values (263, 2, 'lgenthner7a', 'RFpxsDfsi1', 'Leora Genthner', 'lgenthner7a@netvibes.com', 106, true);
insert into user (id, role_id, login, password, full_name, email, money, is_available) values (264, 2, 'ptovey7b', 'Ti8rQlnAyt', 'Phoebe Tovey', 'ptovey7b@usda.gov', 415, true);
insert into user (id, role_id, login, password, full_name, email, money, is_available) values (265, 2, 'bfussey7c', '2NjAVX', 'Blithe Fussey', 'bfussey7c@jiathis.com', 319, true);
insert into user (id, role_id, login, password, full_name, email, money, is_available) values (266, 2, 'lbrunone7d', 'fZVLP2MaQ', 'Leela Brunone', 'lbrunone7d@wikimedia.org', 205, false);
insert into user (id, role_id, login, password, full_name, email, money, is_available) values (267, 2, 'rhanmer7e', 'qQKGRvs112', 'Rab Hanmer', 'rhanmer7e@nytimes.com', 386, false);
insert into user (id, role_id, login, password, full_name, email, money, is_available) values (268, 2, 'bcomberbeach7f', 'cBxO3Oj88A', 'Blaire Comberbeach', 'bcomberbeach7f@newsvine.com', 449, false);
insert into user (id, role_id, login, password, full_name, email, money, is_available) values (269, 2, 'tcutriss7g', 'jkAv6as4bSTx', 'Tallie Cutriss', 'tcutriss7g@jigsy.com', 352, false);
insert into user (id, role_id, login, password, full_name, email, money, is_available) values (270, 2, 'sklosges7h', 'GRoEoHy11', 'Shelli Klosges', 'sklosges7h@ft.com', 367, true);
insert into user (id, role_id, login, password, full_name, email, money, is_available) values (271, 2, 'ponions7i', 'VYVorXFCGFx', 'Pollyanna O''Nions', 'ponions7i@chron.com', 476, true);
insert into user (id, role_id, login, password, full_name, email, money, is_available) values (272, 2, 'wpoetz7j', 'eAC53v4', 'Wallis Poetz', 'wpoetz7j@hatena.ne.jp', 116, false);
insert into user (id, role_id, login, password, full_name, email, money, is_available) values (273, 2, 'tpeppin7k', 'X42yz0f3yzbW', 'Tucky Peppin', 'tpeppin7k@cargocollective.com', 112, true);
insert into user (id, role_id, login, password, full_name, email, money, is_available) values (274, 2, 'ctrasler7l', 'cEcLikJhmBE7', 'Carlin Trasler', 'ctrasler7l@ucla.edu', 123, false);
insert into user (id, role_id, login, password, full_name, email, money, is_available) values (275, 2, 'jstrippling7m', 'P3Wzio0DD6Z', 'Jeremie Strippling', 'jstrippling7m@indiegogo.com', 367, false);
insert into user (id, role_id, login, password, full_name, email, money, is_available) values (276, 2, 'lmarquot7n', 'TuHZI7sqt', 'Lon Marquot', 'lmarquot7n@ow.ly', 126, true);
insert into user (id, role_id, login, password, full_name, email, money, is_available) values (277, 2, 'croath7o', 'lRhJTSU', 'Claudina Roath', 'croath7o@feedburner.com', 340, true);
insert into user (id, role_id, login, password, full_name, email, money, is_available) values (278, 2, 'kgatty7p', 'PIRWXxxq', 'Kaitlyn Gatty', 'kgatty7p@tripod.com', 259, false);
insert into user (id, role_id, login, password, full_name, email, money, is_available) values (279, 2, 'galeksahkin7q', '2drgpHlCEo0j', 'Gregorius Aleksahkin', 'galeksahkin7q@oaic.gov.au', 451, false);
insert into user (id, role_id, login, password, full_name, email, money, is_available) values (280, 2, 'hicom7r', 'eiaFMVYSEz8', 'Hirsch Icom', 'hicom7r@cisco.com', 231, false);
insert into user (id, role_id, login, password, full_name, email, money, is_available) values (281, 2, 'uwingar7s', 'TupSIs9', 'Urbano Wingar', 'uwingar7s@wikimedia.org', 419, true);
insert into user (id, role_id, login, password, full_name, email, money, is_available) values (282, 2, 'fcamus7t', 'Hmk0rmFyqU3', 'Flossy Camus', 'fcamus7t@reddit.com', 402, true);
insert into user (id, role_id, login, password, full_name, email, money, is_available) values (283, 2, 'molorenshaw7u', 'gXqbYce1', 'Maddy Olorenshaw', 'molorenshaw7u@naver.com', 177, true);
insert into user (id, role_id, login, password, full_name, email, money, is_available) values (284, 2, 'mhiddsley7v', 'LgIcTPGb9q', 'Modestia Hiddsley', 'mhiddsley7v@gravatar.com', 451, false);
insert into user (id, role_id, login, password, full_name, email, money, is_available) values (285, 2, 'ntutill7w', 'bS2cut3Sft', 'Norman Tutill', 'ntutill7w@forbes.com', 474, false);
insert into user (id, role_id, login, password, full_name, email, money, is_available) values (286, 2, 'ttomaskunas7x', 'pRZTNjPoY9y', 'Terese Tomaskunas', 'ttomaskunas7x@blogger.com', 272, true);
insert into user (id, role_id, login, password, full_name, email, money, is_available) values (287, 2, 'merley7y', 'MDMA8HfSbyDd', 'Maxie Erley', 'merley7y@mapy.cz', 429, true);
insert into user (id, role_id, login, password, full_name, email, money, is_available) values (288, 2, 'dleftley7z', 'fhkWME5WGZ', 'Doralyn Leftley', 'dleftley7z@mysql.com', 387, false);
insert into user (id, role_id, login, password, full_name, email, money, is_available) values (289, 2, 'rlattimer80', 'v2QPI3', 'Rich Lattimer', 'rlattimer80@wisc.edu', 137, false);
insert into user (id, role_id, login, password, full_name, email, money, is_available) values (290, 2, 'istovin81', 'n3zQ8JjA5', 'Ines Stovin', 'istovin81@nba.com', 489, false);
insert into user (id, role_id, login, password, full_name, email, money, is_available) values (291, 2, 'mbaytrop82', 'w4hK2LUm', 'Marta Baytrop', 'mbaytrop82@parallels.com', 422, true);
insert into user (id, role_id, login, password, full_name, email, money, is_available) values (292, 2, 'bcruess83', 'KeGBKzPQmV1', 'Boniface Cruess', 'bcruess83@wired.com', 126, false);
insert into user (id, role_id, login, password, full_name, email, money, is_available) values (293, 2, 'gmacfadyen84', 'WnS0vGuO', 'Gale MacFadyen', 'gmacfadyen84@nature.com', 313, false);
insert into user (id, role_id, login, password, full_name, email, money, is_available) values (294, 2, 'dbunkle85', '5gyxVpT', 'Dinny Bunkle', 'dbunkle85@cbslocal.com', 259, true);
insert into user (id, role_id, login, password, full_name, email, money, is_available) values (295, 2, 'dgiovannelli86', 'oYTMRxcav', 'Debor Giovannelli', 'dgiovannelli86@forbes.com', 170, true);
insert into user (id, role_id, login, password, full_name, email, money, is_available) values (296, 2, 'hscaice87', 'il2G5LluDi', 'Horatia Scaice', 'hscaice87@time.com', 199, false);
insert into user (id, role_id, login, password, full_name, email, money, is_available) values (297, 2, 'jcaldairou88', 'DaoD4dB29UuM', 'Jerry Caldairou', 'jcaldairou88@addtoany.com', 326, true);
insert into user (id, role_id, login, password, full_name, email, money, is_available) values (298, 2, 'gnoads89', 'iJ1pQjSQkAIQ', 'Giustino Noads', 'gnoads89@auda.org.au', 363, false);
insert into user (id, role_id, login, password, full_name, email, money, is_available) values (299, 2, 'emapson8a', 'TKfrTHztYs', 'Engracia Mapson', 'emapson8a@pinterest.com', 254, false);
insert into user (id, role_id, login, password, full_name, email, money, is_available) values (300, 2, 'bpostill8b', 'nGYGx0N', 'Brigid Postill', 'bpostill8b@narod.ru', 444, false);
insert into user (id, role_id, login, password, full_name, email, money, is_available) values (301, 2, 'gbamborough8c', 'Xee1XG9gz', 'Gregorio Bamborough', 'gbamborough8c@eventbrite.com', 445, false);
insert into user (id, role_id, login, password, full_name, email, money, is_available) values (302, 2, 'gkingsnode8d', 'XFyzcKTU', 'Granny Kingsnode', 'gkingsnode8d@xrea.com', 471, true);
insert into user (id, role_id, login, password, full_name, email, money, is_available) values (303, 2, 'jletch8e', 'AVmnEFy', 'Janey Letch', 'jletch8e@go.com', 345, false);
insert into user (id, role_id, login, password, full_name, email, money, is_available) values (304, 2, 'lgordongiles8f', 'XOqH13q', 'Lianne Gordon-Giles', 'lgordongiles8f@posterous.com', 492, true);
insert into user (id, role_id, login, password, full_name, email, money, is_available) values (305, 2, 'twoolmer8g', 'ENlT7bGnN', 'Tim Woolmer', 'twoolmer8g@about.me', 209, true);
insert into user (id, role_id, login, password, full_name, email, money, is_available) values (306, 2, 'igoodlip8h', '6d560OV', 'Isak Goodlip', 'igoodlip8h@auda.org.au', 331, true);
insert into user (id, role_id, login, password, full_name, email, money, is_available) values (307, 2, 'asimla8i', 'YZMs3aSQ5C', 'Abigail Simla', 'asimla8i@naver.com', 459, false);
insert into user (id, role_id, login, password, full_name, email, money, is_available) values (308, 2, 'rtiesman8j', 'trZhvmbp1gA', 'Rebekah Tiesman', 'rtiesman8j@state.tx.us', 220, true);
insert into user (id, role_id, login, password, full_name, email, money, is_available) values (309, 2, 'kgerhardt8k', 'CAHxsthbpr', 'Kalvin Gerhardt', 'kgerhardt8k@wufoo.com', 131, false);
insert into user (id, role_id, login, password, full_name, email, money, is_available) values (310, 2, 'rcockshtt8l', 'wES9T6T', 'Rey Cockshtt', 'rcockshtt8l@list-manage.com', 366, false);
insert into user (id, role_id, login, password, full_name, email, money, is_available) values (311, 2, 'gmonelli8m', 'hFnSXnjburc', 'Glenine Monelli', 'gmonelli8m@biglobe.ne.jp', 476, false);
insert into user (id, role_id, login, password, full_name, email, money, is_available) values (312, 2, 'ttooke8n', 'WGwHCt', 'Thurstan Tooke', 'ttooke8n@furl.net', 396, true);
insert into user (id, role_id, login, password, full_name, email, money, is_available) values (313, 2, 'mdymott8o', 'uorkdog', 'Mortie Dymott', 'mdymott8o@foxnews.com', 392, true);
insert into user (id, role_id, login, password, full_name, email, money, is_available) values (314, 2, 'ccorps8p', 'mHSVo1OF', 'Cristi Corps', 'ccorps8p@newsvine.com', 437, false);
insert into user (id, role_id, login, password, full_name, email, money, is_available) values (315, 2, 'ipetrov8q', 'AyxTkSd', 'Isiahi Petrov', 'ipetrov8q@webs.com', 354, true);
insert into user (id, role_id, login, password, full_name, email, money, is_available) values (316, 2, 'mlamanby8r', 'VORhARB3txP', 'Martha Lamanby', 'mlamanby8r@reverbnation.com', 408, true);
insert into user (id, role_id, login, password, full_name, email, money, is_available) values (317, 2, 'rdodle8s', 'xll5cjZqKZ', 'Rudie Dodle', 'rdodle8s@twitter.com', 445, false);
insert into user (id, role_id, login, password, full_name, email, money, is_available) values (318, 2, 'cpedrozzi8t', 'hTrxZ287Jx', 'Cordell Pedrozzi', 'cpedrozzi8t@theglobeandmail.com', 405, true);
insert into user (id, role_id, login, password, full_name, email, money, is_available) values (319, 2, 'mteasdalemarkie8u', 'o01xi5RusV6A', 'Mendel Teasdale-Markie', 'mteasdalemarkie8u@sitemeter.com', 317, true);
insert into user (id, role_id, login, password, full_name, email, money, is_available) values (320, 2, 'wwitson8v', 'I10luhL', 'Waldon Witson', 'wwitson8v@dyndns.org', 232, false);
insert into user (id, role_id, login, password, full_name, email, money, is_available) values (321, 2, 'lovize8w', 'kewmNqUA0hK5', 'Lambert Ovize', 'lovize8w@yahoo.co.jp', 186, false);
insert into user (id, role_id, login, password, full_name, email, money, is_available) values (322, 2, 'cpriver8x', 'LW3PkFpBVv', 'Constantin Priver', 'cpriver8x@columbia.edu', 345, false);
insert into user (id, role_id, login, password, full_name, email, money, is_available) values (323, 2, 'alemmanbie8y', 'iEM3jnJQu5iW', 'Ardeen Lemmanbie', 'alemmanbie8y@yolasite.com', 239, true);
insert into user (id, role_id, login, password, full_name, email, money, is_available) values (324, 2, 'tlaraway8z', 'gvxR1w', 'Thorin Laraway', 'tlaraway8z@slideshare.net', 218, false);
insert into user (id, role_id, login, password, full_name, email, money, is_available) values (325, 2, 'ydormon90', '9gRtVvLNtR22', 'Yolane Dormon', 'ydormon90@qq.com', 418, false);
insert into user (id, role_id, login, password, full_name, email, money, is_available) values (326, 2, 'vloughton91', 'Gn84UDH', 'Vassili Loughton', 'vloughton91@pcworld.com', 226, false);
insert into user (id, role_id, login, password, full_name, email, money, is_available) values (327, 2, 'pthaller92', 'zCZ0sMR', 'Phip Thaller', 'pthaller92@soup.io', 355, false);
insert into user (id, role_id, login, password, full_name, email, money, is_available) values (328, 2, 'lbutterly93', 'SfYMQqt1n', 'Lacey Butterly', 'lbutterly93@mit.edu', 406, true);
insert into user (id, role_id, login, password, full_name, email, money, is_available) values (329, 2, 'lbasterfield94', 'WZJ7JXO3OlKm', 'Lawrence Basterfield', 'lbasterfield94@live.com', 231, false);
insert into user (id, role_id, login, password, full_name, email, money, is_available) values (330, 2, 'kbouldon95', 'uLzXh2hfG1nd', 'Koenraad Bouldon', 'kbouldon95@ask.com', 190, false);
insert into user (id, role_id, login, password, full_name, email, money, is_available) values (331, 2, 'ogagie96', '7niWETk4', 'Odell Gagie', 'ogagie96@uiuc.edu', 233, true);
insert into user (id, role_id, login, password, full_name, email, money, is_available) values (332, 2, 'mjindracek97', 'yUnYnuDiGJ', 'Maren Jindracek', 'mjindracek97@mayoclinic.com', 114, false);
insert into user (id, role_id, login, password, full_name, email, money, is_available) values (333, 2, 'scauson98', 'UvzdoLIYOSW', 'Saudra Causon', 'scauson98@hugedomains.com', 403, true);
insert into user (id, role_id, login, password, full_name, email, money, is_available) values (334, 2, 'scheevers99', 'x5oOIxrKql', 'Sybille Cheevers', 'scheevers99@feedburner.com', 426, false);
insert into user (id, role_id, login, password, full_name, email, money, is_available) values (335, 2, 'thamshar9a', 'tlLZKby17', 'Tierney Hamshar', 'thamshar9a@unesco.org', 445, true);
insert into user (id, role_id, login, password, full_name, email, money, is_available) values (336, 2, 'dbaalham9b', 'vuMcsx5AepGy', 'Dorette Baalham', 'dbaalham9b@huffingtonpost.com', 190, false);
insert into user (id, role_id, login, password, full_name, email, money, is_available) values (337, 2, 'ryellowley9c', 'sDfH1TKEsSPa', 'Roberto Yellowley', 'ryellowley9c@fotki.com', 368, true);
insert into user (id, role_id, login, password, full_name, email, money, is_available) values (338, 2, 'gdavidovic9d', 'nZIuMZagw', 'Glenine Davidovic', 'gdavidovic9d@51.la', 383, true);
insert into user (id, role_id, login, password, full_name, email, money, is_available) values (339, 2, 'agreatorex9e', '9oAFO5d4SqT', 'Artus Greatorex', 'agreatorex9e@fda.gov', 189, true);
insert into user (id, role_id, login, password, full_name, email, money, is_available) values (340, 2, 'lkilius9f', 'QnG61J', 'Lalo Kilius', 'lkilius9f@techcrunch.com', 168, false);
insert into user (id, role_id, login, password, full_name, email, money, is_available) values (341, 2, 'plevensky9g', 'WEPxyoTOMUi1', 'Phineas Levensky', 'plevensky9g@mapquest.com', 191, true);
insert into user (id, role_id, login, password, full_name, email, money, is_available) values (342, 2, 'mschule9h', 'hmun8K', 'Melicent Schule', 'mschule9h@taobao.com', 248, false);
insert into user (id, role_id, login, password, full_name, email, money, is_available) values (343, 2, 'brechert9i', 'MtgVf9EylR', 'Bernelle Rechert', 'brechert9i@umn.edu', 287, false);
insert into user (id, role_id, login, password, full_name, email, money, is_available) values (344, 2, 'ldowne9j', '2xHH8V6iC', 'Logan Downe', 'ldowne9j@hp.com', 389, true);
insert into user (id, role_id, login, password, full_name, email, money, is_available) values (345, 2, 'mlavrinov9k', 'kbTTUpWQkvQ', 'Martelle Lavrinov', 'mlavrinov9k@mail.ru', 382, false);
insert into user (id, role_id, login, password, full_name, email, money, is_available) values (346, 2, 'charbron9l', '7JcSbUOa', 'Christabella Harbron', 'charbron9l@gmpg.org', 466, false);
insert into user (id, role_id, login, password, full_name, email, money, is_available) values (347, 2, 'drubenfeld9m', 'dZRGw8ZKfG', 'Daryn Rubenfeld', 'drubenfeld9m@mashable.com', 338, true);
insert into user (id, role_id, login, password, full_name, email, money, is_available) values (348, 2, 'dormiston9n', 'QYlNTemlr1C', 'Donal Ormiston', 'dormiston9n@ihg.com', 442, false);
insert into user (id, role_id, login, password, full_name, email, money, is_available) values (349, 2, 'pcappineer9o', 'iIs62rtMDrR', 'Pinchas Cappineer', 'pcappineer9o@creativecommons.org', 408, true);
insert into user (id, role_id, login, password, full_name, email, money, is_available) values (350, 2, 'cgollop9p', 'uYQa2TAybvH', 'Calypso Gollop', 'cgollop9p@hp.com', 270, true);
insert into user (id, role_id, login, password, full_name, email, money, is_available) values (351, 2, 'cyearnsley9q', 'ENoNeB', 'Chrissie Yearnsley', 'cyearnsley9q@barnesandnoble.com', 299, true);
insert into user (id, role_id, login, password, full_name, email, money, is_available) values (352, 2, 'treignolds9r', 'cR13zq5', 'Temp Reignolds', 'treignolds9r@berkeley.edu', 258, true);
insert into user (id, role_id, login, password, full_name, email, money, is_available) values (353, 2, 'kthreadgold9s', 'dsungof1pxPe', 'Kingsly Threadgold', 'kthreadgold9s@mtv.com', 368, false);
insert into user (id, role_id, login, password, full_name, email, money, is_available) values (354, 2, 'mgoose9t', 'mhWj8pN2t8e9', 'Marcelo Goose', 'mgoose9t@diigo.com', 370, false);
insert into user (id, role_id, login, password, full_name, email, money, is_available) values (355, 2, 'rfayerbrother9u', 'nG1UEaImuZ4g', 'Ravi Fayerbrother', 'rfayerbrother9u@homestead.com', 265, true);
insert into user (id, role_id, login, password, full_name, email, money, is_available) values (356, 2, 'bhuie9v', '8bD5RE6AxBy', 'Bryna Huie', 'bhuie9v@last.fm', 299, false);
insert into user (id, role_id, login, password, full_name, email, money, is_available) values (357, 2, 'cdalrymple9w', '5WIFnfU50PRk', 'Cullin Dalrymple', 'cdalrymple9w@xing.com', 157, true);
insert into user (id, role_id, login, password, full_name, email, money, is_available) values (358, 2, 'cpeschka9x', 'gbZHBvBo', 'Camellia Peschka', 'cpeschka9x@istockphoto.com', 463, false);
insert into user (id, role_id, login, password, full_name, email, money, is_available) values (359, 2, 'lspears9y', 'vgSIWQQ4', 'Leanna Spears', 'lspears9y@blinklist.com', 285, false);
insert into user (id, role_id, login, password, full_name, email, money, is_available) values (360, 2, 'ldanielut9z', 'DobGPEjvWB', 'Lou Danielut', 'ldanielut9z@usda.gov', 260, false);
insert into user (id, role_id, login, password, full_name, email, money, is_available) values (361, 2, 'vferraria0', 'cNAGbh', 'Valerye Ferrari', 'vferraria0@feedburner.com', 461, false);
insert into user (id, role_id, login, password, full_name, email, money, is_available) values (362, 2, 'fgoldea1', 'HiTbQxwKy', 'Fiann Golde', 'fgoldea1@qq.com', 273, false);
insert into user (id, role_id, login, password, full_name, email, money, is_available) values (363, 2, 'adormanda2', 'Mz9YRy5MElre', 'Anatole Dormand', 'adormanda2@nationalgeographic.com', 345, true);
insert into user (id, role_id, login, password, full_name, email, money, is_available) values (364, 2, 'areallya3', 'qq8pRk20g', 'Amalea Really', 'areallya3@umich.edu', 402, false);
insert into user (id, role_id, login, password, full_name, email, money, is_available) values (365, 2, 'bbasilottaa4', 'lzyWUb99e', 'Bernhard Basilotta', 'bbasilottaa4@oracle.com', 389, true);
insert into user (id, role_id, login, password, full_name, email, money, is_available) values (366, 2, 'splowmana5', 'o0yiWa092q', 'Sela Plowman', 'splowmana5@mozilla.org', 388, true);
insert into user (id, role_id, login, password, full_name, email, money, is_available) values (367, 2, 'hsheacha6', 'ogLlpLJK13', 'Hugo Sheach', 'hsheacha6@example.com', 218, false);
insert into user (id, role_id, login, password, full_name, email, money, is_available) values (368, 2, 'tshimonya7', 'xeO08z2YVa', 'Terza Shimony', 'tshimonya7@icio.us', 350, false);
insert into user (id, role_id, login, password, full_name, email, money, is_available) values (369, 2, 'fcalla8', 'gBsTdOmLCA', 'Fanchette Call', 'fcalla8@google.com.au', 109, false);
insert into user (id, role_id, login, password, full_name, email, money, is_available) values (370, 2, 'ngartrella9', 'nGNpsZyoVb', 'Nicolea Gartrell', 'ngartrella9@barnesandnoble.com', 167, true);
insert into user (id, role_id, login, password, full_name, email, money, is_available) values (371, 2, 'ehughsaa', 'NQOTsMAbd55C', 'Ernestine Hughs', 'ehughsaa@mashable.com', 348, false);
insert into user (id, role_id, login, password, full_name, email, money, is_available) values (372, 2, 'tbateab', 'uNEbwmqi', 'Tucky Bate', 'tbateab@europa.eu', 449, false);
insert into user (id, role_id, login, password, full_name, email, money, is_available) values (373, 2, 'kwhitfeldac', 'POiB7meP2', 'Karita Whitfeld', 'kwhitfeldac@virginia.edu', 113, false);
insert into user (id, role_id, login, password, full_name, email, money, is_available) values (374, 2, 'mkortad', 'rNXzN9V', 'Marcelia Kort', 'mkortad@spotify.com', 379, true);
insert into user (id, role_id, login, password, full_name, email, money, is_available) values (375, 2, 'ddiae', 'Ih3aWfXKJ', 'Dallas Di Giorgio', 'ddiae@mapy.cz', 383, false);
insert into user (id, role_id, login, password, full_name, email, money, is_available) values (376, 2, 'llevinsaf', 'A4qJ4Si', 'Lutero Levins', 'llevinsaf@cloudflare.com', 228, false);
insert into user (id, role_id, login, password, full_name, email, money, is_available) values (377, 2, 'gsantosag', '4xeZyXi59p', 'Guido Santos', 'gsantosag@apple.com', 126, true);
insert into user (id, role_id, login, password, full_name, email, money, is_available) values (378, 2, 'gtroopah', '9LvRbLd1oS2c', 'Germana Troop', 'gtroopah@boston.com', 378, true);
insert into user (id, role_id, login, password, full_name, email, money, is_available) values (379, 2, 'mlansdaleai', 'mlUxiz', 'Margaux Lansdale', 'mlansdaleai@biglobe.ne.jp', 320, false);
insert into user (id, role_id, login, password, full_name, email, money, is_available) values (380, 2, 'nlowingaj', 'vXZuR6N', 'Nickola Lowing', 'nlowingaj@home.pl', 142, false);
insert into user (id, role_id, login, password, full_name, email, money, is_available) values (381, 2, 'ltumultyak', 'XO2xVJMoea', 'Lyndsie Tumulty', 'ltumultyak@businessweek.com', 500, false);
insert into user (id, role_id, login, password, full_name, email, money, is_available) values (382, 2, 'bdelgatyal', 'XKIydpW', 'Brietta Delgaty', 'bdelgatyal@dropbox.com', 127, false);
insert into user (id, role_id, login, password, full_name, email, money, is_available) values (383, 2, 'ifaltskogam', 'IK3xhB', 'Irma Faltskog', 'ifaltskogam@whitehouse.gov', 173, true);
insert into user (id, role_id, login, password, full_name, email, money, is_available) values (384, 2, 'hbrosekean', '2P40de8e', 'Harris Broseke', 'hbrosekean@patch.com', 190, true);
insert into user (id, role_id, login, password, full_name, email, money, is_available) values (385, 2, 'lstubbertao', 'Aw302Q4', 'Lurleen Stubbert', 'lstubbertao@nih.gov', 238, false);
insert into user (id, role_id, login, password, full_name, email, money, is_available) values (386, 2, 'acarverap', 'dMBuPKn3gtwO', 'Artemus Carver', 'acarverap@gizmodo.com', 420, true);
insert into user (id, role_id, login, password, full_name, email, money, is_available) values (387, 2, 'sgrouseaq', 'VwPjWuRVU', 'Sherm Grouse', 'sgrouseaq@live.com', 469, false);
insert into user (id, role_id, login, password, full_name, email, money, is_available) values (388, 2, 'kgrassinar', 'sosQoTPL', 'Kippie Grassin', 'kgrassinar@spotify.com', 236, false);
insert into user (id, role_id, login, password, full_name, email, money, is_available) values (389, 2, 'mcollickas', 'hZ1rv7Uk', 'Marla Collick', 'mcollickas@woothemes.com', 420, true);
insert into user (id, role_id, login, password, full_name, email, money, is_available) values (390, 2, 'ekienleinat', 'X6aNJDFVZAc', 'Evelyn Kienlein', 'ekienleinat@plala.or.jp', 172, true);
insert into user (id, role_id, login, password, full_name, email, money, is_available) values (391, 2, 'ctortisau', 'eliwgSWcpJ', 'Carlyn Tortis', 'ctortisau@multiply.com', 168, true);
insert into user (id, role_id, login, password, full_name, email, money, is_available) values (392, 2, 'dolivariav', 'IPTCO2k', 'Dagny Olivari', 'dolivariav@symantec.com', 279, false);
insert into user (id, role_id, login, password, full_name, email, money, is_available) values (393, 2, 'twaymanaw', 'zyEtfHrs', 'Tomasine Wayman', 'twaymanaw@abc.net.au', 215, true);
insert into user (id, role_id, login, password, full_name, email, money, is_available) values (394, 2, 'tnorfolkax', 'c0S9nrmQCny', 'Tine Norfolk', 'tnorfolkax@goodreads.com', 427, true);
insert into user (id, role_id, login, password, full_name, email, money, is_available) values (395, 2, 'narmanday', 'lTv1ImEKYC0', 'Nicholle Armand', 'narmanday@umn.edu', 168, true);
insert into user (id, role_id, login, password, full_name, email, money, is_available) values (396, 2, 'ahoulstonaz', 'ZyBFyG', 'Anjela Houlston', 'ahoulstonaz@wiley.com', 346, true);
insert into user (id, role_id, login, password, full_name, email, money, is_available) values (397, 2, 'apearmainb0', '2hsSyLrPVeh', 'Augie Pearmain', 'apearmainb0@cbslocal.com', 275, false);
insert into user (id, role_id, login, password, full_name, email, money, is_available) values (398, 2, 'cbiaggettib1', 'dwVFGESjis', 'Chaunce Biaggetti', 'cbiaggettib1@miitbeian.gov.cn', 305, false);
insert into user (id, role_id, login, password, full_name, email, money, is_available) values (399, 2, 'mferob2', 'r5138bAt1KT', 'Minnnie Fero', 'mferob2@timesonline.co.uk', 104, true);
insert into user (id, role_id, login, password, full_name, email, money, is_available) values (400, 2, 'asmalleyb3', 'APGDBX3h', 'Anastasia Smalley', 'asmalleyb3@opensource.org', 306, false);
insert into user (id, role_id, login, password, full_name, email, money, is_available) values (401, 2, 'jsauterb4', 'pcIUU4Ycf1z8', 'Jabez Sauter', 'jsauterb4@tamu.edu', 447, true);
insert into user (id, role_id, login, password, full_name, email, money, is_available) values (402, 2, 'ubrisb5', 'OzKwyi', 'Ulric Bris', 'ubrisb5@sfgate.com', 249, false);
insert into user (id, role_id, login, password, full_name, email, money, is_available) values (403, 2, 'cspatarulb6', 'IbimqAwTNEp', 'Cynde Spatarul', 'cspatarulb6@webnode.com', 215, true);
insert into user (id, role_id, login, password, full_name, email, money, is_available) values (404, 2, 'lcovingtonb7', '1L4QRb', 'Lonni Covington', 'lcovingtonb7@house.gov', 212, false);
insert into user (id, role_id, login, password, full_name, email, money, is_available) values (405, 2, 'bdericotb8', '3SmgyMQz2il', 'Bernardo Dericot', 'bdericotb8@mashable.com', 326, true);
insert into user (id, role_id, login, password, full_name, email, money, is_available) values (406, 2, 'msloatb9', '2651w05w', 'Malory Sloat', 'msloatb9@nhs.uk', 481, false);
insert into user (id, role_id, login, password, full_name, email, money, is_available) values (407, 2, 'mbevanba', 'uPQlcJHF0MSr', 'Marcus Bevan', 'mbevanba@unc.edu', 470, false);
insert into user (id, role_id, login, password, full_name, email, money, is_available) values (408, 2, 'lpleatbb', 'xItERhgS', 'Leodora Pleat', 'lpleatbb@columbia.edu', 471, false);
insert into user (id, role_id, login, password, full_name, email, money, is_available) values (409, 2, 'ghopferbc', '64BvKT', 'Griff Hopfer', 'ghopferbc@github.io', 261, false);
insert into user (id, role_id, login, password, full_name, email, money, is_available) values (410, 2, 'kchisnallbd', 'bHdB7nuW', 'Kissiah Chisnall', 'kchisnallbd@123-reg.co.uk', 375, false);
insert into user (id, role_id, login, password, full_name, email, money, is_available) values (411, 2, 'obristonbe', 'p0FkUEQO6lMw', 'Orlan Briston', 'obristonbe@telegraph.co.uk', 104, false);
insert into user (id, role_id, login, password, full_name, email, money, is_available) values (412, 2, 'bbedfordbf', 'ax5F6Ayt', 'Basilius Bedford', 'bbedfordbf@instagram.com', 494, false);
insert into user (id, role_id, login, password, full_name, email, money, is_available) values (413, 2, 'jtyronebg', 'KbNmVxqK', 'Jehanna Tyrone', 'jtyronebg@cdbaby.com', 419, false);
insert into user (id, role_id, login, password, full_name, email, money, is_available) values (414, 2, 'apalinbh', 'Nh5tdyrLthx', 'Aubrie Palin', 'apalinbh@github.io', 388, false);
insert into user (id, role_id, login, password, full_name, email, money, is_available) values (415, 2, 'dcanariobi', 'ZLjfQtYl', 'Dynah Canario', 'dcanariobi@goodreads.com', 482, true);
insert into user (id, role_id, login, password, full_name, email, money, is_available) values (416, 2, 'malfordebj', '0J86f1Q', 'Mureil Alforde', 'malfordebj@auda.org.au', 101, false);
insert into user (id, role_id, login, password, full_name, email, money, is_available) values (417, 2, 'fhewinsbk', '7nQ9G7', 'Fairleigh Hewins', 'fhewinsbk@ucoz.com', 474, false);
insert into user (id, role_id, login, password, full_name, email, money, is_available) values (418, 2, 'mleanbl', 'u8vLDJI7mr', 'Miltie Lean', 'mleanbl@businessweek.com', 489, true);
insert into user (id, role_id, login, password, full_name, email, money, is_available) values (419, 2, 'bjoysonbm', 'V2HkKPky', 'Berta Joyson', 'bjoysonbm@google.ru', 237, false);
insert into user (id, role_id, login, password, full_name, email, money, is_available) values (420, 2, 'bskippingbn', 'egrzm4gkzE', 'Boyd Skipping', 'bskippingbn@linkedin.com', 167, false);
insert into user (id, role_id, login, password, full_name, email, money, is_available) values (421, 2, 'akidbo', 'MT1LsMz', 'Annalee Kid', 'akidbo@blogspot.com', 142, true);
insert into user (id, role_id, login, password, full_name, email, money, is_available) values (422, 2, 'srishworthbp', 'mUCRxAhDIgyk', 'Stormie Rishworth', 'srishworthbp@google.pl', 336, false);
insert into user (id, role_id, login, password, full_name, email, money, is_available) values (423, 2, 'tpietruszewiczbq', 'E6e3EWDwkDp', 'Trace Pietruszewicz', 'tpietruszewiczbq@washingtonpost.com', 461, false);
insert into user (id, role_id, login, password, full_name, email, money, is_available) values (424, 2, 'gtweedbr', 'ByNCpm9u', 'Glenda Tweed', 'gtweedbr@wikispaces.com', 297, false);
insert into user (id, role_id, login, password, full_name, email, money, is_available) values (425, 2, 'ehammandbs', 'DBvpL1B', 'Elyse Hammand', 'ehammandbs@shop-pro.jp', 437, false);
insert into user (id, role_id, login, password, full_name, email, money, is_available) values (426, 2, 'staffreybt', '3l1vDq0', 'Sherri Taffrey', 'staffreybt@nba.com', 451, false);
insert into user (id, role_id, login, password, full_name, email, money, is_available) values (427, 2, 'aschoenrockbu', '54Lb3ZRO3LBV', 'Allayne Schoenrock', 'aschoenrockbu@weebly.com', 435, true);
insert into user (id, role_id, login, password, full_name, email, money, is_available) values (428, 2, 'hsondlandbv', 'SNK2LUUrXGz', 'Hasty Sondland', 'hsondlandbv@yellowpages.com', 487, false);
insert into user (id, role_id, login, password, full_name, email, money, is_available) values (429, 2, 'jcuttlesbw', 'lolfGRBfSA', 'Jenifer Cuttles', 'jcuttlesbw@so-net.ne.jp', 364, true);
insert into user (id, role_id, login, password, full_name, email, money, is_available) values (430, 2, 'cbeddinghambx', 'Syg3BDRBZaz', 'Calida Beddingham', 'cbeddinghambx@t.co', 312, true);
insert into user (id, role_id, login, password, full_name, email, money, is_available) values (431, 2, 'rmussoby', 'DGZVyvmg9', 'Rani Musso', 'rmussoby@freewebs.com', 244, false);
insert into user (id, role_id, login, password, full_name, email, money, is_available) values (432, 2, 'ctyghtbz', 'aqEYC7Fa', 'Clem Tyght', 'ctyghtbz@dot.gov', 274, true);
insert into user (id, role_id, login, password, full_name, email, money, is_available) values (433, 2, 'ccawthrac0', '6umYhcc', 'Celina Cawthra', 'ccawthrac0@parallels.com', 287, false);
insert into user (id, role_id, login, password, full_name, email, money, is_available) values (434, 2, 'ktorticec1', 'FYkeNq06', 'Kris Tortice', 'ktorticec1@washingtonpost.com', 480, false);
insert into user (id, role_id, login, password, full_name, email, money, is_available) values (435, 2, 'gshouldersc2', 'P0bYuNntN', 'Graehme Shoulders', 'gshouldersc2@mozilla.org', 374, true);
insert into user (id, role_id, login, password, full_name, email, money, is_available) values (436, 2, 'hsleec3', 'qmJGMak', 'Hilliary Slee', 'hsleec3@independent.co.uk', 187, true);
insert into user (id, role_id, login, password, full_name, email, money, is_available) values (437, 2, 'bnewvellc4', '63xJ2W17fz5S', 'Bradan Newvell', 'bnewvellc4@google.cn', 178, false);
insert into user (id, role_id, login, password, full_name, email, money, is_available) values (438, 2, 'hrowdellc5', 'Yeb2jCOQIDrn', 'Hersh Rowdell', 'hrowdellc5@foxnews.com', 433, true);
insert into user (id, role_id, login, password, full_name, email, money, is_available) values (439, 2, 'ibonhamc6', 'WBcd1sz', 'Inglis Bonham', 'ibonhamc6@liveinternet.ru', 213, true);
insert into user (id, role_id, login, password, full_name, email, money, is_available) values (440, 2, 'bnurdinc7', 'GSW6lock', 'Blythe Nurdin', 'bnurdinc7@aol.com', 424, true);
insert into user (id, role_id, login, password, full_name, email, money, is_available) values (441, 2, 'gmacrannellc8', 'ASLlDhF7SyFV', 'Gillan MacRannell', 'gmacrannellc8@wikispaces.com', 189, true);
insert into user (id, role_id, login, password, full_name, email, money, is_available) values (442, 2, 'rmuggachc9', 'AOZukA', 'Rivkah Muggach', 'rmuggachc9@illinois.edu', 420, true);
insert into user (id, role_id, login, password, full_name, email, money, is_available) values (443, 2, 'bsheppeyca', 'mOUbwkmj', 'Bailey Sheppey', 'bsheppeyca@cafepress.com', 310, false);
insert into user (id, role_id, login, password, full_name, email, money, is_available) values (444, 2, 'ggimletcb', 'PUHblmcxb7', 'Gael Gimlet', 'ggimletcb@home.pl', 297, true);
insert into user (id, role_id, login, password, full_name, email, money, is_available) values (445, 2, 'cdunkleycc', 'RE2dLST', 'Cicily Dunkley', 'cdunkleycc@live.com', 197, false);
insert into user (id, role_id, login, password, full_name, email, money, is_available) values (446, 2, 'pgrigorushkincd', '6FPsOXnQs', 'Prescott Grigorushkin', 'pgrigorushkincd@wix.com', 222, true);
insert into user (id, role_id, login, password, full_name, email, money, is_available) values (447, 2, 'tpatisce', 'WBFgtyrmW0', 'Tracy Patis', 'tpatisce@princeton.edu', 480, true);
insert into user (id, role_id, login, password, full_name, email, money, is_available) values (448, 2, 'dpennellscf', 'TiqU7Pz6s', 'Dylan Pennells', 'dpennellscf@epa.gov', 312, false);
insert into user (id, role_id, login, password, full_name, email, money, is_available) values (449, 2, 'ahumbeycg', 'tJhsWL', 'Ailbert Humbey', 'ahumbeycg@sciencedirect.com', 294, true);
insert into user (id, role_id, login, password, full_name, email, money, is_available) values (450, 2, 'ebrownech', '8dPWd4474', 'Elita Browne', 'ebrownech@bbb.org', 293, true);
insert into user (id, role_id, login, password, full_name, email, money, is_available) values (451, 2, 'ucerroci', 'DHlrEyL', 'Umeko Cerro', 'ucerroci@arstechnica.com', 448, false);
insert into user (id, role_id, login, password, full_name, email, money, is_available) values (452, 2, 'tmantionecj', 'U7uXGBCt4M2i', 'Tessy Mantione', 'tmantionecj@netscape.com', 238, false);
insert into user (id, role_id, login, password, full_name, email, money, is_available) values (453, 2, 'mgansbuhlerck', 'IibZKTom', 'Myrvyn Gansbuhler', 'mgansbuhlerck@cpanel.net', 180, false);
insert into user (id, role_id, login, password, full_name, email, money, is_available) values (454, 2, 'tstrutcl', 'kMnu8uC', 'Tarra Strut', 'tstrutcl@dell.com', 385, false);
insert into user (id, role_id, login, password, full_name, email, money, is_available) values (455, 2, 'vroxburghcm', 'fIA7jHB', 'Velma Roxburgh', 'vroxburghcm@wikispaces.com', 295, true);
insert into user (id, role_id, login, password, full_name, email, money, is_available) values (456, 2, 'rgruszczakcn', 'pBlKYhmJAMz', 'Rube Gruszczak', 'rgruszczakcn@dailymotion.com', 417, true);
insert into user (id, role_id, login, password, full_name, email, money, is_available) values (457, 2, 'mchismonco', 'mWzxceA8', 'Mac Chismon', 'mchismonco@alexa.com', 243, false);
insert into user (id, role_id, login, password, full_name, email, money, is_available) values (458, 2, 'fcleatherowcp', 'ScHMoFMD6Ud', 'Flori Cleatherow', 'fcleatherowcp@sitemeter.com', 185, false);
insert into user (id, role_id, login, password, full_name, email, money, is_available) values (459, 2, 'ibowtoncq', 'qS5AseOy5bRX', 'Iormina Bowton', 'ibowtoncq@miibeian.gov.cn', 307, false);
insert into user (id, role_id, login, password, full_name, email, money, is_available) values (460, 2, 'eleemancr', 'dWscgR0e', 'Ellswerth Leeman', 'eleemancr@sakura.ne.jp', 148, true);
insert into user (id, role_id, login, password, full_name, email, money, is_available) values (461, 2, 'tchannoncs', 'oCLhiYlO', 'Trevar Channon', 'tchannoncs@amazon.co.jp', 182, true);
insert into user (id, role_id, login, password, full_name, email, money, is_available) values (462, 2, 'arullerct', 'KDUZxrAmAab', 'Audra Ruller', 'arullerct@narod.ru', 417, false);
insert into user (id, role_id, login, password, full_name, email, money, is_available) values (463, 2, 'cdarnellcu', 'JUhbQXkNorax', 'Christean Darnell', 'cdarnellcu@tumblr.com', 452, false);
insert into user (id, role_id, login, password, full_name, email, money, is_available) values (464, 2, 'dblatchercv', 'RxgoVPK', 'Deirdre Blatcher', 'dblatchercv@yahoo.co.jp', 170, true);
insert into user (id, role_id, login, password, full_name, email, money, is_available) values (465, 2, 'wwoodfieldcw', 'IAkHsobtsnB', 'Wallis Woodfield', 'wwoodfieldcw@so-net.ne.jp', 431, false);
insert into user (id, role_id, login, password, full_name, email, money, is_available) values (466, 2, 'ndonaldcx', '960cW5l005', 'Nanette Donald', 'ndonaldcx@pbs.org', 254, false);
insert into user (id, role_id, login, password, full_name, email, money, is_available) values (467, 2, 'bbegwellcy', 'kNxT2AH', 'Budd Begwell', 'bbegwellcy@people.com.cn', 262, true);
insert into user (id, role_id, login, password, full_name, email, money, is_available) values (468, 2, 'cdowningcz', 'nzt5OIKY', 'Claudio Downing', 'cdowningcz@google.it', 327, false);
insert into user (id, role_id, login, password, full_name, email, money, is_available) values (469, 2, 'dgostridged0', 'mgBskNO0', 'Debbie Gostridge', 'dgostridged0@google.ru', 132, true);
insert into user (id, role_id, login, password, full_name, email, money, is_available) values (470, 2, 'apennettad1', 'uKQSHPY', 'Alexis Pennetta', 'apennettad1@feedburner.com', 271, false);
insert into user (id, role_id, login, password, full_name, email, money, is_available) values (471, 2, 'aaviesond2', 'DECic1', 'Aubrey Avieson', 'aaviesond2@ustream.tv', 103, false);
insert into user (id, role_id, login, password, full_name, email, money, is_available) values (472, 2, 'lstoppd3', 'OqSYuzV', 'Lisabeth Stopp', 'lstoppd3@ucsd.edu', 180, false);
insert into user (id, role_id, login, password, full_name, email, money, is_available) values (473, 2, 'sstapleyd4', 'dUgN3SHHMPY', 'Shem Stapley', 'sstapleyd4@ow.ly', 371, true);
insert into user (id, role_id, login, password, full_name, email, money, is_available) values (474, 2, 'nrushforthd5', 'Fv3iCm2YR', 'Nicol Rushforth', 'nrushforthd5@ca.gov', 243, false);
insert into user (id, role_id, login, password, full_name, email, money, is_available) values (475, 2, 'yhubballd6', '01VAPR7h36lf', 'Yancy Hubball', 'yhubballd6@wsj.com', 262, true);
insert into user (id, role_id, login, password, full_name, email, money, is_available) values (476, 2, 'adud7', 'So3NGngKHg', 'Adey Du Barry', 'adud7@github.io', 284, true);
insert into user (id, role_id, login, password, full_name, email, money, is_available) values (477, 2, 'jgippd8', 'DiGm9wHg9o7K', 'Jonathan Gipp', 'jgippd8@slashdot.org', 160, true);
insert into user (id, role_id, login, password, full_name, email, money, is_available) values (478, 2, 'cdassindaled9', 'Za8041j', 'Caril Dassindale', 'cdassindaled9@businessweek.com', 170, false);
insert into user (id, role_id, login, password, full_name, email, money, is_available) values (479, 2, 'ntoobyda', 'kZ1k9jqGt', 'Natka Tooby', 'ntoobyda@salon.com', 365, true);
insert into user (id, role_id, login, password, full_name, email, money, is_available) values (480, 2, 'gmassereldb', 'e0Sm5d', 'Gunner Masserel', 'gmassereldb@boston.com', 376, false);
insert into user (id, role_id, login, password, full_name, email, money, is_available) values (481, 2, 'aodc', 'JrGf3i0gto', 'Alexandros O'' Concannon', 'aodc@goodreads.com', 295, false);
insert into user (id, role_id, login, password, full_name, email, money, is_available) values (482, 2, 'khoffdd', 'bXV8uZivwIx', 'Kenna Hoff', 'khoffdd@blogs.com', 118, true);
insert into user (id, role_id, login, password, full_name, email, money, is_available) values (483, 2, 'sshovelde', 'g8cctf6b', 'Sheffy Shovel', 'sshovelde@springer.com', 156, false);
insert into user (id, role_id, login, password, full_name, email, money, is_available) values (484, 2, 'hchampneysdf', 'SWXLxkZF8d', 'Hayes Champneys', 'hchampneysdf@harvard.edu', 492, false);
insert into user (id, role_id, login, password, full_name, email, money, is_available) values (485, 2, 'dkobierzyckidg', 'sYMfLGkkYXh', 'Dorey Kobierzycki', 'dkobierzyckidg@weebly.com', 200, false);
insert into user (id, role_id, login, password, full_name, email, money, is_available) values (486, 2, 'trammedh', 'p63UOqu', 'Trixy Ramme', 'trammedh@php.net', 319, false);
insert into user (id, role_id, login, password, full_name, email, money, is_available) values (487, 2, 'wonraetdi', 'UeIgybNysP3l', 'Wilmette Onraet', 'wonraetdi@wix.com', 349, false);
insert into user (id, role_id, login, password, full_name, email, money, is_available) values (488, 2, 'cmcilvaneydj', 'Jbfsw74npF5', 'Calvin McIlvaney', 'cmcilvaneydj@flickr.com', 333, true);
insert into user (id, role_id, login, password, full_name, email, money, is_available) values (489, 2, 'mgiovannettidk', 'a517UFGGj', 'Myra Giovannetti', 'mgiovannettidk@discovery.com', 489, false);
insert into user (id, role_id, login, password, full_name, email, money, is_available) values (490, 2, 'vbollinsdl', 'uIwfEaP6RF', 'Vinnie Bollins', 'vbollinsdl@51.la', 160, false);
insert into user (id, role_id, login, password, full_name, email, money, is_available) values (491, 2, 'fspringthorpdm', 'OSFxi3', 'Fianna Springthorp', 'fspringthorpdm@gnu.org', 276, true);
insert into user (id, role_id, login, password, full_name, email, money, is_available) values (492, 2, 'hkubandn', 'MruJwPiIfU', 'Hestia Kuban', 'hkubandn@ask.com', 487, true);
insert into user (id, role_id, login, password, full_name, email, money, is_available) values (493, 2, 'wpryddendo', 'aNIOo1k4DV7m', 'Wallas Prydden', 'wpryddendo@edublogs.org', 209, false);
insert into user (id, role_id, login, password, full_name, email, money, is_available) values (494, 2, 'crevelydp', 'e4wfp7GB8P', 'Cosmo Revely', 'crevelydp@alibaba.com', 265, true);
insert into user (id, role_id, login, password, full_name, email, money, is_available) values (495, 2, 'afownesdq', 'OCkVPHYZEOe', 'Aile Fownes', 'afownesdq@eepurl.com', 292, false);
insert into user (id, role_id, login, password, full_name, email, money, is_available) values (496, 2, 'trhoddiedr', '142eMyTOs', 'Thorn Rhoddie', 'trhoddiedr@java.com', 361, true);
insert into user (id, role_id, login, password, full_name, email, money, is_available) values (497, 2, 'vabelsonds', 'hzPRDm', 'Venita Abelson', 'vabelsonds@webmd.com', 263, true);
insert into user (id, role_id, login, password, full_name, email, money, is_available) values (498, 2, 'vgiorgiettodt', 'tmvdR5LluZ', 'Vanda Giorgietto', 'vgiorgiettodt@prlog.org', 155, true);
insert into user (id, role_id, login, password, full_name, email, money, is_available) values (499, 2, 'aeustondu', 'EPbg6nWZAj', 'Agnola Euston', 'aeustondu@tuttocitta.it', 175, false);
insert into user (id, role_id, login, password, full_name, email, money, is_available) values (500, 2, 'mpepperralldv', 'bEMa0Yu6cvi3', 'Maureen Pepperrall', 'mpepperralldv@google.com', 155, false);
insert into user (id, role_id, login, password, full_name, email, money, is_available) values (501, 2, 'acarabinedw', '35srz0J', 'Arlette Carabine', 'acarabinedw@latimes.com', 251, true);
insert into user (id, role_id, login, password, full_name, email, money, is_available) values (502, 2, 'tmaclaughlindx', 'bF9OGxvUs', 'Tris MacLaughlin', 'tmaclaughlindx@joomla.org', 260, true);
insert into user (id, role_id, login, password, full_name, email, money, is_available) values (503, 2, 'sfranceydy', '4hdfrtxlciLB', 'Suzie Francey', 'sfranceydy@wufoo.com', 115, false);
insert into user (id, role_id, login, password, full_name, email, money, is_available) values (504, 2, 'ealexandredz', 'hoJHJzZF', 'Ellery Alexandre', 'ealexandredz@slate.com', 175, false);
insert into user (id, role_id, login, password, full_name, email, money, is_available) values (505, 2, 'iyanne0', 'W5J0qFG', 'Idette Yann', 'iyanne0@biglobe.ne.jp', 421, true);
insert into user (id, role_id, login, password, full_name, email, money, is_available) values (506, 2, 'cdelle1', 'qlVT9nmEls', 'Carol-jean Dell Casa', 'cdelle1@multiply.com', 184, true);
insert into user (id, role_id, login, password, full_name, email, money, is_available) values (507, 2, 'byakuntsove2', 'BglxEK0V8J', 'Borg Yakuntsov', 'byakuntsove2@arizona.edu', 374, false);
insert into user (id, role_id, login, password, full_name, email, money, is_available) values (508, 2, 'wtunnahe3', '71pvY9SKq', 'Wade Tunnah', 'wtunnahe3@answers.com', 450, true);
insert into user (id, role_id, login, password, full_name, email, money, is_available) values (509, 2, 'rhuxtere4', 'q6imP5E', 'Rickert Huxter', 'rhuxtere4@unc.edu', 154, false);
insert into user (id, role_id, login, password, full_name, email, money, is_available) values (510, 2, 'mredmaynee5', 'kXMUqxcNmJ0z', 'Marlo Redmayne', 'mredmaynee5@free.fr', 349, false);
insert into user (id, role_id, login, password, full_name, email, money, is_available) values (511, 2, 'gmaccaheee6', 'ea6cdLIP6HuV', 'Glen MacCahee', 'gmaccaheee6@pinterest.com', 124, true);
insert into user (id, role_id, login, password, full_name, email, money, is_available) values (512, 2, 'vsantoroe7', 'zol8SEi', 'Vikky Santoro', 'vsantoroe7@imageshack.us', 380, false);
insert into user (id, role_id, login, password, full_name, email, money, is_available) values (513, 2, 'irontreee8', 'k2GUAI2KxV8', 'Ida Rontree', 'irontreee8@hibu.com', 198, false);
insert into user (id, role_id, login, password, full_name, email, money, is_available) values (514, 2, 'kmeelande9', 'oF86sD', 'Kali Meeland', 'kmeelande9@behance.net', 248, false);
insert into user (id, role_id, login, password, full_name, email, money, is_available) values (515, 2, 'jjozwikea', 'F6RREHnBav6', 'Jyoti Jozwik', 'jjozwikea@51.la', 497, true);
insert into user (id, role_id, login, password, full_name, email, money, is_available) values (516, 2, 'tfelgateeb', 'YpHUfb4KmNg', 'Theresita Felgate', 'tfelgateeb@macromedia.com', 191, false);
insert into user (id, role_id, login, password, full_name, email, money, is_available) values (517, 2, 'mhathawayec', 'KZY5AS4KI', 'Max Hathaway', 'mhathawayec@archive.org', 404, false);
insert into user (id, role_id, login, password, full_name, email, money, is_available) values (518, 2, 'dcrosened', 'TEug4xyFQGoX', 'Dimitri Crosen', 'dcrosened@cbc.ca', 109, true);
insert into user (id, role_id, login, password, full_name, email, money, is_available) values (519, 2, 'ccowernee', 'Lid3b65', 'Cassandra Cowern', 'ccowernee@adobe.com', 147, true);
insert into user (id, role_id, login, password, full_name, email, money, is_available) values (520, 2, 'rbeechef', 'FjjRLa8kBE', 'Reggy Beech', 'rbeechef@state.gov', 479, true);
insert into user (id, role_id, login, password, full_name, email, money, is_available) values (521, 2, 'bbodessoneg', 'i6zQQnrH', 'Bondon Bodesson', 'bbodessoneg@imgur.com', 271, false);
insert into user (id, role_id, login, password, full_name, email, money, is_available) values (522, 2, 'aodelleh', 'lk2nE01c0Ho', 'Anabella Odell', 'aodelleh@nsw.gov.au', 258, true);
insert into user (id, role_id, login, password, full_name, email, money, is_available) values (523, 2, 'dserrelsei', 'oqruuTfQXcX', 'Donni Serrels', 'dserrelsei@moonfruit.com', 243, false);
insert into user (id, role_id, login, password, full_name, email, money, is_available) values (524, 2, 'hvanej', 'Oy2C03XFSZ', 'Henrieta Van Giffen', 'hvanej@nationalgeographic.com', 111, false);
insert into user (id, role_id, login, password, full_name, email, money, is_available) values (525, 2, 'rdeek', '5RZUiHk2Q9mE', 'Ravi de Glanville', 'rdeek@army.mil', 414, true);
insert into user (id, role_id, login, password, full_name, email, money, is_available) values (526, 2, 'opellittel', 'e1cITdqzvHfm', 'Oren Pellitt', 'opellittel@gizmodo.com', 221, true);
insert into user (id, role_id, login, password, full_name, email, money, is_available) values (527, 2, 'pwylesem', 'PSH39I2L3ee', 'Palm Wyles', 'pwylesem@addthis.com', 111, true);
insert into user (id, role_id, login, password, full_name, email, money, is_available) values (528, 2, 'cjamoten', 'rwO1yc', 'Christos Jamot', 'cjamoten@ebay.com', 305, false);
insert into user (id, role_id, login, password, full_name, email, money, is_available) values (529, 2, 'oposkitteo', 'aBAxCk', 'Orelle Poskitt', 'oposkitteo@moonfruit.com', 446, true);
insert into user (id, role_id, login, password, full_name, email, money, is_available) values (530, 2, 'jtarpeyep', 'ZHELzwJnXFSQ', 'Jody Tarpey', 'jtarpeyep@51.la', 300, true);
insert into user (id, role_id, login, password, full_name, email, money, is_available) values (531, 2, 'ptrethowaneq', 'd7m1NJ', 'Poppy Trethowan', 'ptrethowaneq@stanford.edu', 245, false);
insert into user (id, role_id, login, password, full_name, email, money, is_available) values (532, 2, 'tmeneyerer', '2P8DrpTBk', 'Thorny Meneyer', 'tmeneyerer@rambler.ru', 347, true);
insert into user (id, role_id, login, password, full_name, email, money, is_available) values (533, 2, 'dwolstencroftes', 'WLgSAyuPaXG', 'Dulce Wolstencroft', 'dwolstencroftes@eventbrite.com', 164, true);
insert into user (id, role_id, login, password, full_name, email, money, is_available) values (534, 2, 'kblessedet', 'JXCvmB887', 'Kiah Blessed', 'kblessedet@noaa.gov', 430, false);
insert into user (id, role_id, login, password, full_name, email, money, is_available) values (535, 2, 'pcarswelleu', 'B9yEO83p3XE', 'Padraig Carswell', 'pcarswelleu@google.ca', 267, true);
insert into user (id, role_id, login, password, full_name, email, money, is_available) values (536, 2, 'rofogartyev', 'Sq9KtCm', 'Ronica O''Fogarty', 'rofogartyev@slideshare.net', 294, false);
insert into user (id, role_id, login, password, full_name, email, money, is_available) values (537, 2, 'ebrehatew', 'C2kNqtE', 'Ebonee Brehat', 'ebrehatew@usgs.gov', 390, false);
insert into user (id, role_id, login, password, full_name, email, money, is_available) values (538, 2, 'ncroptonex', '56zcoc', 'Nealson Cropton', 'ncroptonex@ftc.gov', 481, false);
insert into user (id, role_id, login, password, full_name, email, money, is_available) values (539, 2, 'tcheseey', 'wKfPdB', 'Tarrah Chese', 'tcheseey@amazon.de', 445, false);
insert into user (id, role_id, login, password, full_name, email, money, is_available) values (540, 2, 'smcgaraghanez', 'my0LdlbSJALQ', 'Stacia McGaraghan', 'smcgaraghanez@ed.gov', 236, false);
insert into user (id, role_id, login, password, full_name, email, money, is_available) values (541, 2, 'wmckeefryf0', 'c5ctRudj', 'Willamina McKeefry', 'wmckeefryf0@vistaprint.com', 436, true);
insert into user (id, role_id, login, password, full_name, email, money, is_available) values (542, 2, 'cwoodyattf1', 'BPKuVIF4TofO', 'Carmine Woodyatt', 'cwoodyattf1@prweb.com', 270, true);
insert into user (id, role_id, login, password, full_name, email, money, is_available) values (543, 2, 'mwintertonf2', '0r1SrJD5FC', 'Mikael Winterton', 'mwintertonf2@shutterfly.com', 313, true);
insert into user (id, role_id, login, password, full_name, email, money, is_available) values (544, 2, 'odanjoief3', 'w8yJGIOqg91', 'Olly Danjoie', 'odanjoief3@google.ru', 352, true);
insert into user (id, role_id, login, password, full_name, email, money, is_available) values (545, 2, 'mantlifff4', 'hRXQiTPn7vp', 'Mable Antliff', 'mantlifff4@engadget.com', 210, false);
insert into user (id, role_id, login, password, full_name, email, money, is_available) values (546, 2, 'oshirdf5', 'DPrUciZMPJ6', 'Olia Shird', 'oshirdf5@geocities.com', 147, true);
insert into user (id, role_id, login, password, full_name, email, money, is_available) values (547, 2, 'bwooldridgef6', '1nlscOKr3Q9v', 'Bryana Wooldridge', 'bwooldridgef6@wordpress.org', 465, true);
insert into user (id, role_id, login, password, full_name, email, money, is_available) values (548, 2, 'narnullf7', 'NLW4WGDo', 'Neile Arnull', 'narnullf7@earthlink.net', 406, true);
insert into user (id, role_id, login, password, full_name, email, money, is_available) values (549, 2, 'eflindallf8', 'TvRygkgav', 'Ema Flindall', 'eflindallf8@miibeian.gov.cn', 349, true);
insert into user (id, role_id, login, password, full_name, email, money, is_available) values (550, 2, 'ftyghtf9', 'BFMFmnk', 'Fred Tyght', 'ftyghtf9@chronoengine.com', 461, true);
insert into user (id, role_id, login, password, full_name, email, money, is_available) values (551, 2, 'hsymesfa', '4eNDz0l', 'Huey Symes', 'hsymesfa@amazonaws.com', 222, true);
insert into user (id, role_id, login, password, full_name, email, money, is_available) values (552, 2, 'cbatchfb', 'pJgbPU1FLtyK', 'Cora Batch', 'cbatchfb@npr.org', 429, true);
insert into user (id, role_id, login, password, full_name, email, money, is_available) values (553, 2, 'jfarhertyfc', 'DRhWYkSaHVYo', 'Jacquetta Farherty', 'jfarhertyfc@pagesperso-orange.fr', 331, true);
insert into user (id, role_id, login, password, full_name, email, money, is_available) values (554, 2, 'gtroakefd', 'DAiOayz3JbKe', 'Gypsy Troake', 'gtroakefd@phoca.cz', 338, false);
insert into user (id, role_id, login, password, full_name, email, money, is_available) values (555, 2, 'dstreaderfe', 'PAVVNei654HV', 'Dom Streader', 'dstreaderfe@slideshare.net', 427, false);
insert into user (id, role_id, login, password, full_name, email, money, is_available) values (556, 2, 'asterrickff', 'UZ0LJC6UzJCG', 'Araldo Sterrick', 'asterrickff@w3.org', 378, true);
insert into user (id, role_id, login, password, full_name, email, money, is_available) values (557, 2, 'heltonfg', 'bQCnP3y1Gmx', 'Haily Elton', 'heltonfg@springer.com', 155, false);
insert into user (id, role_id, login, password, full_name, email, money, is_available) values (558, 2, 'pchestonfh', 'NcIsIkOdy6', 'Pauly Cheston', 'pchestonfh@cargocollective.com', 111, false);
insert into user (id, role_id, login, password, full_name, email, money, is_available) values (559, 2, 'rflugerfi', 'VJQtae4XZ', 'Rouvin Fluger', 'rflugerfi@macromedia.com', 381, false);
insert into user (id, role_id, login, password, full_name, email, money, is_available) values (560, 2, 'nripperfj', 'A6aiUuZZ2', 'Nikki Ripper', 'nripperfj@quantcast.com', 131, false);
insert into user (id, role_id, login, password, full_name, email, money, is_available) values (561, 2, 'cmcclenanfk', 'os8ATWLAX4', 'Cherianne McClenan', 'cmcclenanfk@cbsnews.com', 287, false);
insert into user (id, role_id, login, password, full_name, email, money, is_available) values (562, 2, 'hsimiolifl', 'yXrmOWw1', 'Heda Simioli', 'hsimiolifl@blogtalkradio.com', 291, true);
insert into user (id, role_id, login, password, full_name, email, money, is_available) values (563, 2, 'zstraussfm', '9GELoT', 'Zoe Strauss', 'zstraussfm@csmonitor.com', 278, false);
insert into user (id, role_id, login, password, full_name, email, money, is_available) values (564, 2, 'awhysallfn', 'YchuJTF', 'Andee Whysall', 'awhysallfn@boston.com', 489, true);
insert into user (id, role_id, login, password, full_name, email, money, is_available) values (565, 2, 'vbrandelfo', 'QTYCjah', 'Vere Brandel', 'vbrandelfo@sciencedirect.com', 168, false);
insert into user (id, role_id, login, password, full_name, email, money, is_available) values (566, 2, 'cwoodisonfp', 'PpIX4cUdikHf', 'Charisse Woodison', 'cwoodisonfp@fotki.com', 233, false);
insert into user (id, role_id, login, password, full_name, email, money, is_available) values (567, 2, 'gmosdillfq', 'K37i89o', 'Gar Mosdill', 'gmosdillfq@bigcartel.com', 203, true);
insert into user (id, role_id, login, password, full_name, email, money, is_available) values (568, 2, 'edavidovicifr', 'b4JObIRrn8v4', 'Eddie Davidovici', 'edavidovicifr@geocities.com', 339, false);
insert into user (id, role_id, login, password, full_name, email, money, is_available) values (569, 2, 'bsharnockfs', 'WfEv3AsZZiUP', 'Blakelee Sharnock', 'bsharnockfs@histats.com', 417, false);
insert into user (id, role_id, login, password, full_name, email, money, is_available) values (570, 2, 'gnaisbittft', '5HnKwCS', 'Gregorius Naisbitt', 'gnaisbittft@springer.com', 119, false);
insert into user (id, role_id, login, password, full_name, email, money, is_available) values (571, 2, 'mcoatmanfu', 'WCIOWhL', 'Menard Coatman', 'mcoatmanfu@macromedia.com', 105, true);
insert into user (id, role_id, login, password, full_name, email, money, is_available) values (572, 2, 'mmackaigfv', 'Vj3x2X', 'Michelina MacKaig', 'mmackaigfv@utexas.edu', 455, false);
insert into user (id, role_id, login, password, full_name, email, money, is_available) values (573, 2, 'acorserfw', '1MhN1uGddBfr', 'Anastasie Corser', 'acorserfw@yolasite.com', 394, true);
insert into user (id, role_id, login, password, full_name, email, money, is_available) values (574, 2, 'kedsonfx', 'zgEvhWIaHy59', 'Kirby Edson', 'kedsonfx@google.com.br', 427, true);
insert into user (id, role_id, login, password, full_name, email, money, is_available) values (575, 2, 'astoditfy', '3AEFcTnab5', 'Augustine Stodit', 'astoditfy@gizmodo.com', 488, true);
insert into user (id, role_id, login, password, full_name, email, money, is_available) values (576, 2, 'cskarinfz', 'BEbCTiVMTmN', 'Carlee Skarin', 'cskarinfz@economist.com', 337, false);
insert into user (id, role_id, login, password, full_name, email, money, is_available) values (577, 2, 'jhynamg0', '8ICYBI', 'Jesse Hynam', 'jhynamg0@opera.com', 137, true);
insert into user (id, role_id, login, password, full_name, email, money, is_available) values (578, 2, 'lgrzeszczykg1', 'V0IVtw2w', 'Lenette Grzeszczyk', 'lgrzeszczykg1@google.pl', 450, true);
insert into user (id, role_id, login, password, full_name, email, money, is_available) values (579, 2, 'jtodhunterg2', 'dGj6QM6QEt', 'Jaime Todhunter', 'jtodhunterg2@smh.com.au', 280, false);
insert into user (id, role_id, login, password, full_name, email, money, is_available) values (580, 2, 'wtremouilleg3', 'lcGRTzvHuc', 'Ware Tremouille', 'wtremouilleg3@barnesandnoble.com', 276, false);
insert into user (id, role_id, login, password, full_name, email, money, is_available) values (581, 2, 'aleversuchg4', 'Fvkwsuu', 'Allin Leversuch', 'aleversuchg4@ning.com', 279, false);
insert into user (id, role_id, login, password, full_name, email, money, is_available) values (582, 2, 'dmenpesg5', 'p0udEpPZ', 'Derrick Menpes', 'dmenpesg5@nsw.gov.au', 329, true);
insert into user (id, role_id, login, password, full_name, email, money, is_available) values (583, 2, 'kbaldryg6', 'gNRRlpR', 'Kara Baldry', 'kbaldryg6@whitehouse.gov', 222, true);
insert into user (id, role_id, login, password, full_name, email, money, is_available) values (584, 2, 'qtalloeg7', 'KWPzuphqgyXr', 'Quent Talloe', 'qtalloeg7@epa.gov', 469, true);
insert into user (id, role_id, login, password, full_name, email, money, is_available) values (585, 2, 'gconachyg8', '0faPmF', 'Ginnifer Conachy', 'gconachyg8@newsvine.com', 290, true);
insert into user (id, role_id, login, password, full_name, email, money, is_available) values (586, 2, 'bskonesg9', 'nDJD51', 'Bordie Skones', 'bskonesg9@bing.com', 325, false);
insert into user (id, role_id, login, password, full_name, email, money, is_available) values (587, 2, 'jreederga', '2M9igN', 'Jillie Reeder', 'jreederga@nbcnews.com', 299, false);
insert into user (id, role_id, login, password, full_name, email, money, is_available) values (588, 2, 'qhearsegb', '0BPDWKSBLXPA', 'Quentin Hearse', 'qhearsegb@qq.com', 174, true);
insert into user (id, role_id, login, password, full_name, email, money, is_available) values (589, 2, 'sheartgc', 'zgTtRRjPV', 'Skippie Heart', 'sheartgc@jalbum.net', 282, true);
insert into user (id, role_id, login, password, full_name, email, money, is_available) values (590, 2, 'mhuxstergd', '40Hud6Jq', 'Monro Huxster', 'mhuxstergd@epa.gov', 171, true);
insert into user (id, role_id, login, password, full_name, email, money, is_available) values (591, 2, 'jmedgewickge', '4Td6FyPMvJm', 'Janaye Medgewick', 'jmedgewickge@angelfire.com', 405, true);
insert into user (id, role_id, login, password, full_name, email, money, is_available) values (592, 2, 'nwarengf', 'mJqDg9qq', 'Ninnetta Waren', 'nwarengf@plala.or.jp', 190, false);
insert into user (id, role_id, login, password, full_name, email, money, is_available) values (593, 2, 'iobraddengg', 'B3wrRi', 'Iormina O''Bradden', 'iobraddengg@amazon.com', 258, true);
insert into user (id, role_id, login, password, full_name, email, money, is_available) values (594, 2, 'afearnyoughgh', 'dDUQGSRl7', 'Alina Fearnyough', 'afearnyoughgh@zdnet.com', 261, false);
insert into user (id, role_id, login, password, full_name, email, money, is_available) values (595, 2, 'fgyorffygi', '9MWdUabQV8', 'Freddie Gyorffy', 'fgyorffygi@dyndns.org', 221, false);
insert into user (id, role_id, login, password, full_name, email, money, is_available) values (596, 2, 'cgranthamgj', 'A9KFc3lSaIE', 'Claudia Grantham', 'cgranthamgj@barnesandnoble.com', 171, false);
insert into user (id, role_id, login, password, full_name, email, money, is_available) values (597, 2, 'halesiogk', 'TboQtodzLXqx', 'Hayyim Alesio', 'halesiogk@techcrunch.com', 347, false);
insert into user (id, role_id, login, password, full_name, email, money, is_available) values (598, 2, 'akeniongl', 'YsDAFiVo4eZ', 'Abbott Kenion', 'akeniongl@myspace.com', 262, false);
insert into user (id, role_id, login, password, full_name, email, money, is_available) values (599, 2, 'pwhitchergm', 'hgxP46YB8C', 'Pat Whitcher', 'pwhitchergm@mac.com', 469, false);
insert into user (id, role_id, login, password, full_name, email, money, is_available) values (600, 2, 'bpawleygn', 'SkO0YrpunK', 'Benton Pawley', 'bpawleygn@ebay.com', 124, false);
insert into user (id, role_id, login, password, full_name, email, money, is_available) values (601, 2, 'aamisgo', 'zEA1qVIAQ', 'Aviva Amis', 'aamisgo@toplist.cz', 311, true);
insert into user (id, role_id, login, password, full_name, email, money, is_available) values (602, 2, 'sraishergp', 'IKt9FSR', 'Scot Raisher', 'sraishergp@bigcartel.com', 238, false);
insert into user (id, role_id, login, password, full_name, email, money, is_available) values (603, 2, 'jmowdaygq', 'GCydyCP', 'Jaynell Mowday', 'jmowdaygq@skype.com', 497, true);
insert into user (id, role_id, login, password, full_name, email, money, is_available) values (604, 2, 'fbalinegr', '4MO65aOh9', 'Filmore Baline', 'fbalinegr@oaic.gov.au', 298, true);
insert into user (id, role_id, login, password, full_name, email, money, is_available) values (605, 2, 'mlickessgs', 'h7Gj4zCWEM', 'Marcia Lickess', 'mlickessgs@sina.com.cn', 445, true);
insert into user (id, role_id, login, password, full_name, email, money, is_available) values (606, 2, 'htwohiggt', 'wYjHkL9', 'Horacio Twohig', 'htwohiggt@moonfruit.com', 147, true);
insert into user (id, role_id, login, password, full_name, email, money, is_available) values (607, 2, 'cparradinegu', 'vfRBJmWv', 'Coralie Parradine', 'cparradinegu@google.com.au', 494, false);
insert into user (id, role_id, login, password, full_name, email, money, is_available) values (608, 2, 'slavertygv', 'l9xD49yjSlo', 'Stanislas Laverty', 'slavertygv@sohu.com', 233, false);
insert into user (id, role_id, login, password, full_name, email, money, is_available) values (609, 2, 'jrickisgw', 'wyD0Ul8C7T0', 'Judah Rickis', 'jrickisgw@privacy.gov.au', 438, false);
insert into user (id, role_id, login, password, full_name, email, money, is_available) values (610, 2, 'dbarrickgx', 'CBxsd9', 'Dorene Barrick', 'dbarrickgx@dmoz.org', 206, false);
insert into user (id, role_id, login, password, full_name, email, money, is_available) values (611, 2, 'ecastelluccigy', 'EdyLaHw', 'Eve Castellucci', 'ecastelluccigy@mlb.com', 219, false);
insert into user (id, role_id, login, password, full_name, email, money, is_available) values (612, 2, 'idanksgz', 'rF0D6n7', 'Ines Danks', 'idanksgz@nps.gov', 369, true);
insert into user (id, role_id, login, password, full_name, email, money, is_available) values (613, 2, 'mbeddallh0', 'k6VvBo0h413p', 'Marne Beddall', 'mbeddallh0@hhs.gov', 190, true);
insert into user (id, role_id, login, password, full_name, email, money, is_available) values (614, 2, 'ehutchasonh1', 't0CMdV6S0', 'Emmit Hutchason', 'ehutchasonh1@purevolume.com', 145, true);
insert into user (id, role_id, login, password, full_name, email, money, is_available) values (615, 2, 'bmasdingh2', '3d8t53MV9xP', 'Brigid Masding', 'bmasdingh2@php.net', 489, true);
insert into user (id, role_id, login, password, full_name, email, money, is_available) values (616, 2, 'bmaidmenth3', 'BganGkNo', 'Barbara-anne Maidment', 'bmaidmenth3@free.fr', 113, false);
insert into user (id, role_id, login, password, full_name, email, money, is_available) values (617, 2, 'ccapelingh4', 'EQAccM', 'Casie Capeling', 'ccapelingh4@state.tx.us', 424, false);
insert into user (id, role_id, login, password, full_name, email, money, is_available) values (618, 2, 'rpickinh5', 'l0N7t1L', 'Rosemarie Pickin', 'rpickinh5@hugedomains.com', 263, true);
insert into user (id, role_id, login, password, full_name, email, money, is_available) values (619, 2, 'lcodlinh6', 'VPac5GQAK96', 'Lonnie Codlin', 'lcodlinh6@github.com', 228, true);
insert into user (id, role_id, login, password, full_name, email, money, is_available) values (620, 2, 'gcurwoodh7', 'UKwSj4B4m', 'Gregorius Curwood', 'gcurwoodh7@dell.com', 372, false);
insert into user (id, role_id, login, password, full_name, email, money, is_available) values (621, 2, 'ohickissonh8', 'oS6ufN', 'Omar Hickisson', 'ohickissonh8@businessinsider.com', 428, false);
insert into user (id, role_id, login, password, full_name, email, money, is_available) values (622, 2, 'ajecksh9', 'Q1xRMGXm', 'Alphard Jecks', 'ajecksh9@businesswire.com', 256, true);
insert into user (id, role_id, login, password, full_name, email, money, is_available) values (623, 2, 'ddreakinha', 'bxlOgdfNk14t', 'Dreddy Dreakin', 'ddreakinha@sciencedaily.com', 403, true);
insert into user (id, role_id, login, password, full_name, email, money, is_available) values (624, 2, 'wlettenhb', 's4wKeFr', 'Ward Letten', 'wlettenhb@ebay.com', 474, false);
insert into user (id, role_id, login, password, full_name, email, money, is_available) values (625, 2, 'jcotherillhc', '7i39UDF', 'Jae Cotherill', 'jcotherillhc@house.gov', 197, false);
insert into user (id, role_id, login, password, full_name, email, money, is_available) values (626, 2, 'asagrotthd', 'n3VrNNiJbQ', 'Anallise Sagrott', 'asagrotthd@globo.com', 339, true);
insert into user (id, role_id, login, password, full_name, email, money, is_available) values (627, 2, 'dfredyhe', 'sWWRJZv', 'Dorise Fredy', 'dfredyhe@miitbeian.gov.cn', 145, true);
insert into user (id, role_id, login, password, full_name, email, money, is_available) values (628, 2, 'sidelhf', 'ytxCG2W', 'Simonette Idel', 'sidelhf@youtu.be', 127, true);
insert into user (id, role_id, login, password, full_name, email, money, is_available) values (629, 2, 'bsoppitthg', 'SlyMy5Cczks', 'Beltran Soppitt', 'bsoppitthg@123-reg.co.uk', 173, true);
insert into user (id, role_id, login, password, full_name, email, money, is_available) values (630, 2, 'credgewellhh', 'jjaE8U8SF', 'Cherri Redgewell', 'credgewellhh@businesswire.com', 289, false);
insert into user (id, role_id, login, password, full_name, email, money, is_available) values (631, 2, 'bhoyleshi', 'NleCQY3', 'Byron Hoyles', 'bhoyleshi@storify.com', 437, true);
insert into user (id, role_id, login, password, full_name, email, money, is_available) values (632, 2, 'kcardenosahj', 'Ykz6kK', 'Kilian Cardenosa', 'kcardenosahj@google.ru', 264, true);
insert into user (id, role_id, login, password, full_name, email, money, is_available) values (633, 2, 'cheynenhk', 'bjfJRR', 'Carlene Heynen', 'cheynenhk@comsenz.com', 413, false);
insert into user (id, role_id, login, password, full_name, email, money, is_available) values (634, 2, 'fsindenhl', 'YNIrl3', 'Fayth Sinden', 'fsindenhl@samsung.com', 402, true);
insert into user (id, role_id, login, password, full_name, email, money, is_available) values (635, 2, 'cherreroshm', 'TrcuNru', 'Callie Herreros', 'cherreroshm@bluehost.com', 367, true);
insert into user (id, role_id, login, password, full_name, email, money, is_available) values (636, 2, 'nisaacshn', 'YgHIqMWk', 'Nerta Isaacs', 'nisaacshn@jigsy.com', 116, true);
insert into user (id, role_id, login, password, full_name, email, money, is_available) values (637, 2, 'jnormantonho', 'IwkIVapBDf', 'Jase Normanton', 'jnormantonho@amazon.de', 420, false);
insert into user (id, role_id, login, password, full_name, email, money, is_available) values (638, 2, 'abayldonhp', '6Ic6YpTl6v', 'Andra Bayldon', 'abayldonhp@narod.ru', 341, true);
insert into user (id, role_id, login, password, full_name, email, money, is_available) values (639, 2, 'osyretthq', '5t7i7Q3u', 'Orville Syrett', 'osyretthq@stanford.edu', 164, true);
insert into user (id, role_id, login, password, full_name, email, money, is_available) values (640, 2, 'swalkletthr', 'aEoQ7NIOqf', 'Sara Walklett', 'swalkletthr@earthlink.net', 341, true);
insert into user (id, role_id, login, password, full_name, email, money, is_available) values (641, 2, 'tlappinhs', 'yVYrl98O', 'Tobit Lappin', 'tlappinhs@technorati.com', 164, true);
insert into user (id, role_id, login, password, full_name, email, money, is_available) values (642, 2, 'jbeavisht', '6Ej5hT', 'Jilly Beavis', 'jbeavisht@ted.com', 237, true);
insert into user (id, role_id, login, password, full_name, email, money, is_available) values (643, 2, 'bclubleyhu', '6pKS1oW1SdvB', 'Barbara-anne Clubley', 'bclubleyhu@gmpg.org', 497, true);
insert into user (id, role_id, login, password, full_name, email, money, is_available) values (644, 2, 'cleymanhv', 'yaR0Tx0', 'Clayborn Leyman', 'cleymanhv@tripod.com', 318, false);
insert into user (id, role_id, login, password, full_name, email, money, is_available) values (645, 2, 'ckidhw', '2RPNNK1pYITc', 'Cordie Kid', 'ckidhw@eepurl.com', 382, false);
insert into user (id, role_id, login, password, full_name, email, money, is_available) values (646, 2, 'kluxtonhx', 'k3S5hRxZG7', 'Klara Luxton', 'kluxtonhx@paginegialle.it', 134, false);
insert into user (id, role_id, login, password, full_name, email, money, is_available) values (647, 2, 'cmcclintonhy', 'oU64MyW338R', 'Courtenay McClinton', 'cmcclintonhy@google.com.br', 257, true);
insert into user (id, role_id, login, password, full_name, email, money, is_available) values (648, 2, 'tmounchhz', 'lhEDLwnIgEpn', 'Trish Mounch', 'tmounchhz@irs.gov', 123, false);
insert into user (id, role_id, login, password, full_name, email, money, is_available) values (649, 2, 'larnholzi0', 'rtM6mo', 'Leland Arnholz', 'larnholzi0@cbc.ca', 288, false);
insert into user (id, role_id, login, password, full_name, email, money, is_available) values (650, 2, 'fgentyi1', 'XQiwP4ClBg', 'Farah Genty', 'fgentyi1@businessinsider.com', 184, false);
insert into user (id, role_id, login, password, full_name, email, money, is_available) values (651, 2, 'fbyrdei2', 'px3oUc', 'Floria Byrde', 'fbyrdei2@chron.com', 339, false);
insert into user (id, role_id, login, password, full_name, email, money, is_available) values (652, 2, 'mdmtrovici3', 'cqUCNCB', 'Munroe Dmtrovic', 'mdmtrovici3@bloglines.com', 498, true);
insert into user (id, role_id, login, password, full_name, email, money, is_available) values (653, 2, 'ldeyesi4', 'TkcWrOskr0', 'Lila Deyes', 'ldeyesi4@friendfeed.com', 430, false);
insert into user (id, role_id, login, password, full_name, email, money, is_available) values (654, 2, 'mhakeni5', '7Y48pBJM', 'Merrie Haken', 'mhakeni5@admin.ch', 224, true);
insert into user (id, role_id, login, password, full_name, email, money, is_available) values (655, 2, 'jgibbettsi6', 'zCsvmspRCM', 'Junia Gibbetts', 'jgibbettsi6@msu.edu', 221, true);
insert into user (id, role_id, login, password, full_name, email, money, is_available) values (656, 2, 'jmaccranni7', 'Nb32Tq', 'Jillene MacCrann', 'jmaccranni7@wiley.com', 325, true);
insert into user (id, role_id, login, password, full_name, email, money, is_available) values (657, 2, 'lebbottsi8', 'p1coS6UM4', 'Lilly Ebbotts', 'lebbottsi8@skyrock.com', 458, true);
insert into user (id, role_id, login, password, full_name, email, money, is_available) values (658, 2, 'vharbari9', 'cW2FdaJHZXz', 'Vernon Harbar', 'vharbari9@e-recht24.de', 139, true);
insert into user (id, role_id, login, password, full_name, email, money, is_available) values (659, 2, 'jdaniellsia', 'QRmJhZlH', 'Jessamine Daniells', 'jdaniellsia@flavors.me', 343, false);
insert into user (id, role_id, login, password, full_name, email, money, is_available) values (660, 2, 'mkochib', '1Xz6MzG', 'Milli Koch', 'mkochib@cornell.edu', 192, false);
insert into user (id, role_id, login, password, full_name, email, money, is_available) values (661, 2, 'mhonschic', 'VxU6qsKk', 'Magnum Honsch', 'mhonschic@amazonaws.com', 328, true);
insert into user (id, role_id, login, password, full_name, email, money, is_available) values (662, 2, 'twoolastonid', '9aLucmyZ', 'Theadora Woolaston', 'twoolastonid@skype.com', 182, false);
insert into user (id, role_id, login, password, full_name, email, money, is_available) values (663, 2, 'vblestie', 'jSc5aI', 'Valentin Blest', 'vblestie@tinyurl.com', 309, true);
insert into user (id, role_id, login, password, full_name, email, money, is_available) values (664, 2, 'mkynastonif', 'oWTGxXIi8B', 'Malachi Kynaston', 'mkynastonif@squidoo.com', 355, true);
insert into user (id, role_id, login, password, full_name, email, money, is_available) values (665, 2, 'arosleig', 'k8lYu8PD1ht8', 'Annissa Rosle', 'arosleig@japanpost.jp', 379, true);
insert into user (id, role_id, login, password, full_name, email, money, is_available) values (666, 2, 'fgedlingih', '8B64OdAlwUa', 'Florella Gedling', 'fgedlingih@purevolume.com', 359, false);
insert into user (id, role_id, login, password, full_name, email, money, is_available) values (667, 2, 'tmavinii', 'NxhFryfX', 'Tuck Mavin', 'tmavinii@state.gov', 441, false);
insert into user (id, role_id, login, password, full_name, email, money, is_available) values (668, 2, 'uphilipssonij', 'Nbah0eZL', 'Ursula Philipsson', 'uphilipssonij@cisco.com', 114, false);
insert into user (id, role_id, login, password, full_name, email, money, is_available) values (669, 2, 'malejandreik', 'yj0O5oGc', 'Maure Alejandre', 'malejandreik@economist.com', 443, false);
insert into user (id, role_id, login, password, full_name, email, money, is_available) values (670, 2, 'okaufmanil', 'cwQsqqC', 'Odella Kaufman', 'okaufmanil@blog.com', 223, true);
insert into user (id, role_id, login, password, full_name, email, money, is_available) values (671, 2, 'msimonichim', 'atkAmSNR', 'Missie Simonich', 'msimonichim@businessweek.com', 409, true);
insert into user (id, role_id, login, password, full_name, email, money, is_available) values (672, 2, 'cmacinerneyin', 'U9GQjh17AQ3T', 'Cindelyn MacInerney', 'cmacinerneyin@creativecommons.org', 363, false);
insert into user (id, role_id, login, password, full_name, email, money, is_available) values (673, 2, 'abecketio', '8Nl8fH', 'Adrianne Becket', 'abecketio@oakley.com', 422, false);
insert into user (id, role_id, login, password, full_name, email, money, is_available) values (674, 2, 'tsteereip', '2uRT6QbmC60', 'Tabbatha Steere', 'tsteereip@list-manage.com', 330, true);
insert into user (id, role_id, login, password, full_name, email, money, is_available) values (675, 2, 'aspinasiq', 'uN30dDQbNE', 'Adrien Spinas', 'aspinasiq@google.cn', 263, false);
insert into user (id, role_id, login, password, full_name, email, money, is_available) values (676, 2, 'nfaveyir', 'pFhJNl', 'Nellie Favey', 'nfaveyir@newsvine.com', 102, false);
insert into user (id, role_id, login, password, full_name, email, money, is_available) values (677, 2, 'mgiannottiis', 'OmMZ8k', 'Micki Giannotti', 'mgiannottiis@tripadvisor.com', 443, false);
insert into user (id, role_id, login, password, full_name, email, money, is_available) values (678, 2, 'bbeneditit', 'qNfabyqAdF', 'Bone Benedit', 'bbeneditit@prnewswire.com', 227, false);
insert into user (id, role_id, login, password, full_name, email, money, is_available) values (679, 2, 'jreynoldsiu', 'AtoAyS2ngH', 'Jermain Reynolds', 'jreynoldsiu@miitbeian.gov.cn', 109, false);
insert into user (id, role_id, login, password, full_name, email, money, is_available) values (680, 2, 'cdanskeniv', 'MFajTvXE', 'Claiborne Dansken', 'cdanskeniv@goodreads.com', 221, true);
insert into user (id, role_id, login, password, full_name, email, money, is_available) values (681, 2, 'mrumbellowiw', 'xdSjlnS5', 'Marie-ann Rumbellow', 'mrumbellowiw@gizmodo.com', 393, false);
insert into user (id, role_id, login, password, full_name, email, money, is_available) values (682, 2, 'coffieldix', 'uruVWNbFA', 'Constancia Offield', 'coffieldix@sohu.com', 189, true);
insert into user (id, role_id, login, password, full_name, email, money, is_available) values (683, 2, 'tdobkiniy', 'cxwJTu', 'Timothy Dobkin', 'tdobkiniy@ucoz.ru', 375, false);
insert into user (id, role_id, login, password, full_name, email, money, is_available) values (684, 2, 'aguidoiz', 'WPipOw', 'Ardella Guido', 'aguidoiz@google.nl', 276, false);
insert into user (id, role_id, login, password, full_name, email, money, is_available) values (685, 2, 'wjeavonj0', 'F4nW4h77X', 'Welch Jeavon', 'wjeavonj0@fda.gov', 417, false);
insert into user (id, role_id, login, password, full_name, email, money, is_available) values (686, 2, 'dminsterj1', 'LqH8QffAPCf', 'Danie Minster', 'dminsterj1@ibm.com', 377, true);
insert into user (id, role_id, login, password, full_name, email, money, is_available) values (687, 2, 'jgottsj2', 'O0v3UB2', 'John Gotts', 'jgottsj2@mac.com', 450, false);
insert into user (id, role_id, login, password, full_name, email, money, is_available) values (688, 2, 'kdomengej3', 'ZRaqlP', 'Katherina Domenge', 'kdomengej3@163.com', 191, true);
insert into user (id, role_id, login, password, full_name, email, money, is_available) values (689, 2, 'thandslipj4', 'BELXd0DJJoE', 'Tami Handslip', 'thandslipj4@ycombinator.com', 219, false);
insert into user (id, role_id, login, password, full_name, email, money, is_available) values (690, 2, 'llinnyj5', 'qI2l7s5OuCf', 'Latashia Linny', 'llinnyj5@timesonline.co.uk', 284, true);
insert into user (id, role_id, login, password, full_name, email, money, is_available) values (691, 2, 'jduddingj6', 'mFtPvLd', 'Jorie Dudding', 'jduddingj6@epa.gov', 132, true);
insert into user (id, role_id, login, password, full_name, email, money, is_available) values (692, 2, 'bdestouchej7', 'P8p2eBdzLw', 'Bink Destouche', 'bdestouchej7@constantcontact.com', 462, false);
insert into user (id, role_id, login, password, full_name, email, money, is_available) values (693, 2, 'gbouldonj8', 'SQCZYyL', 'Garrik Bouldon', 'gbouldonj8@gov.uk', 368, false);
insert into user (id, role_id, login, password, full_name, email, money, is_available) values (694, 2, 'jpembridgej9', 'RA0SjabuY4', 'Jeremie Pembridge', 'jpembridgej9@independent.co.uk', 356, false);
insert into user (id, role_id, login, password, full_name, email, money, is_available) values (695, 2, 'gbridelja', 'LXkzjV0kKnz', 'Gerek Bridel', 'gbridelja@xing.com', 422, false);
insert into user (id, role_id, login, password, full_name, email, money, is_available) values (696, 2, 'hlinwoodjb', 'UjU4GoBIuJvo', 'Helaine Linwood', 'hlinwoodjb@mediafire.com', 424, true);
insert into user (id, role_id, login, password, full_name, email, money, is_available) values (697, 2, 'nouldcottjc', 'Dj1084q4DBiE', 'Nerita Ouldcott', 'nouldcottjc@boston.com', 226, false);
insert into user (id, role_id, login, password, full_name, email, money, is_available) values (698, 2, 'ggricejd', 'TwTC6afSE', 'Glennie Grice', 'ggricejd@epa.gov', 445, false);
insert into user (id, role_id, login, password, full_name, email, money, is_available) values (699, 2, 'plangrickje', 'i9hDlPLTCfhi', 'Pooh Langrick', 'plangrickje@tumblr.com', 452, true);
insert into user (id, role_id, login, password, full_name, email, money, is_available) values (700, 2, 'cquinnellyjf', 'NwqSpURBr', 'Camey Quinnelly', 'cquinnellyjf@over-blog.com', 167, true);
insert into user (id, role_id, login, password, full_name, email, money, is_available) values (701, 2, 'tloughranjg', 'VhLxNcLQoGz', 'Theresa Loughran', 'tloughranjg@shop-pro.jp', 294, true);
insert into user (id, role_id, login, password, full_name, email, money, is_available) values (702, 2, 'rhaskinsjh', '1lcLIz2IO598', 'Reiko Haskins', 'rhaskinsjh@flavors.me', 317, false);
insert into user (id, role_id, login, password, full_name, email, money, is_available) values (703, 2, 'mbrasonji', 'RitEEadJyCvt', 'Marybeth Brason', 'mbrasonji@lulu.com', 494, false);
insert into user (id, role_id, login, password, full_name, email, money, is_available) values (704, 2, 'dwharbyjj', 'QomFUCE2', 'Doy Wharby', 'dwharbyjj@github.io', 409, false);
insert into user (id, role_id, login, password, full_name, email, money, is_available) values (705, 2, 'tdavidovjk', '7gD1MIKk', 'Tori Davidov', 'tdavidovjk@apple.com', 261, true);
insert into user (id, role_id, login, password, full_name, email, money, is_available) values (706, 2, 'plongwoodjl', '5G1f5bfp', 'Patrizia Longwood', 'plongwoodjl@xinhuanet.com', 221, true);
insert into user (id, role_id, login, password, full_name, email, money, is_available) values (707, 2, 'eburnandjm', 'nQw6DKU', 'Edlin Burnand', 'eburnandjm@howstuffworks.com', 319, false);
insert into user (id, role_id, login, password, full_name, email, money, is_available) values (708, 2, 'awisdishjn', 'iiRnn7Eff', 'Ariadne Wisdish', 'awisdishjn@live.com', 142, true);
insert into user (id, role_id, login, password, full_name, email, money, is_available) values (709, 2, 'mbiggamjo', 'MFXqfS', 'Muffin Biggam', 'mbiggamjo@opera.com', 416, true);
insert into user (id, role_id, login, password, full_name, email, money, is_available) values (710, 2, 'bswansboroughjp', 's7BK6Tk', 'Bell Swansborough', 'bswansboroughjp@t-online.de', 313, false);
insert into user (id, role_id, login, password, full_name, email, money, is_available) values (711, 2, 'ttordiffejq', 'UeYEZarut1', 'Tessy Tordiffe', 'ttordiffejq@topsy.com', 188, true);
insert into user (id, role_id, login, password, full_name, email, money, is_available) values (712, 2, 'ssilverstonejr', 'MgF7P0', 'Shawna Silverstone', 'ssilverstonejr@wp.com', 451, true);
insert into user (id, role_id, login, password, full_name, email, money, is_available) values (713, 2, 'hhurryjs', '5I9VpO8Ry7d', 'Hastings Hurry', 'hhurryjs@moonfruit.com', 274, true);
insert into user (id, role_id, login, password, full_name, email, money, is_available) values (714, 2, 'pfowdenjt', '9XTYR3C', 'Pren Fowden', 'pfowdenjt@abc.net.au', 441, false);
insert into user (id, role_id, login, password, full_name, email, money, is_available) values (715, 2, 'roskehanju', 'PLvq2K', 'Reuven O''Skehan', 'roskehanju@people.com.cn', 416, true);
insert into user (id, role_id, login, password, full_name, email, money, is_available) values (716, 2, 'hhannenjv', 'hnAy2Sv9OuEr', 'Harriott Hannen', 'hhannenjv@yolasite.com', 202, true);
insert into user (id, role_id, login, password, full_name, email, money, is_available) values (717, 2, 'haismanjw', 'puQdRz5', 'Hermie Aisman', 'haismanjw@seattletimes.com', 177, false);
insert into user (id, role_id, login, password, full_name, email, money, is_available) values (718, 2, 'rpaujx', 'SltGhGsNIPJ', 'Raimund Pau', 'rpaujx@youku.com', 232, false);
insert into user (id, role_id, login, password, full_name, email, money, is_available) values (719, 2, 'bscardafieldjy', 'b8CJQNuG', 'Bobina Scardafield', 'bscardafieldjy@gravatar.com', 222, true);
insert into user (id, role_id, login, password, full_name, email, money, is_available) values (720, 2, 'aoliviajz', 'cFKs05t', 'Aaron Olivia', 'aoliviajz@theatlantic.com', 237, true);
insert into user (id, role_id, login, password, full_name, email, money, is_available) values (721, 2, 'ksimonnotk0', 'HJfqH5V', 'Karon Simonnot', 'ksimonnotk0@tuttocitta.it', 176, true);
insert into user (id, role_id, login, password, full_name, email, money, is_available) values (722, 2, 'msatterthwaitek1', 'S7J2VK', 'Mariette Satterthwaite', 'msatterthwaitek1@storify.com', 494, true);
insert into user (id, role_id, login, password, full_name, email, money, is_available) values (723, 2, 'glek2', 'T69Ul3', 'Garrott Le Strange', 'glek2@g.co', 457, true);
insert into user (id, role_id, login, password, full_name, email, money, is_available) values (724, 2, 'gmarvelleyk3', '4b72hKdmX', 'Glenine Marvelley', 'gmarvelleyk3@infoseek.co.jp', 222, true);
insert into user (id, role_id, login, password, full_name, email, money, is_available) values (725, 2, 'wdukesburyk4', 'DM1GiO1j', 'Waylon Dukesbury', 'wdukesburyk4@mysql.com', 105, true);
insert into user (id, role_id, login, password, full_name, email, money, is_available) values (726, 2, 'igoodshipk5', 'm5dr1nUb', 'Ilise Goodship', 'igoodshipk5@posterous.com', 340, true);
insert into user (id, role_id, login, password, full_name, email, money, is_available) values (727, 2, 'dkimbleyk6', 'LnEoj21gfZ', 'Demetre Kimbley', 'dkimbleyk6@purevolume.com', 238, false);
insert into user (id, role_id, login, password, full_name, email, money, is_available) values (728, 2, 'dforstk7', '417eRnRP', 'Darsie Forst', 'dforstk7@jimdo.com', 455, true);
insert into user (id, role_id, login, password, full_name, email, money, is_available) values (729, 2, 'pzuannk8', 'ik3ekAFjyF0u', 'Pearce Zuann', 'pzuannk8@devhub.com', 134, true);
insert into user (id, role_id, login, password, full_name, email, money, is_available) values (730, 2, 'kfouldesk9', 'iKmuqQO', 'Kyle Fouldes', 'kfouldesk9@livejournal.com', 206, false);
insert into user (id, role_id, login, password, full_name, email, money, is_available) values (731, 2, 'smcenenyka', 'xXO0a86i9', 'Silvie McEneny', 'smcenenyka@sogou.com', 168, true);
insert into user (id, role_id, login, password, full_name, email, money, is_available) values (732, 2, 'alithcowkb', 'uCWHv3dY', 'Ardisj Lithcow', 'alithcowkb@ezinearticles.com', 170, false);
insert into user (id, role_id, login, password, full_name, email, money, is_available) values (733, 2, 'rudenkc', 'SUxHyei', 'Roselle Uden', 'rudenkc@dailymail.co.uk', 356, true);
insert into user (id, role_id, login, password, full_name, email, money, is_available) values (734, 2, 'esmythinkd', 'kAnJhOr', 'Eldin Smythin', 'esmythinkd@ustream.tv', 148, false);
insert into user (id, role_id, login, password, full_name, email, money, is_available) values (735, 2, 'ddibnerke', 'RW1ynYmSJhg', 'Doe Dibner', 'ddibnerke@gravatar.com', 412, true);
insert into user (id, role_id, login, password, full_name, email, money, is_available) values (736, 2, 'adumbeltonkf', '0WhpuhH', 'Andreana Dumbelton', 'adumbeltonkf@reference.com', 275, false);
insert into user (id, role_id, login, password, full_name, email, money, is_available) values (737, 2, 'jwoodyearekg', 'NLHyZQwvtU', 'Jeane Woodyeare', 'jwoodyearekg@xrea.com', 328, true);
insert into user (id, role_id, login, password, full_name, email, money, is_available) values (738, 2, 'jrundallkh', 'YPRU4VhuTr', 'Jo-anne Rundall', 'jrundallkh@dell.com', 118, true);
insert into user (id, role_id, login, password, full_name, email, money, is_available) values (739, 2, 'dbombki', 'OyJHs9cIg6YE', 'Dunn Bomb', 'dbombki@java.com', 166, true);
insert into user (id, role_id, login, password, full_name, email, money, is_available) values (740, 2, 'econiberekj', 'Hwjb3Xq86tP', 'Elna Conibere', 'econiberekj@360.cn', 156, false);
insert into user (id, role_id, login, password, full_name, email, money, is_available) values (741, 2, 'rbirleykk', 'LCGZ2cLa6vB', 'Raquel Birley', 'rbirleykk@sphinn.com', 285, true);
insert into user (id, role_id, login, password, full_name, email, money, is_available) values (742, 2, 'rvernykl', 'LqVH2MS', 'Roxana Verny', 'rvernykl@myspace.com', 172, true);
insert into user (id, role_id, login, password, full_name, email, money, is_available) values (743, 2, 'sdudingkm', 'YsiqRhRlkjG', 'Selia Duding', 'sdudingkm@bandcamp.com', 179, false);
insert into user (id, role_id, login, password, full_name, email, money, is_available) values (744, 2, 'jbolstridgekn', 'fsrY4I', 'Jeane Bolstridge', 'jbolstridgekn@e-recht24.de', 284, true);
insert into user (id, role_id, login, password, full_name, email, money, is_available) values (745, 2, 'darnizko', 'dqo4jedxK', 'Drusy Arniz', 'darnizko@hostgator.com', 146, true);
insert into user (id, role_id, login, password, full_name, email, money, is_available) values (746, 2, 'rjozsakp', 'Na0FlST8', 'Reinold Jozsa', 'rjozsakp@histats.com', 133, true);
insert into user (id, role_id, login, password, full_name, email, money, is_available) values (747, 2, 'jalejokq', '7GzPmPoGTUH', 'Joelle Alejo', 'jalejokq@comsenz.com', 162, true);
insert into user (id, role_id, login, password, full_name, email, money, is_available) values (748, 2, 'jgricewoodkr', 'tsOSLgnQ', 'Janey Gricewood', 'jgricewoodkr@disqus.com', 436, true);
insert into user (id, role_id, login, password, full_name, email, money, is_available) values (749, 2, 'astrassks', '57cv8jFL', 'Alastair Strass', 'astrassks@wufoo.com', 360, true);
insert into user (id, role_id, login, password, full_name, email, money, is_available) values (750, 2, 'okarolowskikt', 'jrnDBhWLO7TK', 'Odele Karolowski', 'okarolowskikt@amazon.co.jp', 305, false);
insert into user (id, role_id, login, password, full_name, email, money, is_available) values (751, 2, 'vfrancieku', 'wBpSk98Pxw2', 'Vikky Francie', 'vfrancieku@shinystat.com', 150, true);
insert into user (id, role_id, login, password, full_name, email, money, is_available) values (752, 2, 'brockeykv', 'lN9D0l', 'Blondie Rockey', 'brockeykv@yellowpages.com', 460, false);
insert into user (id, role_id, login, password, full_name, email, money, is_available) values (753, 2, 'jslingsbykw', 'r3KHdZDvmL', 'Jimmy Slingsby', 'jslingsbykw@mysql.com', 459, false);
insert into user (id, role_id, login, password, full_name, email, money, is_available) values (754, 2, 'ncosenskx', 'f6aW7T', 'Nadean Cosens', 'ncosenskx@list-manage.com', 115, false);
insert into user (id, role_id, login, password, full_name, email, money, is_available) values (755, 2, 'pewensonky', 'Bv0wMpL4Sq', 'Percy Ewenson', 'pewensonky@icq.com', 240, false);
insert into user (id, role_id, login, password, full_name, email, money, is_available) values (756, 2, 'cbowerykz', 'iSwI7Wfoo', 'Catriona Bowery', 'cbowerykz@latimes.com', 466, false);
insert into user (id, role_id, login, password, full_name, email, money, is_available) values (757, 2, 'vrosl0', 'Y1eM1rLMW', 'Vi Ros', 'vrosl0@themeforest.net', 344, false);
insert into user (id, role_id, login, password, full_name, email, money, is_available) values (758, 2, 'csouthardl1', '0qmuyuj', 'Con Southard', 'csouthardl1@pcworld.com', 355, false);
insert into user (id, role_id, login, password, full_name, email, money, is_available) values (759, 2, 'csmalingl2', 'JkE2XbG', 'Costa Smaling', 'csmalingl2@amazonaws.com', 238, false);
insert into user (id, role_id, login, password, full_name, email, money, is_available) values (760, 2, 'zheakl3', 'rIZYXM7Dsd', 'Zuzana Heak', 'zheakl3@psu.edu', 318, true);
insert into user (id, role_id, login, password, full_name, email, money, is_available) values (761, 2, 'fbeediel4', 'OZgZCqQ', 'Fowler Beedie', 'fbeediel4@blogger.com', 248, false);
insert into user (id, role_id, login, password, full_name, email, money, is_available) values (762, 2, 'mjenceyl5', 'iZsx9PGi3BS1', 'Maggie Jencey', 'mjenceyl5@ameblo.jp', 253, false);
insert into user (id, role_id, login, password, full_name, email, money, is_available) values (763, 2, 'ccovinol6', 'j1j86KTP', 'Carolyne covino', 'ccovinol6@umn.edu', 456, true);
insert into user (id, role_id, login, password, full_name, email, money, is_available) values (764, 2, 'lmoverleyl7', 'eMFa5ETohxS', 'Langsdon Moverley', 'lmoverleyl7@examiner.com', 365, true);
insert into user (id, role_id, login, password, full_name, email, money, is_available) values (765, 2, 'asatchelll8', 'aBjHgJtA08uy', 'Arty Satchell', 'asatchelll8@wordpress.org', 316, false);
insert into user (id, role_id, login, password, full_name, email, money, is_available) values (766, 2, 'lfreearl9', 'BgE38BOQKbR', 'Lolita Freear', 'lfreearl9@amazon.com', 146, true);
insert into user (id, role_id, login, password, full_name, email, money, is_available) values (767, 2, 'jcorroyerla', 'aOOHsyJXEB', 'Jackie Corroyer', 'jcorroyerla@prnewswire.com', 241, false);
insert into user (id, role_id, login, password, full_name, email, money, is_available) values (768, 2, 'mkruselb', 'T3fgPTINnT', 'Mahmud Kruse', 'mkruselb@google.co.uk', 263, true);
insert into user (id, role_id, login, password, full_name, email, money, is_available) values (769, 2, 'gchappellelc', 'rfGZmB1', 'Gun Chappelle', 'gchappellelc@t.co', 171, true);
insert into user (id, role_id, login, password, full_name, email, money, is_available) values (770, 2, 'nelwoodld', 'JG37pwx', 'Noelyn Elwood', 'nelwoodld@wufoo.com', 102, false);
insert into user (id, role_id, login, password, full_name, email, money, is_available) values (771, 2, 'hhattamle', 'd63nC8qvET9', 'Hendrika Hattam', 'hhattamle@ucsd.edu', 496, true);
insert into user (id, role_id, login, password, full_name, email, money, is_available) values (772, 2, 'mfrizzelllf', 'JhuyVzOp', 'Myles Frizzell', 'mfrizzelllf@yahoo.com', 395, true);
insert into user (id, role_id, login, password, full_name, email, money, is_available) values (773, 2, 'hlammimanlg', '1Dx5ByyAx', 'Harman Lammiman', 'hlammimanlg@naver.com', 329, true);
insert into user (id, role_id, login, password, full_name, email, money, is_available) values (774, 2, 'achmarnylh', 'DVQ8HLLLCDz', 'Aidan Chmarny', 'achmarnylh@woothemes.com', 121, false);
insert into user (id, role_id, login, password, full_name, email, money, is_available) values (775, 2, 'mpetraschli', 'A6EnK20yB', 'Marcile Petrasch', 'mpetraschli@artisteer.com', 210, false);
insert into user (id, role_id, login, password, full_name, email, money, is_available) values (776, 2, 'cmcmurrayalj', 'Mn09OBQgsfs', 'Cybill McMurraya', 'cmcmurrayalj@xrea.com', 292, false);
insert into user (id, role_id, login, password, full_name, email, money, is_available) values (777, 2, 'gcasswelllk', '8NlF6Fe', 'Gavrielle Casswell', 'gcasswelllk@msn.com', 110, false);
insert into user (id, role_id, login, password, full_name, email, money, is_available) values (778, 2, 'mruanell', 'vueUqPowQB', 'Mendy Ruane', 'mruanell@adobe.com', 164, true);
insert into user (id, role_id, login, password, full_name, email, money, is_available) values (779, 2, 'mkillocklm', '18l52PFO', 'Marigold Killock', 'mkillocklm@altervista.org', 310, false);
insert into user (id, role_id, login, password, full_name, email, money, is_available) values (780, 2, 'hpetrowskyln', 'LaieAYHVFpd6', 'Horacio Petrowsky', 'hpetrowskyln@youtu.be', 160, false);
insert into user (id, role_id, login, password, full_name, email, money, is_available) values (781, 2, 'agladwelllo', 'x2hDD6', 'Amalia Gladwell', 'agladwelllo@live.com', 402, true);
insert into user (id, role_id, login, password, full_name, email, money, is_available) values (782, 2, 'kbamlettlp', '46weYlK', 'Kristopher Bamlett', 'kbamlettlp@addthis.com', 411, true);
insert into user (id, role_id, login, password, full_name, email, money, is_available) values (783, 2, 'ikaeslq', 'OHyvNLwIP', 'Idalia Kaes', 'ikaeslq@wikispaces.com', 351, false);
insert into user (id, role_id, login, password, full_name, email, money, is_available) values (784, 2, 'byannelr', '6msXBFggi', 'Benedick Yanne', 'byannelr@hc360.com', 474, true);
insert into user (id, role_id, login, password, full_name, email, money, is_available) values (785, 2, 'dbladesls', 'xr9evWn', 'Debby Blades', 'dbladesls@mediafire.com', 439, false);
insert into user (id, role_id, login, password, full_name, email, money, is_available) values (786, 2, 'elodgelt', 'XCgkwig8jvzu', 'Ewart Lodge', 'elodgelt@indiatimes.com', 349, false);
insert into user (id, role_id, login, password, full_name, email, money, is_available) values (787, 2, 'ftornlu', 'ROYyMxv', 'Fredek Torn', 'ftornlu@spiegel.de', 438, false);
insert into user (id, role_id, login, password, full_name, email, money, is_available) values (788, 2, 'cwaddilowlv', 'AX1lhoWDRm', 'Christie Waddilow', 'cwaddilowlv@slate.com', 438, false);
insert into user (id, role_id, login, password, full_name, email, money, is_available) values (789, 2, 'dconklinlw', 'sv7k6vvZ', 'Dominique Conklin', 'dconklinlw@soundcloud.com', 318, false);
insert into user (id, role_id, login, password, full_name, email, money, is_available) values (790, 2, 'dlostylx', 'WSe98TeEF', 'Deina Losty', 'dlostylx@disqus.com', 179, true);
insert into user (id, role_id, login, password, full_name, email, money, is_available) values (791, 2, 'aimpettly', 'NR2wvq1pvMJ', 'Aylmar Impett', 'aimpettly@ed.gov', 388, false);
insert into user (id, role_id, login, password, full_name, email, money, is_available) values (792, 2, 'fricsonlz', 'ifV8fW6K', 'Fernande Ricson', 'fricsonlz@artisteer.com', 214, false);
insert into user (id, role_id, login, password, full_name, email, money, is_available) values (793, 2, 'cwroughtm0', 'KASqgr', 'Colleen Wrought', 'cwroughtm0@typepad.com', 189, true);
insert into user (id, role_id, login, password, full_name, email, money, is_available) values (794, 2, 'dburrm1', 'JIiVZOm', 'Devonne Burr', 'dburrm1@samsung.com', 401, false);
insert into user (id, role_id, login, password, full_name, email, money, is_available) values (795, 2, 'afriselm2', '7nagWAyc9b', 'Andra Frisel', 'afriselm2@lycos.com', 134, true);
insert into user (id, role_id, login, password, full_name, email, money, is_available) values (796, 2, 'lskirvinm3', 'aRxLjZ', 'Lowrance Skirvin', 'lskirvinm3@wired.com', 258, false);
insert into user (id, role_id, login, password, full_name, email, money, is_available) values (797, 2, 'adomneym4', 'pLIym1Kf', 'Avivah Domney', 'adomneym4@kickstarter.com', 159, false);
insert into user (id, role_id, login, password, full_name, email, money, is_available) values (798, 2, 'pcherrisonm5', 'I8p90eMaKM9Y', 'Phyllis Cherrison', 'pcherrisonm5@japanpost.jp', 220, false);
insert into user (id, role_id, login, password, full_name, email, money, is_available) values (799, 2, 'fmerveillem6', 'euiGGDW', 'Fannie Merveille', 'fmerveillem6@gizmodo.com', 190, true);
insert into user (id, role_id, login, password, full_name, email, money, is_available) values (800, 2, 'apeschkam7', 'sUgeZjks', 'Abigale Peschka', 'apeschkam7@studiopress.com', 277, true);
insert into user (id, role_id, login, password, full_name, email, money, is_available) values (801, 2, 'tjurewiczm8', 'e9P1zm8P9Q1S', 'Teresa Jurewicz', 'tjurewiczm8@skyrock.com', 194, false);
insert into user (id, role_id, login, password, full_name, email, money, is_available) values (802, 2, 'crostonm9', 'DMVFZL', 'Constancy Roston', 'crostonm9@a8.net', 447, false);
insert into user (id, role_id, login, password, full_name, email, money, is_available) values (803, 2, 'bgliddenma', '9ZBkef3D', 'Benton Glidden', 'bgliddenma@fc2.com', 269, true);
insert into user (id, role_id, login, password, full_name, email, money, is_available) values (804, 2, 'sberefordmb', 'X9gbLH', 'Serene Bereford', 'sberefordmb@vkontakte.ru', 342, true);
insert into user (id, role_id, login, password, full_name, email, money, is_available) values (805, 2, 'ebrownsmithmc', 'b93DCjadeoD', 'Elinor Brownsmith', 'ebrownsmithmc@twitpic.com', 317, false);
insert into user (id, role_id, login, password, full_name, email, money, is_available) values (806, 2, 'dcollingemd', 'n4nl3i', 'Daffi Collinge', 'dcollingemd@cocolog-nifty.com', 357, false);
insert into user (id, role_id, login, password, full_name, email, money, is_available) values (807, 2, 'bjarrelme', 'V80q8i7WVM', 'Britni Jarrel', 'bjarrelme@oaic.gov.au', 405, true);
insert into user (id, role_id, login, password, full_name, email, money, is_available) values (808, 2, 'jbaggotmf', 'UdQz74JL', 'Jephthah Baggot', 'jbaggotmf@rakuten.co.jp', 257, false);
insert into user (id, role_id, login, password, full_name, email, money, is_available) values (809, 2, 'ehonischmg', 'og6yayKH16E', 'Eleanore Honisch', 'ehonischmg@barnesandnoble.com', 352, true);
insert into user (id, role_id, login, password, full_name, email, money, is_available) values (810, 2, 'hbromleymh', '5UIPOzcBLO', 'Husein Bromley', 'hbromleymh@miitbeian.gov.cn', 245, true);
insert into user (id, role_id, login, password, full_name, email, money, is_available) values (811, 2, 'galibonemi', 'buMMxfYFA', 'Garth Alibone', 'galibonemi@wikia.com', 310, false);
insert into user (id, role_id, login, password, full_name, email, money, is_available) values (812, 2, 'rcreaneymj', 'IASPjMn', 'Reeba Creaney', 'rcreaneymj@nytimes.com', 104, true);
insert into user (id, role_id, login, password, full_name, email, money, is_available) values (813, 2, 'llowsonmk', 'dvDsChn1q', 'Layney Lowson', 'llowsonmk@wsj.com', 101, false);
insert into user (id, role_id, login, password, full_name, email, money, is_available) values (814, 2, 'rjillsml', 'vcUsU9N8G', 'Raven Jills', 'rjillsml@indiatimes.com', 271, false);
insert into user (id, role_id, login, password, full_name, email, money, is_available) values (815, 2, 'ucreminmm', 'zVJ6hQf1PI', 'Urbanus Cremin', 'ucreminmm@timesonline.co.uk', 364, true);
insert into user (id, role_id, login, password, full_name, email, money, is_available) values (816, 2, 'ktinniswoodmn', '8xBfun', 'Kalle Tinniswood', 'ktinniswoodmn@constantcontact.com', 216, false);
insert into user (id, role_id, login, password, full_name, email, money, is_available) values (817, 2, 'azealymo', 'UfAV9bvgKP', 'Artie Zealy', 'azealymo@huffingtonpost.com', 170, true);
insert into user (id, role_id, login, password, full_name, email, money, is_available) values (818, 2, 'jdalwoodmp', 'wBMezahUoRr', 'Jerry Dalwood', 'jdalwoodmp@ycombinator.com', 287, true);
insert into user (id, role_id, login, password, full_name, email, money, is_available) values (819, 2, 'jgiabuccimq', 'cHXsuJC', 'Julietta Giabucci', 'jgiabuccimq@typepad.com', 295, false);
insert into user (id, role_id, login, password, full_name, email, money, is_available) values (820, 2, 'cmassinghammr', 'NNNIJlm', 'Callida Massingham', 'cmassinghammr@rakuten.co.jp', 434, false);
insert into user (id, role_id, login, password, full_name, email, money, is_available) values (821, 2, 'jnorthleyms', '83APL8', 'Jeralee Northley', 'jnorthleyms@google.de', 355, false);
insert into user (id, role_id, login, password, full_name, email, money, is_available) values (822, 2, 'sgodlemanmt', 'yklmk1', 'Sephira Godleman', 'sgodlemanmt@mayoclinic.com', 348, false);
insert into user (id, role_id, login, password, full_name, email, money, is_available) values (823, 2, 'bcastelotmu', '8B0Qvqoqn', 'Borden Castelot', 'bcastelotmu@ted.com', 424, false);
insert into user (id, role_id, login, password, full_name, email, money, is_available) values (824, 2, 'bweldrakemv', 'IBSOLLU', 'Bryna Weldrake', 'bweldrakemv@shinystat.com', 154, true);
insert into user (id, role_id, login, password, full_name, email, money, is_available) values (825, 2, 'scossemmw', 'DVhH1l', 'Skipper Cossem', 'scossemmw@buzzfeed.com', 183, false);
insert into user (id, role_id, login, password, full_name, email, money, is_available) values (826, 2, 'dfaersmx', 'fIZcw0nRX', 'Demetrius Faers', 'dfaersmx@soup.io', 350, true);
insert into user (id, role_id, login, password, full_name, email, money, is_available) values (827, 2, 'khearemy', 'aRWKxY', 'Katie Heare', 'khearemy@newyorker.com', 411, false);
insert into user (id, role_id, login, password, full_name, email, money, is_available) values (828, 2, 'mmeakemz', 'tXvr7r', 'Margot Meake', 'mmeakemz@constantcontact.com', 330, false);
insert into user (id, role_id, login, password, full_name, email, money, is_available) values (829, 2, 'bgawnn0', 'olmeZGnouD', 'Brannon Gawn', 'bgawnn0@mlb.com', 432, false);
insert into user (id, role_id, login, password, full_name, email, money, is_available) values (830, 2, 'jlapidusn1', 'necFDedH0', 'Jorry Lapidus', 'jlapidusn1@howstuffworks.com', 312, true);
insert into user (id, role_id, login, password, full_name, email, money, is_available) values (831, 2, 'bpoadn2', 'GSHYeFA', 'Blaine Poad', 'bpoadn2@e-recht24.de', 180, false);
insert into user (id, role_id, login, password, full_name, email, money, is_available) values (832, 2, 'mtenbrugn3', 'QSj7Z0fpt7', 'Marita Tenbrug', 'mtenbrugn3@google.ca', 174, true);
insert into user (id, role_id, login, password, full_name, email, money, is_available) values (833, 2, 'nreinbechn4', 'spRq6e5dTVEc', 'Ninnette Reinbech', 'nreinbechn4@biglobe.ne.jp', 155, true);
insert into user (id, role_id, login, password, full_name, email, money, is_available) values (834, 2, 'bappleyardn5', 'W76iTDXNad', 'Bard Appleyard', 'bappleyardn5@timesonline.co.uk', 455, true);
insert into user (id, role_id, login, password, full_name, email, money, is_available) values (835, 2, 'pclarkn6', 'VqiIMRIm', 'Phoebe Clark', 'pclarkn6@reddit.com', 269, true);
insert into user (id, role_id, login, password, full_name, email, money, is_available) values (836, 2, 'hgeorgeonn7', 'KfjJKp1nv0Cw', 'Haroun Georgeon', 'hgeorgeonn7@cmu.edu', 241, false);
insert into user (id, role_id, login, password, full_name, email, money, is_available) values (837, 2, 'jdemern8', 'OX6GL2', 'Jackquelin Demer', 'jdemern8@rakuten.co.jp', 150, true);
insert into user (id, role_id, login, password, full_name, email, money, is_available) values (838, 2, 'fpiontern9', 'Lq3ur6', 'Free Pionter', 'fpiontern9@amazonaws.com', 216, true);
insert into user (id, role_id, login, password, full_name, email, money, is_available) values (839, 2, 'ngeistbeckna', '7N17Zar0AEs', 'Nev Geistbeck', 'ngeistbeckna@tiny.cc', 319, true);
insert into user (id, role_id, login, password, full_name, email, money, is_available) values (840, 2, 'wscotchmoornb', '3ZFdhaIcQ', 'Wendall Scotchmoor', 'wscotchmoornb@home.pl', 322, false);
insert into user (id, role_id, login, password, full_name, email, money, is_available) values (841, 2, 'caldwicknc', 'uGqHEEs', 'Codie Aldwick', 'caldwicknc@jiathis.com', 392, false);
insert into user (id, role_id, login, password, full_name, email, money, is_available) values (842, 2, 'lfelipnd', 'eOOhXXXWb', 'Lavina felip', 'lfelipnd@myspace.com', 288, true);
insert into user (id, role_id, login, password, full_name, email, money, is_available) values (843, 2, 'hmendesne', 'A6yHjGPv', 'Hazel Mendes', 'hmendesne@vistaprint.com', 224, true);
insert into user (id, role_id, login, password, full_name, email, money, is_available) values (844, 2, 'amacauleynf', 'iAsgSJngqvR', 'Ashlen Macauley', 'amacauleynf@hexun.com', 397, false);
insert into user (id, role_id, login, password, full_name, email, money, is_available) values (845, 2, 'atrewmanng', 'c2levDW4G1lG', 'Allissa Trewman', 'atrewmanng@globo.com', 344, true);
insert into user (id, role_id, login, password, full_name, email, money, is_available) values (846, 2, 'ksponernh', 'WH73dAnnWYxk', 'Kata Sponer', 'ksponernh@cnet.com', 177, true);
insert into user (id, role_id, login, password, full_name, email, money, is_available) values (847, 2, 'dtornni', 'joY61j5BzrH', 'Deana Torn', 'dtornni@etsy.com', 246, true);
insert into user (id, role_id, login, password, full_name, email, money, is_available) values (848, 2, 'ecolericknj', 'uwvSc0OVSzm', 'Edouard Colerick', 'ecolericknj@disqus.com', 144, true);
insert into user (id, role_id, login, password, full_name, email, money, is_available) values (849, 2, 'sdahlbergnk', '2RDZrrwJdX', 'Sashenka Dahlberg', 'sdahlbergnk@diigo.com', 184, true);
insert into user (id, role_id, login, password, full_name, email, money, is_available) values (850, 2, 'rsammarsnl', 'zajz05Fp', 'Roxanne Sammars', 'rsammarsnl@ucoz.ru', 407, true);
insert into user (id, role_id, login, password, full_name, email, money, is_available) values (851, 2, 'thussynm', 'C6BuC4tM6gsg', 'Trisha Hussy', 'thussynm@tripadvisor.com', 290, false);
insert into user (id, role_id, login, password, full_name, email, money, is_available) values (852, 2, 'kbotfieldnn', 'FFGaU17', 'Kissiah Botfield', 'kbotfieldnn@yolasite.com', 107, true);
insert into user (id, role_id, login, password, full_name, email, money, is_available) values (853, 2, 'cmccambridgeno', 'KdNQqrJHfY', 'Cass McCambridge', 'cmccambridgeno@pbs.org', 128, true);
insert into user (id, role_id, login, password, full_name, email, money, is_available) values (854, 2, 'aithellnp', '7HkD1Ko', 'Andie Ithell', 'aithellnp@ucla.edu', 165, true);
insert into user (id, role_id, login, password, full_name, email, money, is_available) values (855, 2, 'dskillingsnq', 'gQRm0SBuY4v', 'Darda Skillings', 'dskillingsnq@usgs.gov', 428, true);
insert into user (id, role_id, login, password, full_name, email, money, is_available) values (856, 2, 'sluxnr', 'T3fNRMtrd', 'Staci Lux', 'sluxnr@reference.com', 410, true);
insert into user (id, role_id, login, password, full_name, email, money, is_available) values (857, 2, 'prappns', 'VNLAOKgi7C6f', 'Pinchas Rapp', 'prappns@unesco.org', 351, true);
insert into user (id, role_id, login, password, full_name, email, money, is_available) values (858, 2, 'speeternt', 'Hs5zMH9', 'Salomon Peeter', 'speeternt@stumbleupon.com', 174, true);
insert into user (id, role_id, login, password, full_name, email, money, is_available) values (859, 2, 'rgrishenkovnu', '6GaPScwwx', 'Renee Grishenkov', 'rgrishenkovnu@umn.edu', 403, true);
insert into user (id, role_id, login, password, full_name, email, money, is_available) values (860, 2, 'ikuhlenv', 'VUgDqG', 'Ignaz Kuhle', 'ikuhlenv@mozilla.org', 471, true);
insert into user (id, role_id, login, password, full_name, email, money, is_available) values (861, 2, 'gcreasynw', '3oMGa1h1u', 'Granthem Creasy', 'gcreasynw@1688.com', 492, false);
insert into user (id, role_id, login, password, full_name, email, money, is_available) values (862, 2, 'cwarlawnx', 'FEVoGgDR', 'Constantine Warlaw', 'cwarlawnx@ow.ly', 358, false);
insert into user (id, role_id, login, password, full_name, email, money, is_available) values (863, 2, 'eblakestonny', '6OnTDVk', 'Estella Blakeston', 'eblakestonny@artisteer.com', 331, true);
insert into user (id, role_id, login, password, full_name, email, money, is_available) values (864, 2, 'rbottjernz', 'dGxzft', 'Ransom Bottjer', 'rbottjernz@forbes.com', 429, true);
insert into user (id, role_id, login, password, full_name, email, money, is_available) values (865, 2, 'cwarsapo0', 'GLJQLw9', 'Cole Warsap', 'cwarsapo0@over-blog.com', 485, false);
insert into user (id, role_id, login, password, full_name, email, money, is_available) values (866, 2, 'jmertschingo1', 'JavX2OiPIJed', 'Jacquelin Mertsching', 'jmertschingo1@gravatar.com', 438, true);
insert into user (id, role_id, login, password, full_name, email, money, is_available) values (867, 2, 'jaliboneo2', 'v7tYIMUROH', 'Janela Alibone', 'jaliboneo2@home.pl', 232, true);
insert into user (id, role_id, login, password, full_name, email, money, is_available) values (868, 2, 'tpolando3', 'xh0FrEe', 'Teddi Poland', 'tpolando3@is.gd', 450, false);
insert into user (id, role_id, login, password, full_name, email, money, is_available) values (869, 2, 'ltaito4', 'bD15MWRSZSE', 'Lelia Tait', 'ltaito4@house.gov', 278, false);
insert into user (id, role_id, login, password, full_name, email, money, is_available) values (870, 2, 'stheodoriso5', 'Qovqvh', 'Seward Theodoris', 'stheodoriso5@etsy.com', 489, true);
insert into user (id, role_id, login, password, full_name, email, money, is_available) values (871, 2, 'jlougheedo6', 'KvQG4MFDmHZ', 'Joye Lougheed', 'jlougheedo6@yellowbook.com', 433, false);
insert into user (id, role_id, login, password, full_name, email, money, is_available) values (872, 2, 'bepletto7', 'iuYxwWFePRoP', 'Benedikta Eplett', 'bepletto7@berkeley.edu', 338, true);
insert into user (id, role_id, login, password, full_name, email, money, is_available) values (873, 2, 'jsonnero8', 'k5JynYk', 'Jerald Sonner', 'jsonnero8@mlb.com', 448, false);
insert into user (id, role_id, login, password, full_name, email, money, is_available) values (874, 2, 'aflanneo9', 'MTbPyrokgoh', 'Analiese Flanne', 'aflanneo9@globo.com', 181, true);
insert into user (id, role_id, login, password, full_name, email, money, is_available) values (875, 2, 'idelamereoa', 'XJrtEyA', 'Ingeberg Delamere', 'idelamereoa@adobe.com', 483, false);
insert into user (id, role_id, login, password, full_name, email, money, is_available) values (876, 2, 'ozambonob', 'tZSLTTvXFbNE', 'Orelee Zambon', 'ozambonob@microsoft.com', 275, true);
insert into user (id, role_id, login, password, full_name, email, money, is_available) values (877, 2, 'msendleyoc', 'IgQOKDqj', 'Milt Sendley', 'msendleyoc@google.ca', 185, true);
insert into user (id, role_id, login, password, full_name, email, money, is_available) values (878, 2, 'rsandryod', 'IxqpxeJV8R', 'Roberta Sandry', 'rsandryod@youku.com', 236, false);
insert into user (id, role_id, login, password, full_name, email, money, is_available) values (879, 2, 'pprottoe', '78WXOAAg', 'Pat Prott', 'pprottoe@redcross.org', 360, true);
insert into user (id, role_id, login, password, full_name, email, money, is_available) values (880, 2, 'jknibbsof', 'Pt995jB24', 'Jaymie Knibbs', 'jknibbsof@amazonaws.com', 454, true);
insert into user (id, role_id, login, password, full_name, email, money, is_available) values (881, 2, 'isuchog', '2ksxczGud', 'Ingelbert Such', 'isuchog@gizmodo.com', 318, false);
insert into user (id, role_id, login, password, full_name, email, money, is_available) values (882, 2, 'bhuggensoh', '4H2JbtHryuHk', 'Bonnibelle Huggens', 'bhuggensoh@uol.com.br', 401, false);
insert into user (id, role_id, login, password, full_name, email, money, is_available) values (883, 2, 'jcrustoi', 'HyUcr8Sm', 'Janenna Crust', 'jcrustoi@cornell.edu', 283, true);
insert into user (id, role_id, login, password, full_name, email, money, is_available) values (884, 2, 'sdyteroj', '6FDI71X', 'Sollie Dyter', 'sdyteroj@alexa.com', 462, false);
insert into user (id, role_id, login, password, full_name, email, money, is_available) values (885, 2, 'bplayfordok', 'nVuddRdS', 'Burl Playford', 'bplayfordok@squidoo.com', 139, false);
insert into user (id, role_id, login, password, full_name, email, money, is_available) values (886, 2, 'jlindgrenol', 'F7OcwciPaYAm', 'Jean Lindgren', 'jlindgrenol@4shared.com', 243, true);
insert into user (id, role_id, login, password, full_name, email, money, is_available) values (887, 2, 'abrookwoodom', '5macg7ceLfp', 'Adriana Brookwood', 'abrookwoodom@un.org', 449, true);
insert into user (id, role_id, login, password, full_name, email, money, is_available) values (888, 2, 'agiacomoon', 'GW8kU9zCzi', 'Angelo Giacomo', 'agiacomoon@aboutads.info', 337, false);
insert into user (id, role_id, login, password, full_name, email, money, is_available) values (889, 2, 'ybohillsoo', 'VAuynIlYo9F', 'Yancy Bohills', 'ybohillsoo@comcast.net', 367, true);
insert into user (id, role_id, login, password, full_name, email, money, is_available) values (890, 2, 'tswaytonop', 'sf7aXHp1WTe', 'Tiebold Swayton', 'tswaytonop@bing.com', 403, false);
insert into user (id, role_id, login, password, full_name, email, money, is_available) values (891, 2, 'atippettsoq', 'stAAMc', 'Angel Tippetts', 'atippettsoq@yandex.ru', 250, true);
insert into user (id, role_id, login, password, full_name, email, money, is_available) values (892, 2, 'mdederickor', 'dCsWObB', 'Melantha Dederick', 'mdederickor@ibm.com', 476, true);
insert into user (id, role_id, login, password, full_name, email, money, is_available) values (893, 2, 'pquinnellyos', '20o8Jzs2', 'Pia Quinnelly', 'pquinnellyos@dyndns.org', 441, false);
insert into user (id, role_id, login, password, full_name, email, money, is_available) values (894, 2, 'mlighternessot', 'XQoEVIm0psK', 'Mordecai Lighterness', 'mlighternessot@hugedomains.com', 282, true);
insert into user (id, role_id, login, password, full_name, email, money, is_available) values (895, 2, 'bdeou', 'hGR3qrgS', 'Bat De Zamudio', 'bdeou@squarespace.com', 366, true);
insert into user (id, role_id, login, password, full_name, email, money, is_available) values (896, 2, 'apawlettov', 'HFpzxounJRC6', 'Analiese Pawlett', 'apawlettov@nbcnews.com', 497, true);
insert into user (id, role_id, login, password, full_name, email, money, is_available) values (897, 2, 'abartelsellisow', '2cALEyEa4p3', 'Augie Bartels-Ellis', 'abartelsellisow@hexun.com', 295, false);
insert into user (id, role_id, login, password, full_name, email, money, is_available) values (898, 2, 'rbolgarox', 'tTK07heq8gk', 'Rocky Bolgar', 'rbolgarox@intel.com', 407, false);
insert into user (id, role_id, login, password, full_name, email, money, is_available) values (899, 2, 'eabysoy', 'fCJrHhE6L908', 'Eleanor Abys', 'eabysoy@mapy.cz', 224, false);
insert into user (id, role_id, login, password, full_name, email, money, is_available) values (900, 2, 'jeicheleroz', 'WvteDW1Xt', 'Joelly Eicheler', 'jeicheleroz@nymag.com', 448, false);
insert into user (id, role_id, login, password, full_name, email, money, is_available) values (901, 2, 'gsaerp0', 'rk14nO5Ckp9', 'Gabe Saer', 'gsaerp0@hhs.gov', 322, false);
insert into user (id, role_id, login, password, full_name, email, money, is_available) values (902, 2, 'amaudittp1', 'oYQ28qoA', 'Ardis Mauditt', 'amaudittp1@de.vu', 298, false);
insert into user (id, role_id, login, password, full_name, email, money, is_available) values (903, 2, 'cmeop2', 'EtmxE9EtMYkv', 'Camella Meo', 'cmeop2@yandex.ru', 121, false);
insert into user (id, role_id, login, password, full_name, email, money, is_available) values (904, 2, 'whumbiep3', 'fWHtXf', 'Wynny Humbie', 'whumbiep3@exblog.jp', 436, false);
insert into user (id, role_id, login, password, full_name, email, money, is_available) values (905, 2, 'glangleyp4', 'EPq8ILz1zw', 'Ginnifer Langley', 'glangleyp4@washington.edu', 409, false);
insert into user (id, role_id, login, password, full_name, email, money, is_available) values (906, 2, 'ssellnerp5', 'DgeHVjn4nB', 'Sybil Sellner', 'ssellnerp5@so-net.ne.jp', 404, false);
insert into user (id, role_id, login, password, full_name, email, money, is_available) values (907, 2, 'wjeffryp6', 'mgwPmS9N6', 'Wolf Jeffry', 'wjeffryp6@bloglines.com', 112, false);
insert into user (id, role_id, login, password, full_name, email, money, is_available) values (908, 2, 'sschurigp7', '02eT21iyHAb7', 'Sondra Schurig', 'sschurigp7@psu.edu', 417, false);
insert into user (id, role_id, login, password, full_name, email, money, is_available) values (909, 2, 'tiamittiip8', 'j8m7xKumY', 'Towney Iamittii', 'tiamittiip8@infoseek.co.jp', 323, true);
insert into user (id, role_id, login, password, full_name, email, money, is_available) values (910, 2, 'dgorkep9', 'oY8904', 'Dinnie Gorke', 'dgorkep9@wordpress.com', 172, false);
insert into user (id, role_id, login, password, full_name, email, money, is_available) values (911, 2, 'dgrouerpa', '1KDZa3', 'Darcy Grouer', 'dgrouerpa@prweb.com', 226, false);
insert into user (id, role_id, login, password, full_name, email, money, is_available) values (912, 2, 'kgodainpb', 'LyAZGx3NqaX', 'Krystyna Godain', 'kgodainpb@squidoo.com', 134, false);
insert into user (id, role_id, login, password, full_name, email, money, is_available) values (913, 2, 'bbakerpc', 'CVVLoSLPDY', 'Brianna Baker', 'bbakerpc@washingtonpost.com', 173, false);
insert into user (id, role_id, login, password, full_name, email, money, is_available) values (914, 2, 'fthomblesonpd', 'wfad7HscxcqO', 'Fredelia Thombleson', 'fthomblesonpd@zimbio.com', 314, true);
insert into user (id, role_id, login, password, full_name, email, money, is_available) values (915, 2, 'bsmowtonpe', 'F1ZJYtQU', 'Benedicta Smowton', 'bsmowtonpe@hatena.ne.jp', 459, false);
insert into user (id, role_id, login, password, full_name, email, money, is_available) values (916, 2, 'nrivalandpf', 'Jymu9e1kBjZ', 'Noelyn Rivaland', 'nrivalandpf@youku.com', 179, true);
insert into user (id, role_id, login, password, full_name, email, money, is_available) values (917, 2, 'lcobbaldpg', '8V2i8XZDR', 'Latisha Cobbald', 'lcobbaldpg@liveinternet.ru', 101, true);
insert into user (id, role_id, login, password, full_name, email, money, is_available) values (918, 2, 'nheinschkeph', 'up4I8nnxy1h5', 'Netty Heinschke', 'nheinschkeph@soundcloud.com', 460, true);
insert into user (id, role_id, login, password, full_name, email, money, is_available) values (919, 2, 'weasthampi', '36c1LjC', 'Wendy Eastham', 'weasthampi@bbc.co.uk', 214, true);
insert into user (id, role_id, login, password, full_name, email, money, is_available) values (920, 2, 'cscanlonpj', 'fFGyqOdScx', 'Cello Scanlon', 'cscanlonpj@is.gd', 263, false);
insert into user (id, role_id, login, password, full_name, email, money, is_available) values (921, 2, 'ksarahpk', 'dHoMLqOk', 'Kaela Sarah', 'ksarahpk@mlb.com', 189, true);
insert into user (id, role_id, login, password, full_name, email, money, is_available) values (922, 2, 'fbeinischpl', 'VqW2Xn', 'Flss Beinisch', 'fbeinischpl@amazonaws.com', 149, true);
insert into user (id, role_id, login, password, full_name, email, money, is_available) values (923, 2, 'dkinceypm', 'YiaWbKhf', 'Doralyn Kincey', 'dkinceypm@adobe.com', 255, false);
insert into user (id, role_id, login, password, full_name, email, money, is_available) values (924, 2, 'jmulhollandpn', 'vzMzIcqccE', 'Jackelyn Mulholland', 'jmulhollandpn@upenn.edu', 432, false);
insert into user (id, role_id, login, password, full_name, email, money, is_available) values (925, 2, 'thuglipo', 'R2BqgvU8GF', 'Truman Hugli', 'thuglipo@adobe.com', 156, true);
insert into user (id, role_id, login, password, full_name, email, money, is_available) values (926, 2, 'hghelardipp', '2ADM5MsQ3G', 'Hagen Ghelardi', 'hghelardipp@elpais.com', 199, false);
insert into user (id, role_id, login, password, full_name, email, money, is_available) values (927, 2, 'zchansonpq', 'AgA3qtV4', 'Zed Chanson', 'zchansonpq@twitter.com', 190, true);
insert into user (id, role_id, login, password, full_name, email, money, is_available) values (928, 2, 'mhacardpr', 'axHWsWNZ', 'Margy Hacard', 'mhacardpr@dailymail.co.uk', 121, false);
insert into user (id, role_id, login, password, full_name, email, money, is_available) values (929, 2, 'tsowdenps', 'x9jyei', 'Tull Sowden', 'tsowdenps@ft.com', 381, false);
insert into user (id, role_id, login, password, full_name, email, money, is_available) values (930, 2, 'hbriggdalept', 'f75UD3', 'Hubert Briggdale', 'hbriggdalept@dot.gov', 280, false);
insert into user (id, role_id, login, password, full_name, email, money, is_available) values (931, 2, 'hcoshpu', 'D6TIg5BDuR', 'Haydon Cosh', 'hcoshpu@chicagotribune.com', 290, true);
insert into user (id, role_id, login, password, full_name, email, money, is_available) values (932, 2, 'mlacottepv', 'NIuZWevS', 'Major Lacotte', 'mlacottepv@miitbeian.gov.cn', 305, true);
insert into user (id, role_id, login, password, full_name, email, money, is_available) values (933, 2, 'tpauncefortpw', '2CAqwNJ1', 'Thekla Pauncefort', 'tpauncefortpw@skyrock.com', 470, false);
insert into user (id, role_id, login, password, full_name, email, money, is_available) values (934, 2, 'gbruckentpx', 'NTYMwiq3eKT9', 'Gal Bruckent', 'gbruckentpx@google.com.hk', 231, true);
insert into user (id, role_id, login, password, full_name, email, money, is_available) values (935, 2, 'mmcjarrowpy', '0COvGt', 'Maryann McJarrow', 'mmcjarrowpy@zimbio.com', 411, true);
insert into user (id, role_id, login, password, full_name, email, money, is_available) values (936, 2, 'kgalletlypz', 'SuIzQHL', 'Kelci Galletly', 'kgalletlypz@ebay.com', 287, false);
insert into user (id, role_id, login, password, full_name, email, money, is_available) values (937, 2, 'hhaneq0', 'wxXxFk', 'Herrick Hane', 'hhaneq0@nbcnews.com', 213, false);
insert into user (id, role_id, login, password, full_name, email, money, is_available) values (938, 2, 'dtuneq1', 'KO6XXx', 'Dyana Tune', 'dtuneq1@cnbc.com', 315, false);
insert into user (id, role_id, login, password, full_name, email, money, is_available) values (939, 2, 'dwilbrahamq2', 'iojKIqs', 'Dwight Wilbraham', 'dwilbrahamq2@yelp.com', 467, true);
insert into user (id, role_id, login, password, full_name, email, money, is_available) values (940, 2, 'ylakerq3', '2mTcoGn', 'Yolande Laker', 'ylakerq3@fc2.com', 317, false);
insert into user (id, role_id, login, password, full_name, email, money, is_available) values (941, 2, 'omashroq4', 'oxqvsr8', 'Oralee Mashro', 'omashroq4@bloglines.com', 429, false);
insert into user (id, role_id, login, password, full_name, email, money, is_available) values (942, 2, 'hmaccaughenq5', 'CwUfLsI7PVl', 'Hinze MacCaughen', 'hmaccaughenq5@cdbaby.com', 281, true);
insert into user (id, role_id, login, password, full_name, email, money, is_available) values (943, 2, 'pboliverq6', 'qadkURle0Tj', 'Penni Boliver', 'pboliverq6@foxnews.com', 459, true);
insert into user (id, role_id, login, password, full_name, email, money, is_available) values (944, 2, 'dwadforthq7', 'Oc8UOmLuy', 'Deanna Wadforth', 'dwadforthq7@businesswire.com', 379, true);
insert into user (id, role_id, login, password, full_name, email, money, is_available) values (945, 2, 'vaddingtonq8', 'da0yEwYNch', 'Vivienne Addington', 'vaddingtonq8@cnn.com', 168, true);
insert into user (id, role_id, login, password, full_name, email, money, is_available) values (946, 2, 'mcarineq9', 'CQV4N3vMP', 'Mirna Carine', 'mcarineq9@samsung.com', 454, true);
insert into user (id, role_id, login, password, full_name, email, money, is_available) values (947, 2, 'asteggalsqa', 'bPuwUF7Mn5H', 'Aila Steggals', 'asteggalsqa@parallels.com', 203, false);
insert into user (id, role_id, login, password, full_name, email, money, is_available) values (948, 2, 'uhopkinsqb', 'blyWXows', 'Urbanus Hopkins', 'uhopkinsqb@paypal.com', 415, true);
insert into user (id, role_id, login, password, full_name, email, money, is_available) values (949, 2, 'wedridgeqc', 'uzQLRr', 'Way Edridge', 'wedridgeqc@weebly.com', 431, false);
insert into user (id, role_id, login, password, full_name, email, money, is_available) values (950, 2, 'tmordyqd', 'J98KSBCTWkl', 'Tabbatha Mordy', 'tmordyqd@disqus.com', 333, false);
insert into user (id, role_id, login, password, full_name, email, money, is_available) values (951, 2, 'jalphegeqe', '4OLpMNmJb', 'Jeth Alphege', 'jalphegeqe@123-reg.co.uk', 116, false);
insert into user (id, role_id, login, password, full_name, email, money, is_available) values (952, 2, 'ngarryqf', 'cVwKSvAN', 'Norrie Garry', 'ngarryqf@tumblr.com', 454, false);
insert into user (id, role_id, login, password, full_name, email, money, is_available) values (953, 2, 'imengoqg', 'z3F6PCYTC', 'Isadora Mengo', 'imengoqg@statcounter.com', 211, false);
insert into user (id, role_id, login, password, full_name, email, money, is_available) values (954, 2, 'heliezqh', 'XQKQix', 'Hewet Eliez', 'heliezqh@accuweather.com', 411, false);
insert into user (id, role_id, login, password, full_name, email, money, is_available) values (955, 2, 'estatenqi', 'ee9sGWDW90ce', 'Eddi Staten', 'estatenqi@t.co', 286, false);
insert into user (id, role_id, login, password, full_name, email, money, is_available) values (956, 2, 'esibbaldqj', '0ve6OKHH5F', 'Elmo Sibbald', 'esibbaldqj@squidoo.com', 226, true);
insert into user (id, role_id, login, password, full_name, email, money, is_available) values (957, 2, 'cmorstattqk', 'Yn4iT5Kn', 'Charin Morstatt', 'cmorstattqk@e-recht24.de', 244, false);
insert into user (id, role_id, login, password, full_name, email, money, is_available) values (958, 2, 'abocklerql', 'ZdIw4OWd8DH', 'Alida Bockler', 'abocklerql@epa.gov', 436, false);
insert into user (id, role_id, login, password, full_name, email, money, is_available) values (959, 2, 'ispriddleqm', '0N5sVl', 'Ira Spriddle', 'ispriddleqm@opera.com', 418, true);
insert into user (id, role_id, login, password, full_name, email, money, is_available) values (960, 2, 'csweatlandqn', 'Kc3sfke4VZV1', 'Chris Sweatland', 'csweatlandqn@gmpg.org', 258, true);
insert into user (id, role_id, login, password, full_name, email, money, is_available) values (961, 2, 'rbartkowiakqo', 'f1CdkiUbnoc', 'Roscoe Bartkowiak', 'rbartkowiakqo@bing.com', 487, true);
insert into user (id, role_id, login, password, full_name, email, money, is_available) values (962, 2, 'mjenninsqp', 'mOtDId', 'Melonie Jennins', 'mjenninsqp@gizmodo.com', 462, true);
insert into user (id, role_id, login, password, full_name, email, money, is_available) values (963, 2, 'slinnaneqq', 'CGFC3Oxps', 'Shandee Linnane', 'slinnaneqq@prnewswire.com', 241, false);
insert into user (id, role_id, login, password, full_name, email, money, is_available) values (964, 2, 'sbyfieldqr', 'v1uV4G', 'Slade Byfield', 'sbyfieldqr@elegantthemes.com', 290, false);
insert into user (id, role_id, login, password, full_name, email, money, is_available) values (965, 2, 'rzamoranoqs', '6Lv1gDdA', 'Ric Zamorano', 'rzamoranoqs@people.com.cn', 399, false);
insert into user (id, role_id, login, password, full_name, email, money, is_available) values (966, 2, 'pmunganeqt', 'JZ6ZKQr', 'Purcell Mungane', 'pmunganeqt@unblog.fr', 190, true);
insert into user (id, role_id, login, password, full_name, email, money, is_available) values (967, 2, 'pfothergillqu', 'iPv4vG', 'Petunia Fothergill', 'pfothergillqu@hc360.com', 486, true);
insert into user (id, role_id, login, password, full_name, email, money, is_available) values (968, 2, 'krodgersqv', 'q44gL95VwsTY', 'Kevan Rodgers', 'krodgersqv@youtube.com', 234, false);
insert into user (id, role_id, login, password, full_name, email, money, is_available) values (969, 2, 'tdeqw', 'zguyQr1ZVPOd', 'Trey de Clerq', 'tdeqw@adobe.com', 452, true);
insert into user (id, role_id, login, password, full_name, email, money, is_available) values (970, 2, 'irushworthqx', 'yFyUoD', 'Ignazio Rushworth', 'irushworthqx@msu.edu', 494, true);
insert into user (id, role_id, login, password, full_name, email, money, is_available) values (971, 2, 'tmatthessenqy', 'KDeRSPuc', 'Thorpe Matthessen', 'tmatthessenqy@wikimedia.org', 232, false);
insert into user (id, role_id, login, password, full_name, email, money, is_available) values (972, 2, 'awharmbyqz', 'tv2VhE42GeaH', 'Axel Wharmby', 'awharmbyqz@dagondesign.com', 191, false);
insert into user (id, role_id, login, password, full_name, email, money, is_available) values (973, 2, 'cmarkovichr0', '0LQzCJMjvI', 'Cobbie Markovich', 'cmarkovichr0@mlb.com', 296, false);
insert into user (id, role_id, login, password, full_name, email, money, is_available) values (974, 2, 'gswattonr1', 'gg5ZaDOFqoUb', 'Gert Swatton', 'gswattonr1@forbes.com', 318, true);
insert into user (id, role_id, login, password, full_name, email, money, is_available) values (975, 2, 'adepper2', 'ufmlb6q', 'Allys Deppe', 'adepper2@amazon.co.jp', 466, false);
insert into user (id, role_id, login, password, full_name, email, money, is_available) values (976, 2, 'ffeatonbyr3', 'sQv1ldz', 'Farlay Featonby', 'ffeatonbyr3@domainmarket.com', 107, true);
insert into user (id, role_id, login, password, full_name, email, money, is_available) values (977, 2, 'cvannarr4', '4cHOqm', 'Correy Vannar', 'cvannarr4@wufoo.com', 450, true);
insert into user (id, role_id, login, password, full_name, email, money, is_available) values (978, 2, 'lcalafater5', 'EWQZcJ2A', 'Lucille Calafate', 'lcalafater5@bloglines.com', 452, true);
insert into user (id, role_id, login, password, full_name, email, money, is_available) values (979, 2, 'acrasswellr6', 'uxJwM8sjo7Z', 'Antonin Crasswell', 'acrasswellr6@prnewswire.com', 373, true);
insert into user (id, role_id, login, password, full_name, email, money, is_available) values (980, 2, 'ocarvellr7', 'IGtECIxiG5j', 'Olivie Carvell', 'ocarvellr7@creativecommons.org', 102, false);
insert into user (id, role_id, login, password, full_name, email, money, is_available) values (981, 2, 'fsimmenr8', 'KMoo67Itn', 'Franklyn Simmen', 'fsimmenr8@cpanel.net', 117, false);
insert into user (id, role_id, login, password, full_name, email, money, is_available) values (982, 2, 'ahailsr9', 'AdLm7V', 'Alvan Hails', 'ahailsr9@ox.ac.uk', 139, true);
insert into user (id, role_id, login, password, full_name, email, money, is_available) values (983, 2, 'hharlockra', 'dri3HAq8Oui8', 'Hymie Harlock', 'hharlockra@chron.com', 488, true);
insert into user (id, role_id, login, password, full_name, email, money, is_available) values (984, 2, 'aclamperb', 'tGKP05WL3lyv', 'Adair Clampe', 'aclamperb@dailymotion.com', 404, false);
insert into user (id, role_id, login, password, full_name, email, money, is_available) values (985, 2, 'lbattaillerc', 'fZKHTkTAk2t', 'Leilah Battaille', 'lbattaillerc@vkontakte.ru', 147, false);
insert into user (id, role_id, login, password, full_name, email, money, is_available) values (986, 2, 'dsaundercockrd', 'T1DQaCsO', 'Dunstan Saundercock', 'dsaundercockrd@google.com', 408, false);
insert into user (id, role_id, login, password, full_name, email, money, is_available) values (987, 2, 'dharefootre', '4Ea7mF', 'Donny Harefoot', 'dharefootre@wordpress.com', 369, true);
insert into user (id, role_id, login, password, full_name, email, money, is_available) values (988, 2, 'mstaddonrf', 'ZjSNbYbA1P0v', 'Mariya Staddon', 'mstaddonrf@marriott.com', 364, false);
insert into user (id, role_id, login, password, full_name, email, money, is_available) values (989, 2, 'dmaccaheyrg', '7pGvDHh', 'Del MacCahey', 'dmaccaheyrg@de.vu', 253, false);
insert into user (id, role_id, login, password, full_name, email, money, is_available) values (990, 2, 'mpengilleyrh', 'vgfxNM', 'Melisande Pengilley', 'mpengilleyrh@hugedomains.com', 110, false);
insert into user (id, role_id, login, password, full_name, email, money, is_available) values (991, 2, 'dbrezlawri', '9Y8YCN', 'Dulcinea Brezlaw', 'dbrezlawri@usatoday.com', 124, false);
insert into user (id, role_id, login, password, full_name, email, money, is_available) values (992, 2, 'asleightholmrj', 'pFCe4GO1CKOr', 'Adina Sleightholm', 'asleightholmrj@soup.io', 494, true);
insert into user (id, role_id, login, password, full_name, email, money, is_available) values (993, 2, 'dmackettrk', 'vkAyCSSbe', 'Daisi Mackett', 'dmackettrk@google.pl', 233, false);
insert into user (id, role_id, login, password, full_name, email, money, is_available) values (994, 2, 'uivyrl', 'P1TwvS0xE', 'Ursuline Ivy', 'uivyrl@parallels.com', 437, false);
insert into user (id, role_id, login, password, full_name, email, money, is_available) values (995, 2, 'smcrm', 'jlPMYYga', 'Sheppard Mc Caughen', 'smcrm@aboutads.info', 452, false);
insert into user (id, role_id, login, password, full_name, email, money, is_available) values (996, 2, 'dhustingsrn', 'bu0RDDYE4jn', 'Dario Hustings', 'dhustingsrn@fc2.com', 343, false);
insert into user (id, role_id, login, password, full_name, email, money, is_available) values (997, 2, 'asalvatiro', 'Vuyx0gX6I', 'Ange Salvati', 'asalvatiro@freewebs.com', 460, false);
insert into user (id, role_id, login, password, full_name, email, money, is_available) values (998, 2, 'hjentgensrp', 'l0e8Ogoo9', 'Hershel Jentgens', 'hjentgensrp@51.la', 413, false);
insert into user (id, role_id, login, password, full_name, email, money, is_available) values (999, 2, 'asevernrq', 'S4K9euZ', 'Abbott Severn', 'asevernrq@google.fr', 120, true);
insert into user (id, role_id, login, password, full_name, email, money, is_available) values (1000, 2, 'mkeysrr', '5Kj83qW7', 'Marielle Keys', 'mkeysrr@washingtonpost.com', 424, false);


INSERT INTO payment_type VALUES (1,"refill");
INSERT INTO payment_type VALUES (2,"payment");
INSERT INTO payment_type VALUES (3,"refund");

insert into subscription (id, edition_id, subscription_start_date, subscription_end_date, user_id, is_paid) values (1, 184, '2020-01-13', '2020-12-06', 72, 1);
insert into subscription (id, edition_id, subscription_start_date, subscription_end_date, user_id, is_paid) values (2, 41, '2019-06-03', '2020-12-06', 428, 0);
insert into subscription (id, edition_id, subscription_start_date, subscription_end_date, user_id, is_paid) values (3, 386, '2019-06-08', '2020-07-25', 291, 1);
insert into subscription (id, edition_id, subscription_start_date, subscription_end_date, user_id, is_paid) values (4, 50, '2019-06-29', '2020-12-15', 143, 0);
insert into subscription (id, edition_id, subscription_start_date, subscription_end_date, user_id, is_paid) values (5, 572, '2019-08-29', '2020-05-19', 759, 1);
insert into subscription (id, edition_id, subscription_start_date, subscription_end_date, user_id, is_paid) values (6, 471, '2019-05-11', '2021-01-12', 475, 0);
insert into subscription (id, edition_id, subscription_start_date, subscription_end_date, user_id, is_paid) values (7, 131, '2020-01-13', '2020-04-08', 944, 1);
insert into subscription (id, edition_id, subscription_start_date, subscription_end_date, user_id, is_paid) values (8, 642, '2019-11-04', '2020-04-12', 15, 0);
insert into subscription (id, edition_id, subscription_start_date, subscription_end_date, user_id, is_paid) values (9, 647, '2019-06-16', '2020-07-07', 371, 1);
insert into subscription (id, edition_id, subscription_start_date, subscription_end_date, user_id, is_paid) values (10, 113, '2019-09-16', '2020-12-25', 317, 0);
insert into subscription (id, edition_id, subscription_start_date, subscription_end_date, user_id, is_paid) values (11, 534, '2019-09-10', '2020-12-25', 271, 1);
insert into subscription (id, edition_id, subscription_start_date, subscription_end_date, user_id, is_paid) values (12, 591, '2019-05-30', '2020-11-15', 470, 0);
insert into subscription (id, edition_id, subscription_start_date, subscription_end_date, user_id, is_paid) values (13, 700, '2019-06-25', '2020-11-11', 148, 1);
insert into subscription (id, edition_id, subscription_start_date, subscription_end_date, user_id, is_paid) values (14, 88, '2019-08-14', '2020-06-27', 567, 0);
insert into subscription (id, edition_id, subscription_start_date, subscription_end_date, user_id, is_paid) values (15, 595, '2019-03-13', '2020-09-15', 648, 1);
insert into subscription (id, edition_id, subscription_start_date, subscription_end_date, user_id, is_paid) values (16, 567, '2019-08-22', '2020-06-29', 537, 0);
insert into subscription (id, edition_id, subscription_start_date, subscription_end_date, user_id, is_paid) values (17, 551, '2019-07-27', '2021-02-11', 253, 1);
insert into subscription (id, edition_id, subscription_start_date, subscription_end_date, user_id, is_paid) values (18, 664, '2019-03-05', '2020-09-28', 759, 0);
insert into subscription (id, edition_id, subscription_start_date, subscription_end_date, user_id, is_paid) values (19, 313, '2019-06-04', '2021-01-22', 405, 1);
insert into subscription (id, edition_id, subscription_start_date, subscription_end_date, user_id, is_paid) values (20, 333, '2019-03-01', '2021-01-18', 905, 0);
insert into subscription (id, edition_id, subscription_start_date, subscription_end_date, user_id, is_paid) values (21, 163, '2019-11-10', '2020-08-13', 657, 1);
insert into subscription (id, edition_id, subscription_start_date, subscription_end_date, user_id, is_paid) values (22, 377, '2019-12-05', '2020-03-25', 774, 0);
insert into subscription (id, edition_id, subscription_start_date, subscription_end_date, user_id, is_paid) values (23, 705, '2019-10-04', '2020-07-12', 6, 1);
insert into subscription (id, edition_id, subscription_start_date, subscription_end_date, user_id, is_paid) values (24, 593, '2019-11-26', '2020-10-23', 342, 0);
insert into subscription (id, edition_id, subscription_start_date, subscription_end_date, user_id, is_paid) values (25, 729, '2019-08-27', '2020-06-12', 731, 1);
insert into subscription (id, edition_id, subscription_start_date, subscription_end_date, user_id, is_paid) values (26, 390, '2019-11-28', '2020-05-01', 343, 0);
insert into subscription (id, edition_id, subscription_start_date, subscription_end_date, user_id, is_paid) values (27, 396, '2019-08-23', '2020-08-03', 541, 1);
insert into subscription (id, edition_id, subscription_start_date, subscription_end_date, user_id, is_paid) values (28, 204, '2019-05-07', '2020-10-18', 932, 0);
insert into subscription (id, edition_id, subscription_start_date, subscription_end_date, user_id, is_paid) values (29, 647, '2019-03-08', '2020-08-14', 430, 1);
insert into subscription (id, edition_id, subscription_start_date, subscription_end_date, user_id, is_paid) values (30, 350, '2019-12-14', '2020-10-30', 916, 0);
insert into subscription (id, edition_id, subscription_start_date, subscription_end_date, user_id, is_paid) values (31, 201, '2019-11-16', '2020-12-06', 893, 1);
insert into subscription (id, edition_id, subscription_start_date, subscription_end_date, user_id, is_paid) values (32, 664, '2019-04-03', '2020-06-05', 266, 0);
insert into subscription (id, edition_id, subscription_start_date, subscription_end_date, user_id, is_paid) values (33, 639, '2019-12-15', '2020-06-05', 914, 1);
insert into subscription (id, edition_id, subscription_start_date, subscription_end_date, user_id, is_paid) values (34, 367, '2019-11-27', '2021-02-06', 260, 0);
insert into subscription (id, edition_id, subscription_start_date, subscription_end_date, user_id, is_paid) values (35, 68, '2019-07-11', '2020-12-17', 693, 1);
insert into subscription (id, edition_id, subscription_start_date, subscription_end_date, user_id, is_paid) values (36, 650, '2019-11-18', '2020-10-30', 783, 0);
insert into subscription (id, edition_id, subscription_start_date, subscription_end_date, user_id, is_paid) values (37, 204, '2019-09-27', '2020-08-24', 355, 1);
insert into subscription (id, edition_id, subscription_start_date, subscription_end_date, user_id, is_paid) values (38, 273, '2019-10-11', '2020-10-30', 766, 0);
insert into subscription (id, edition_id, subscription_start_date, subscription_end_date, user_id, is_paid) values (39, 389, '2019-04-01', '2020-04-17', 131, 1);
insert into subscription (id, edition_id, subscription_start_date, subscription_end_date, user_id, is_paid) values (40, 77, '2019-02-15', '2020-07-02', 595, 0);
insert into subscription (id, edition_id, subscription_start_date, subscription_end_date, user_id, is_paid) values (41, 650, '2019-03-13', '2020-06-30', 677, 1);
insert into subscription (id, edition_id, subscription_start_date, subscription_end_date, user_id, is_paid) values (42, 533, '2019-06-19', '2020-10-24', 382, 0);
insert into subscription (id, edition_id, subscription_start_date, subscription_end_date, user_id, is_paid) values (43, 472, '2019-03-13', '2020-07-29', 658, 1);
insert into subscription (id, edition_id, subscription_start_date, subscription_end_date, user_id, is_paid) values (44, 373, '2019-12-29', '2020-05-02', 996, 0);
insert into subscription (id, edition_id, subscription_start_date, subscription_end_date, user_id, is_paid) values (45, 418, '2019-09-17', '2020-08-15', 661, 1);
insert into subscription (id, edition_id, subscription_start_date, subscription_end_date, user_id, is_paid) values (46, 314, '2019-08-22', '2020-09-27', 811, 0);
insert into subscription (id, edition_id, subscription_start_date, subscription_end_date, user_id, is_paid) values (47, 206, '2019-05-11', '2020-11-23', 192, 1);
insert into subscription (id, edition_id, subscription_start_date, subscription_end_date, user_id, is_paid) values (48, 586, '2019-12-08', '2020-06-23', 960, 0);
insert into subscription (id, edition_id, subscription_start_date, subscription_end_date, user_id, is_paid) values (49, 334, '2019-11-17', '2020-09-09', 301, 1);
insert into subscription (id, edition_id, subscription_start_date, subscription_end_date, user_id, is_paid) values (50, 692, '2019-06-06', '2020-07-26', 7, 0);
insert into subscription (id, edition_id, subscription_start_date, subscription_end_date, user_id, is_paid) values (51, 254, '2019-05-14', '2021-01-01', 70, 1);
insert into subscription (id, edition_id, subscription_start_date, subscription_end_date, user_id, is_paid) values (52, 587, '2019-05-14', '2020-08-29', 784, 0);
insert into subscription (id, edition_id, subscription_start_date, subscription_end_date, user_id, is_paid) values (53, 508, '2019-08-09', '2020-12-14', 904, 1);
insert into subscription (id, edition_id, subscription_start_date, subscription_end_date, user_id, is_paid) values (54, 580, '2019-09-18', '2020-08-15', 287, 0);
insert into subscription (id, edition_id, subscription_start_date, subscription_end_date, user_id, is_paid) values (55, 580, '2019-11-13', '2020-07-08', 104, 1);
insert into subscription (id, edition_id, subscription_start_date, subscription_end_date, user_id, is_paid) values (56, 395, '2019-06-09', '2021-02-12', 812, 0);
insert into subscription (id, edition_id, subscription_start_date, subscription_end_date, user_id, is_paid) values (57, 238, '2019-06-25', '2020-06-01', 924, 1);
insert into subscription (id, edition_id, subscription_start_date, subscription_end_date, user_id, is_paid) values (58, 288, '2020-01-14', '2020-09-14', 138, 0);
insert into subscription (id, edition_id, subscription_start_date, subscription_end_date, user_id, is_paid) values (59, 286, '2019-10-17', '2020-05-14', 814, 1);
insert into subscription (id, edition_id, subscription_start_date, subscription_end_date, user_id, is_paid) values (60, 51, '2019-07-04', '2020-05-01', 755, 0);
insert into subscription (id, edition_id, subscription_start_date, subscription_end_date, user_id, is_paid) values (61, 653, '2019-07-25', '2021-01-12', 832, 1);
insert into subscription (id, edition_id, subscription_start_date, subscription_end_date, user_id, is_paid) values (62, 467, '2019-09-27', '2020-08-23', 100, 0);
insert into subscription (id, edition_id, subscription_start_date, subscription_end_date, user_id, is_paid) values (63, 472, '2019-05-04', '2020-11-25', 702, 1);
insert into subscription (id, edition_id, subscription_start_date, subscription_end_date, user_id, is_paid) values (64, 312, '2019-12-17', '2020-09-08', 780, 0);
insert into subscription (id, edition_id, subscription_start_date, subscription_end_date, user_id, is_paid) values (65, 548, '2019-07-16', '2020-09-14', 60, 1);
insert into subscription (id, edition_id, subscription_start_date, subscription_end_date, user_id, is_paid) values (66, 141, '2019-12-25', '2020-10-29', 699, 0);
insert into subscription (id, edition_id, subscription_start_date, subscription_end_date, user_id, is_paid) values (67, 259, '2019-12-01', '2020-11-03', 644, 1);
insert into subscription (id, edition_id, subscription_start_date, subscription_end_date, user_id, is_paid) values (68, 241, '2019-11-08', '2020-10-29', 796, 0);
insert into subscription (id, edition_id, subscription_start_date, subscription_end_date, user_id, is_paid) values (69, 385, '2019-11-07', '2020-03-23', 611, 1);
insert into subscription (id, edition_id, subscription_start_date, subscription_end_date, user_id, is_paid) values (70, 298, '2019-05-10', '2020-04-18', 920, 0);
insert into subscription (id, edition_id, subscription_start_date, subscription_end_date, user_id, is_paid) values (71, 417, '2019-06-07', '2020-03-28', 301, 1);
insert into subscription (id, edition_id, subscription_start_date, subscription_end_date, user_id, is_paid) values (72, 254, '2019-11-16', '2020-06-02', 148, 0);
insert into subscription (id, edition_id, subscription_start_date, subscription_end_date, user_id, is_paid) values (73, 657, '2019-12-26', '2020-08-20', 776, 1);
insert into subscription (id, edition_id, subscription_start_date, subscription_end_date, user_id, is_paid) values (74, 480, '2019-05-28', '2020-10-19', 176, 0);
insert into subscription (id, edition_id, subscription_start_date, subscription_end_date, user_id, is_paid) values (75, 463, '2019-11-22', '2020-10-16', 147, 1);
insert into subscription (id, edition_id, subscription_start_date, subscription_end_date, user_id, is_paid) values (76, 397, '2019-06-29', '2020-09-15', 66, 0);
insert into subscription (id, edition_id, subscription_start_date, subscription_end_date, user_id, is_paid) values (77, 284, '2019-05-24', '2020-05-11', 584, 1);
insert into subscription (id, edition_id, subscription_start_date, subscription_end_date, user_id, is_paid) values (78, 739, '2020-01-08', '2020-08-25', 979, 0);
insert into subscription (id, edition_id, subscription_start_date, subscription_end_date, user_id, is_paid) values (79, 123, '2019-11-08', '2021-01-08', 266, 1);
insert into subscription (id, edition_id, subscription_start_date, subscription_end_date, user_id, is_paid) values (80, 122, '2019-04-30', '2020-12-18', 562, 0);
insert into subscription (id, edition_id, subscription_start_date, subscription_end_date, user_id, is_paid) values (81, 305, '2019-03-09', '2021-02-14', 689, 1);
insert into subscription (id, edition_id, subscription_start_date, subscription_end_date, user_id, is_paid) values (82, 540, '2019-10-24', '2020-03-28', 778, 0);
insert into subscription (id, edition_id, subscription_start_date, subscription_end_date, user_id, is_paid) values (83, 356, '2019-07-12', '2020-09-28', 674, 1);
insert into subscription (id, edition_id, subscription_start_date, subscription_end_date, user_id, is_paid) values (84, 24, '2020-01-03', '2020-10-23', 632, 0);
insert into subscription (id, edition_id, subscription_start_date, subscription_end_date, user_id, is_paid) values (85, 367, '2019-12-08', '2021-01-01', 127, 1);
insert into subscription (id, edition_id, subscription_start_date, subscription_end_date, user_id, is_paid) values (86, 395, '2019-12-08', '2020-08-21', 211, 0);
insert into subscription (id, edition_id, subscription_start_date, subscription_end_date, user_id, is_paid) values (87, 319, '2019-05-13', '2020-09-13', 471, 1);
insert into subscription (id, edition_id, subscription_start_date, subscription_end_date, user_id, is_paid) values (88, 579, '2019-04-18', '2020-11-02', 408, 0);
insert into subscription (id, edition_id, subscription_start_date, subscription_end_date, user_id, is_paid) values (89, 328, '2019-12-06', '2021-01-26', 491, 1);
insert into subscription (id, edition_id, subscription_start_date, subscription_end_date, user_id, is_paid) values (90, 610, '2019-04-12', '2020-08-09', 121, 0);
insert into subscription (id, edition_id, subscription_start_date, subscription_end_date, user_id, is_paid) values (91, 261, '2019-08-05', '2020-09-13', 471, 1);
insert into subscription (id, edition_id, subscription_start_date, subscription_end_date, user_id, is_paid) values (92, 270, '2019-06-21', '2020-09-23', 976, 0);
insert into subscription (id, edition_id, subscription_start_date, subscription_end_date, user_id, is_paid) values (93, 308, '2019-12-23', '2020-07-11', 137, 1);
insert into subscription (id, edition_id, subscription_start_date, subscription_end_date, user_id, is_paid) values (94, 445, '2019-10-14', '2020-05-12', 769, 0);
insert into subscription (id, edition_id, subscription_start_date, subscription_end_date, user_id, is_paid) values (95, 539, '2019-12-09', '2020-11-25', 778, 1);
insert into subscription (id, edition_id, subscription_start_date, subscription_end_date, user_id, is_paid) values (96, 570, '2019-05-13', '2020-07-06', 837, 0);
insert into subscription (id, edition_id, subscription_start_date, subscription_end_date, user_id, is_paid) values (97, 556, '2019-04-14', '2020-08-14', 916, 1);
insert into subscription (id, edition_id, subscription_start_date, subscription_end_date, user_id, is_paid) values (98, 536, '2019-10-17', '2020-12-23', 56, 0);
insert into subscription (id, edition_id, subscription_start_date, subscription_end_date, user_id, is_paid) values (99, 110, '2019-04-17', '2020-04-03', 493, 1);
insert into subscription (id, edition_id, subscription_start_date, subscription_end_date, user_id, is_paid) values (100, 555, '2019-12-05', '2020-07-10', 494, 0);
insert into subscription (id, edition_id, subscription_start_date, subscription_end_date, user_id, is_paid) values (101, 398, '2019-10-15', '2020-04-05', 958, 1);
insert into subscription (id, edition_id, subscription_start_date, subscription_end_date, user_id, is_paid) values (102, 152, '2019-02-24', '2020-12-27', 438, 0);
insert into subscription (id, edition_id, subscription_start_date, subscription_end_date, user_id, is_paid) values (103, 72, '2019-04-25', '2021-02-05', 2, 1);
insert into subscription (id, edition_id, subscription_start_date, subscription_end_date, user_id, is_paid) values (104, 346, '2019-08-13', '2020-09-01', 223, 0);
insert into subscription (id, edition_id, subscription_start_date, subscription_end_date, user_id, is_paid) values (105, 302, '2019-04-17', '2020-07-02', 359, 1);
insert into subscription (id, edition_id, subscription_start_date, subscription_end_date, user_id, is_paid) values (106, 517, '2019-12-25', '2020-04-27', 178, 0);
insert into subscription (id, edition_id, subscription_start_date, subscription_end_date, user_id, is_paid) values (107, 501, '2019-07-05', '2020-11-23', 808, 1);
insert into subscription (id, edition_id, subscription_start_date, subscription_end_date, user_id, is_paid) values (108, 583, '2019-04-15', '2020-09-25', 171, 0);
insert into subscription (id, edition_id, subscription_start_date, subscription_end_date, user_id, is_paid) values (109, 224, '2019-08-12', '2020-12-17', 360, 1);
insert into subscription (id, edition_id, subscription_start_date, subscription_end_date, user_id, is_paid) values (110, 259, '2019-03-18', '2020-06-21', 718, 0);
insert into subscription (id, edition_id, subscription_start_date, subscription_end_date, user_id, is_paid) values (111, 172, '2019-03-30', '2021-02-06', 372, 1);
insert into subscription (id, edition_id, subscription_start_date, subscription_end_date, user_id, is_paid) values (112, 466, '2019-07-13', '2020-07-07', 998, 0);
insert into subscription (id, edition_id, subscription_start_date, subscription_end_date, user_id, is_paid) values (113, 638, '2019-10-21', '2021-02-03', 287, 1);
insert into subscription (id, edition_id, subscription_start_date, subscription_end_date, user_id, is_paid) values (114, 476, '2019-10-17', '2020-06-22', 107, 0);
insert into subscription (id, edition_id, subscription_start_date, subscription_end_date, user_id, is_paid) values (115, 23, '2019-06-09', '2020-04-27', 274, 1);
insert into subscription (id, edition_id, subscription_start_date, subscription_end_date, user_id, is_paid) values (116, 531, '2019-06-27', '2020-07-06', 409, 0);
insert into subscription (id, edition_id, subscription_start_date, subscription_end_date, user_id, is_paid) values (117, 275, '2019-04-21', '2020-03-25', 803, 1);
insert into subscription (id, edition_id, subscription_start_date, subscription_end_date, user_id, is_paid) values (118, 703, '2019-09-25', '2020-09-05', 303, 0);
insert into subscription (id, edition_id, subscription_start_date, subscription_end_date, user_id, is_paid) values (119, 552, '2019-09-22', '2020-04-02', 9, 1);
insert into subscription (id, edition_id, subscription_start_date, subscription_end_date, user_id, is_paid) values (120, 359, '2019-12-02', '2020-06-28', 90, 0);
insert into subscription (id, edition_id, subscription_start_date, subscription_end_date, user_id, is_paid) values (121, 155, '2019-10-30', '2020-07-18', 531, 1);
insert into subscription (id, edition_id, subscription_start_date, subscription_end_date, user_id, is_paid) values (122, 372, '2019-03-19', '2020-06-17', 321, 0);
insert into subscription (id, edition_id, subscription_start_date, subscription_end_date, user_id, is_paid) values (123, 230, '2019-08-11', '2020-08-09', 140, 1);
insert into subscription (id, edition_id, subscription_start_date, subscription_end_date, user_id, is_paid) values (124, 532, '2019-02-18', '2020-07-25', 739, 0);
insert into subscription (id, edition_id, subscription_start_date, subscription_end_date, user_id, is_paid) values (125, 420, '2019-10-16', '2020-09-23', 20, 1);
insert into subscription (id, edition_id, subscription_start_date, subscription_end_date, user_id, is_paid) values (126, 318, '2019-08-10', '2020-11-23', 463, 0);
insert into subscription (id, edition_id, subscription_start_date, subscription_end_date, user_id, is_paid) values (127, 579, '2019-06-02', '2021-01-29', 730, 1);
insert into subscription (id, edition_id, subscription_start_date, subscription_end_date, user_id, is_paid) values (128, 519, '2019-09-14', '2020-11-23', 544, 0);
insert into subscription (id, edition_id, subscription_start_date, subscription_end_date, user_id, is_paid) values (129, 266, '2019-05-26', '2020-04-07', 499, 1);
insert into subscription (id, edition_id, subscription_start_date, subscription_end_date, user_id, is_paid) values (130, 380, '2019-02-21', '2020-08-04', 498, 0);
insert into subscription (id, edition_id, subscription_start_date, subscription_end_date, user_id, is_paid) values (131, 565, '2019-09-11', '2020-11-01', 726, 1);
insert into subscription (id, edition_id, subscription_start_date, subscription_end_date, user_id, is_paid) values (132, 72, '2019-08-18', '2021-01-05', 768, 0);
insert into subscription (id, edition_id, subscription_start_date, subscription_end_date, user_id, is_paid) values (133, 634, '2019-12-05', '2020-12-14', 433, 1);
insert into subscription (id, edition_id, subscription_start_date, subscription_end_date, user_id, is_paid) values (134, 173, '2019-04-13', '2020-07-25', 403, 0);
insert into subscription (id, edition_id, subscription_start_date, subscription_end_date, user_id, is_paid) values (135, 266, '2019-03-11', '2020-06-03', 371, 1);
insert into subscription (id, edition_id, subscription_start_date, subscription_end_date, user_id, is_paid) values (136, 38, '2019-05-05', '2021-01-04', 245, 0);
insert into subscription (id, edition_id, subscription_start_date, subscription_end_date, user_id, is_paid) values (137, 704, '2019-03-27', '2020-06-13', 278, 1);
insert into subscription (id, edition_id, subscription_start_date, subscription_end_date, user_id, is_paid) values (138, 131, '2019-11-07', '2020-08-17', 204, 0);
insert into subscription (id, edition_id, subscription_start_date, subscription_end_date, user_id, is_paid) values (139, 630, '2019-08-17', '2020-12-20', 345, 1);
insert into subscription (id, edition_id, subscription_start_date, subscription_end_date, user_id, is_paid) values (140, 204, '2019-11-21', '2020-11-11', 186, 0);
insert into subscription (id, edition_id, subscription_start_date, subscription_end_date, user_id, is_paid) values (141, 432, '2019-12-31', '2020-11-07', 171, 1);
insert into subscription (id, edition_id, subscription_start_date, subscription_end_date, user_id, is_paid) values (142, 54, '2019-02-15', '2020-05-12', 918, 0);
insert into subscription (id, edition_id, subscription_start_date, subscription_end_date, user_id, is_paid) values (143, 402, '2019-03-04', '2020-11-05', 946, 1);
insert into subscription (id, edition_id, subscription_start_date, subscription_end_date, user_id, is_paid) values (144, 185, '2020-01-09', '2020-06-22', 232, 0);
insert into subscription (id, edition_id, subscription_start_date, subscription_end_date, user_id, is_paid) values (145, 326, '2019-05-18', '2020-04-07', 691, 1);
insert into subscription (id, edition_id, subscription_start_date, subscription_end_date, user_id, is_paid) values (146, 531, '2019-03-28', '2020-10-07', 401, 0);
insert into subscription (id, edition_id, subscription_start_date, subscription_end_date, user_id, is_paid) values (147, 299, '2019-08-08', '2020-03-22', 179, 1);
insert into subscription (id, edition_id, subscription_start_date, subscription_end_date, user_id, is_paid) values (148, 333, '2019-08-14', '2020-05-24', 933, 0);
insert into subscription (id, edition_id, subscription_start_date, subscription_end_date, user_id, is_paid) values (149, 707, '2019-05-07', '2020-05-06', 233, 1);
insert into subscription (id, edition_id, subscription_start_date, subscription_end_date, user_id, is_paid) values (150, 590, '2019-09-16', '2020-03-21', 2, 0);
insert into subscription (id, edition_id, subscription_start_date, subscription_end_date, user_id, is_paid) values (151, 402, '2019-12-14', '2020-07-09', 321, 1);
insert into subscription (id, edition_id, subscription_start_date, subscription_end_date, user_id, is_paid) values (152, 663, '2020-01-13', '2020-08-05', 475, 0);
insert into subscription (id, edition_id, subscription_start_date, subscription_end_date, user_id, is_paid) values (153, 334, '2019-09-17', '2020-09-26', 411, 1);
insert into subscription (id, edition_id, subscription_start_date, subscription_end_date, user_id, is_paid) values (154, 459, '2019-06-18', '2020-05-06', 276, 0);
insert into subscription (id, edition_id, subscription_start_date, subscription_end_date, user_id, is_paid) values (155, 369, '2019-05-16', '2020-12-26', 654, 1);
insert into subscription (id, edition_id, subscription_start_date, subscription_end_date, user_id, is_paid) values (156, 506, '2019-08-14', '2021-02-09', 182, 0);
insert into subscription (id, edition_id, subscription_start_date, subscription_end_date, user_id, is_paid) values (157, 694, '2019-08-04', '2020-05-12', 704, 1);
insert into subscription (id, edition_id, subscription_start_date, subscription_end_date, user_id, is_paid) values (158, 470, '2019-07-10', '2020-04-22', 736, 0);
insert into subscription (id, edition_id, subscription_start_date, subscription_end_date, user_id, is_paid) values (159, 195, '2019-05-15', '2020-05-13', 39, 1);
insert into subscription (id, edition_id, subscription_start_date, subscription_end_date, user_id, is_paid) values (160, 635, '2019-06-12', '2020-09-24', 392, 0);
insert into subscription (id, edition_id, subscription_start_date, subscription_end_date, user_id, is_paid) values (161, 674, '2019-09-22', '2020-04-29', 188, 1);
insert into subscription (id, edition_id, subscription_start_date, subscription_end_date, user_id, is_paid) values (162, 6, '2019-07-01', '2020-03-30', 597, 0);
insert into subscription (id, edition_id, subscription_start_date, subscription_end_date, user_id, is_paid) values (163, 151, '2019-10-04', '2020-09-16', 56, 1);
insert into subscription (id, edition_id, subscription_start_date, subscription_end_date, user_id, is_paid) values (164, 659, '2019-10-16', '2020-09-15', 331, 0);
insert into subscription (id, edition_id, subscription_start_date, subscription_end_date, user_id, is_paid) values (165, 148, '2019-06-06', '2020-08-07', 294, 1);
insert into subscription (id, edition_id, subscription_start_date, subscription_end_date, user_id, is_paid) values (166, 59, '2019-09-09', '2020-08-26', 50, 0);
insert into subscription (id, edition_id, subscription_start_date, subscription_end_date, user_id, is_paid) values (167, 439, '2019-10-16', '2020-04-18', 655, 1);
insert into subscription (id, edition_id, subscription_start_date, subscription_end_date, user_id, is_paid) values (168, 545, '2019-03-21', '2020-07-25', 824, 0);
insert into subscription (id, edition_id, subscription_start_date, subscription_end_date, user_id, is_paid) values (169, 330, '2019-09-26', '2020-04-03', 929, 1);
insert into subscription (id, edition_id, subscription_start_date, subscription_end_date, user_id, is_paid) values (170, 295, '2019-06-24', '2020-08-18', 941, 0);
insert into subscription (id, edition_id, subscription_start_date, subscription_end_date, user_id, is_paid) values (171, 278, '2020-01-10', '2020-12-06', 966, 1);
insert into subscription (id, edition_id, subscription_start_date, subscription_end_date, user_id, is_paid) values (172, 175, '2019-10-14', '2020-07-17', 672, 0);
insert into subscription (id, edition_id, subscription_start_date, subscription_end_date, user_id, is_paid) values (173, 637, '2019-10-21', '2020-08-27', 979, 1);
insert into subscription (id, edition_id, subscription_start_date, subscription_end_date, user_id, is_paid) values (174, 514, '2019-05-08', '2020-04-01', 405, 0);
insert into subscription (id, edition_id, subscription_start_date, subscription_end_date, user_id, is_paid) values (175, 151, '2019-08-21', '2020-07-23', 915, 1);
insert into subscription (id, edition_id, subscription_start_date, subscription_end_date, user_id, is_paid) values (176, 230, '2019-10-16', '2020-04-12', 127, 0);
insert into subscription (id, edition_id, subscription_start_date, subscription_end_date, user_id, is_paid) values (177, 326, '2019-03-28', '2020-10-27', 952, 1);
insert into subscription (id, edition_id, subscription_start_date, subscription_end_date, user_id, is_paid) values (178, 585, '2019-11-01', '2020-05-03', 851, 0);
insert into subscription (id, edition_id, subscription_start_date, subscription_end_date, user_id, is_paid) values (179, 485, '2019-08-10', '2020-06-23', 838, 1);
insert into subscription (id, edition_id, subscription_start_date, subscription_end_date, user_id, is_paid) values (180, 610, '2019-03-31', '2020-08-26', 935, 0);
insert into subscription (id, edition_id, subscription_start_date, subscription_end_date, user_id, is_paid) values (181, 329, '2019-03-05', '2020-08-23', 205, 1);
insert into subscription (id, edition_id, subscription_start_date, subscription_end_date, user_id, is_paid) values (182, 347, '2019-02-26', '2020-12-14', 316, 0);
insert into subscription (id, edition_id, subscription_start_date, subscription_end_date, user_id, is_paid) values (183, 567, '2019-05-28', '2020-08-13', 976, 1);
insert into subscription (id, edition_id, subscription_start_date, subscription_end_date, user_id, is_paid) values (184, 154, '2019-11-20', '2020-08-24', 962, 0);
insert into subscription (id, edition_id, subscription_start_date, subscription_end_date, user_id, is_paid) values (185, 166, '2019-06-17', '2020-09-28', 182, 1);
insert into subscription (id, edition_id, subscription_start_date, subscription_end_date, user_id, is_paid) values (186, 324, '2019-06-13', '2020-12-18', 719, 0);
insert into subscription (id, edition_id, subscription_start_date, subscription_end_date, user_id, is_paid) values (187, 19, '2019-04-30', '2021-01-05', 126, 1);
insert into subscription (id, edition_id, subscription_start_date, subscription_end_date, user_id, is_paid) values (188, 642, '2019-08-07', '2021-01-10', 164, 0);
insert into subscription (id, edition_id, subscription_start_date, subscription_end_date, user_id, is_paid) values (189, 690, '2019-09-26', '2021-01-20', 532, 1);
insert into subscription (id, edition_id, subscription_start_date, subscription_end_date, user_id, is_paid) values (190, 316, '2019-07-08', '2020-08-28', 655, 0);
insert into subscription (id, edition_id, subscription_start_date, subscription_end_date, user_id, is_paid) values (191, 135, '2019-03-07', '2021-02-06', 267, 1);
insert into subscription (id, edition_id, subscription_start_date, subscription_end_date, user_id, is_paid) values (192, 1, '2019-03-11', '2020-06-27', 90, 0);
insert into subscription (id, edition_id, subscription_start_date, subscription_end_date, user_id, is_paid) values (193, 550, '2019-03-05', '2020-11-15', 739, 1);
insert into subscription (id, edition_id, subscription_start_date, subscription_end_date, user_id, is_paid) values (194, 624, '2019-07-04', '2020-11-14', 722, 0);
insert into subscription (id, edition_id, subscription_start_date, subscription_end_date, user_id, is_paid) values (195, 595, '2019-06-03', '2020-10-05', 505, 1);
insert into subscription (id, edition_id, subscription_start_date, subscription_end_date, user_id, is_paid) values (196, 103, '2019-02-25', '2020-10-09', 844, 0);
insert into subscription (id, edition_id, subscription_start_date, subscription_end_date, user_id, is_paid) values (197, 506, '2019-10-03', '2020-07-27', 65, 1);
insert into subscription (id, edition_id, subscription_start_date, subscription_end_date, user_id, is_paid) values (198, 610, '2019-05-23', '2020-09-20', 266, 0);
insert into subscription (id, edition_id, subscription_start_date, subscription_end_date, user_id, is_paid) values (199, 284, '2019-04-11', '2020-12-03', 660, 1);
insert into subscription (id, edition_id, subscription_start_date, subscription_end_date, user_id, is_paid) values (200, 402, '2019-07-30', '2020-06-10', 754, 0);
insert into subscription (id, edition_id, subscription_start_date, subscription_end_date, user_id, is_paid) values (201, 537, '2019-04-22', '2020-08-30', 364, 1);
insert into subscription (id, edition_id, subscription_start_date, subscription_end_date, user_id, is_paid) values (202, 554, '2019-03-06', '2021-01-19', 8, 0);
insert into subscription (id, edition_id, subscription_start_date, subscription_end_date, user_id, is_paid) values (203, 103, '2019-03-31', '2021-01-30', 269, 1);
insert into subscription (id, edition_id, subscription_start_date, subscription_end_date, user_id, is_paid) values (204, 408, '2019-12-24', '2020-09-05', 775, 0);
insert into subscription (id, edition_id, subscription_start_date, subscription_end_date, user_id, is_paid) values (205, 639, '2019-02-24', '2020-03-30', 718, 1);
insert into subscription (id, edition_id, subscription_start_date, subscription_end_date, user_id, is_paid) values (206, 23, '2019-04-17', '2020-09-01', 524, 0);
insert into subscription (id, edition_id, subscription_start_date, subscription_end_date, user_id, is_paid) values (207, 103, '2019-06-13', '2020-11-24', 529, 1);
insert into subscription (id, edition_id, subscription_start_date, subscription_end_date, user_id, is_paid) values (208, 29, '2019-10-11', '2021-01-03', 676, 0);
insert into subscription (id, edition_id, subscription_start_date, subscription_end_date, user_id, is_paid) values (209, 320, '2019-08-15', '2020-08-21', 736, 1);
insert into subscription (id, edition_id, subscription_start_date, subscription_end_date, user_id, is_paid) values (210, 675, '2019-06-29', '2020-06-20', 263, 0);
insert into subscription (id, edition_id, subscription_start_date, subscription_end_date, user_id, is_paid) values (211, 266, '2019-09-28', '2020-07-09', 652, 1);
insert into subscription (id, edition_id, subscription_start_date, subscription_end_date, user_id, is_paid) values (212, 649, '2019-03-30', '2020-10-14', 462, 0);
insert into subscription (id, edition_id, subscription_start_date, subscription_end_date, user_id, is_paid) values (213, 231, '2019-12-24', '2020-05-26', 155, 1);
insert into subscription (id, edition_id, subscription_start_date, subscription_end_date, user_id, is_paid) values (214, 527, '2019-10-24', '2021-01-16', 405, 0);
insert into subscription (id, edition_id, subscription_start_date, subscription_end_date, user_id, is_paid) values (215, 625, '2019-05-18', '2021-02-03', 196, 1);
insert into subscription (id, edition_id, subscription_start_date, subscription_end_date, user_id, is_paid) values (216, 658, '2019-11-02', '2020-12-28', 226, 0);
insert into subscription (id, edition_id, subscription_start_date, subscription_end_date, user_id, is_paid) values (217, 625, '2019-05-30', '2020-08-31', 68, 1);
insert into subscription (id, edition_id, subscription_start_date, subscription_end_date, user_id, is_paid) values (218, 524, '2019-03-28', '2021-02-12', 789, 0);
insert into subscription (id, edition_id, subscription_start_date, subscription_end_date, user_id, is_paid) values (219, 703, '2019-02-19', '2020-07-05', 211, 1);
insert into subscription (id, edition_id, subscription_start_date, subscription_end_date, user_id, is_paid) values (220, 97, '2019-11-21', '2021-02-03', 159, 0);
insert into subscription (id, edition_id, subscription_start_date, subscription_end_date, user_id, is_paid) values (221, 50, '2019-05-09', '2020-05-16', 688, 1);
insert into subscription (id, edition_id, subscription_start_date, subscription_end_date, user_id, is_paid) values (222, 137, '2019-03-28', '2020-05-25', 920, 0);
insert into subscription (id, edition_id, subscription_start_date, subscription_end_date, user_id, is_paid) values (223, 77, '2019-03-11', '2020-11-01', 519, 1);
insert into subscription (id, edition_id, subscription_start_date, subscription_end_date, user_id, is_paid) values (224, 109, '2019-09-30', '2020-03-23', 496, 0);
insert into subscription (id, edition_id, subscription_start_date, subscription_end_date, user_id, is_paid) values (225, 547, '2019-07-02', '2020-03-30', 116, 1);
insert into subscription (id, edition_id, subscription_start_date, subscription_end_date, user_id, is_paid) values (226, 210, '2019-03-21', '2020-12-17', 441, 0);
insert into subscription (id, edition_id, subscription_start_date, subscription_end_date, user_id, is_paid) values (227, 101, '2019-03-19', '2020-09-24', 400, 1);
insert into subscription (id, edition_id, subscription_start_date, subscription_end_date, user_id, is_paid) values (228, 594, '2019-05-27', '2020-05-26', 909, 0);
insert into subscription (id, edition_id, subscription_start_date, subscription_end_date, user_id, is_paid) values (229, 146, '2019-09-18', '2021-01-18', 69, 1);
insert into subscription (id, edition_id, subscription_start_date, subscription_end_date, user_id, is_paid) values (230, 545, '2019-04-04', '2020-05-21', 716, 0);
insert into subscription (id, edition_id, subscription_start_date, subscription_end_date, user_id, is_paid) values (231, 269, '2019-08-13', '2020-04-20', 359, 1);
insert into subscription (id, edition_id, subscription_start_date, subscription_end_date, user_id, is_paid) values (232, 327, '2019-07-16', '2020-08-02', 734, 0);
insert into subscription (id, edition_id, subscription_start_date, subscription_end_date, user_id, is_paid) values (233, 369, '2019-09-02', '2021-01-15', 523, 1);
insert into subscription (id, edition_id, subscription_start_date, subscription_end_date, user_id, is_paid) values (234, 54, '2019-05-12', '2020-07-13', 99, 0);
insert into subscription (id, edition_id, subscription_start_date, subscription_end_date, user_id, is_paid) values (235, 364, '2019-11-22', '2020-06-10', 809, 1);
insert into subscription (id, edition_id, subscription_start_date, subscription_end_date, user_id, is_paid) values (236, 390, '2019-03-21', '2020-07-29', 868, 0);
insert into subscription (id, edition_id, subscription_start_date, subscription_end_date, user_id, is_paid) values (237, 132, '2019-03-16', '2020-11-13', 94, 1);
insert into subscription (id, edition_id, subscription_start_date, subscription_end_date, user_id, is_paid) values (238, 2, '2019-11-12', '2020-05-08', 701, 0);
insert into subscription (id, edition_id, subscription_start_date, subscription_end_date, user_id, is_paid) values (239, 442, '2019-03-13', '2020-09-14', 627, 1);
insert into subscription (id, edition_id, subscription_start_date, subscription_end_date, user_id, is_paid) values (240, 411, '2019-02-24', '2020-12-11', 611, 0);
insert into subscription (id, edition_id, subscription_start_date, subscription_end_date, user_id, is_paid) values (241, 544, '2019-06-07', '2020-12-02', 610, 1);
insert into subscription (id, edition_id, subscription_start_date, subscription_end_date, user_id, is_paid) values (242, 87, '2019-11-12', '2020-03-24', 336, 0);
insert into subscription (id, edition_id, subscription_start_date, subscription_end_date, user_id, is_paid) values (243, 496, '2019-09-18', '2020-07-08', 324, 1);
insert into subscription (id, edition_id, subscription_start_date, subscription_end_date, user_id, is_paid) values (244, 474, '2019-04-15', '2020-11-16', 862, 0);
insert into subscription (id, edition_id, subscription_start_date, subscription_end_date, user_id, is_paid) values (245, 590, '2019-03-01', '2021-02-12', 213, 1);
insert into subscription (id, edition_id, subscription_start_date, subscription_end_date, user_id, is_paid) values (246, 95, '2019-10-05', '2020-08-19', 542, 0);
insert into subscription (id, edition_id, subscription_start_date, subscription_end_date, user_id, is_paid) values (247, 68, '2019-04-07', '2020-09-24', 158, 1);
insert into subscription (id, edition_id, subscription_start_date, subscription_end_date, user_id, is_paid) values (248, 482, '2019-04-10', '2020-09-13', 51, 0);
insert into subscription (id, edition_id, subscription_start_date, subscription_end_date, user_id, is_paid) values (249, 694, '2019-07-17', '2020-08-06', 992, 1);
insert into subscription (id, edition_id, subscription_start_date, subscription_end_date, user_id, is_paid) values (250, 150, '2019-07-13', '2020-03-22', 563, 0);
insert into subscription (id, edition_id, subscription_start_date, subscription_end_date, user_id, is_paid) values (251, 49, '2019-06-09', '2020-09-07', 543, 1);
insert into subscription (id, edition_id, subscription_start_date, subscription_end_date, user_id, is_paid) values (252, 139, '2019-12-17', '2020-08-01', 83, 0);
insert into subscription (id, edition_id, subscription_start_date, subscription_end_date, user_id, is_paid) values (253, 352, '2019-10-03', '2020-10-30', 355, 1);
insert into subscription (id, edition_id, subscription_start_date, subscription_end_date, user_id, is_paid) values (254, 63, '2019-03-30', '2021-01-26', 733, 0);
insert into subscription (id, edition_id, subscription_start_date, subscription_end_date, user_id, is_paid) values (255, 466, '2020-01-08', '2020-06-19', 446, 1);
insert into subscription (id, edition_id, subscription_start_date, subscription_end_date, user_id, is_paid) values (256, 339, '2019-08-07', '2020-10-14', 471, 0);
insert into subscription (id, edition_id, subscription_start_date, subscription_end_date, user_id, is_paid) values (257, 232, '2019-04-15', '2020-07-21', 625, 1);
insert into subscription (id, edition_id, subscription_start_date, subscription_end_date, user_id, is_paid) values (258, 309, '2019-06-19', '2020-04-19', 348, 0);
insert into subscription (id, edition_id, subscription_start_date, subscription_end_date, user_id, is_paid) values (259, 235, '2019-03-08', '2020-12-01', 770, 1);
insert into subscription (id, edition_id, subscription_start_date, subscription_end_date, user_id, is_paid) values (260, 382, '2019-10-16', '2020-10-12', 826, 0);
insert into subscription (id, edition_id, subscription_start_date, subscription_end_date, user_id, is_paid) values (261, 418, '2019-10-10', '2020-08-05', 785, 1);
insert into subscription (id, edition_id, subscription_start_date, subscription_end_date, user_id, is_paid) values (262, 704, '2019-10-30', '2020-11-16', 24, 0);
insert into subscription (id, edition_id, subscription_start_date, subscription_end_date, user_id, is_paid) values (263, 654, '2019-03-24', '2020-11-14', 474, 1);
insert into subscription (id, edition_id, subscription_start_date, subscription_end_date, user_id, is_paid) values (264, 16, '2019-07-30', '2020-04-05', 938, 0);
insert into subscription (id, edition_id, subscription_start_date, subscription_end_date, user_id, is_paid) values (265, 139, '2019-05-01', '2020-09-19', 25, 1);
insert into subscription (id, edition_id, subscription_start_date, subscription_end_date, user_id, is_paid) values (266, 685, '2019-05-26', '2020-12-07', 629, 0);
insert into subscription (id, edition_id, subscription_start_date, subscription_end_date, user_id, is_paid) values (267, 83, '2019-07-03', '2020-07-07', 79, 1);
insert into subscription (id, edition_id, subscription_start_date, subscription_end_date, user_id, is_paid) values (268, 264, '2019-03-14', '2020-06-23', 155, 0);
insert into subscription (id, edition_id, subscription_start_date, subscription_end_date, user_id, is_paid) values (269, 126, '2019-11-29', '2020-08-29', 699, 1);
insert into subscription (id, edition_id, subscription_start_date, subscription_end_date, user_id, is_paid) values (270, 48, '2019-09-20', '2021-02-05', 771, 0);
insert into subscription (id, edition_id, subscription_start_date, subscription_end_date, user_id, is_paid) values (271, 391, '2019-11-30', '2020-06-12', 515, 1);
insert into subscription (id, edition_id, subscription_start_date, subscription_end_date, user_id, is_paid) values (272, 118, '2020-01-02', '2020-04-29', 89, 0);
insert into subscription (id, edition_id, subscription_start_date, subscription_end_date, user_id, is_paid) values (273, 554, '2019-11-05', '2020-10-02', 387, 1);
insert into subscription (id, edition_id, subscription_start_date, subscription_end_date, user_id, is_paid) values (274, 279, '2019-08-14', '2020-08-12', 338, 0);
insert into subscription (id, edition_id, subscription_start_date, subscription_end_date, user_id, is_paid) values (275, 137, '2019-04-07', '2020-12-05', 368, 1);
insert into subscription (id, edition_id, subscription_start_date, subscription_end_date, user_id, is_paid) values (276, 590, '2019-09-30', '2020-06-30', 277, 0);
insert into subscription (id, edition_id, subscription_start_date, subscription_end_date, user_id, is_paid) values (277, 174, '2019-04-24', '2020-05-06', 794, 1);
insert into subscription (id, edition_id, subscription_start_date, subscription_end_date, user_id, is_paid) values (278, 426, '2019-05-30', '2021-01-26', 399, 0);
insert into subscription (id, edition_id, subscription_start_date, subscription_end_date, user_id, is_paid) values (279, 458, '2019-09-21', '2020-08-02', 476, 1);
insert into subscription (id, edition_id, subscription_start_date, subscription_end_date, user_id, is_paid) values (280, 606, '2020-01-06', '2020-12-15', 408, 0);
insert into subscription (id, edition_id, subscription_start_date, subscription_end_date, user_id, is_paid) values (281, 326, '2019-03-24', '2020-11-06', 793, 1);
insert into subscription (id, edition_id, subscription_start_date, subscription_end_date, user_id, is_paid) values (282, 306, '2019-10-03', '2020-05-26', 491, 0);
insert into subscription (id, edition_id, subscription_start_date, subscription_end_date, user_id, is_paid) values (283, 572, '2019-04-24', '2020-10-11', 660, 1);
insert into subscription (id, edition_id, subscription_start_date, subscription_end_date, user_id, is_paid) values (284, 9, '2019-03-31', '2021-01-07', 588, 0);
insert into subscription (id, edition_id, subscription_start_date, subscription_end_date, user_id, is_paid) values (285, 449, '2019-12-05', '2020-12-15', 661, 1);
insert into subscription (id, edition_id, subscription_start_date, subscription_end_date, user_id, is_paid) values (286, 569, '2019-05-15', '2020-11-21', 389, 0);
insert into subscription (id, edition_id, subscription_start_date, subscription_end_date, user_id, is_paid) values (287, 632, '2019-03-16', '2020-09-23', 672, 1);
insert into subscription (id, edition_id, subscription_start_date, subscription_end_date, user_id, is_paid) values (288, 436, '2019-04-27', '2020-06-18', 895, 0);
insert into subscription (id, edition_id, subscription_start_date, subscription_end_date, user_id, is_paid) values (289, 56, '2020-01-04', '2020-03-23', 164, 1);
insert into subscription (id, edition_id, subscription_start_date, subscription_end_date, user_id, is_paid) values (290, 631, '2019-07-26', '2020-12-06', 905, 0);
insert into subscription (id, edition_id, subscription_start_date, subscription_end_date, user_id, is_paid) values (291, 462, '2019-11-08', '2020-05-18', 10, 1);
insert into subscription (id, edition_id, subscription_start_date, subscription_end_date, user_id, is_paid) values (292, 417, '2019-11-05', '2020-04-04', 810, 0);
insert into subscription (id, edition_id, subscription_start_date, subscription_end_date, user_id, is_paid) values (293, 192, '2019-02-15', '2020-08-07', 445, 1);
insert into subscription (id, edition_id, subscription_start_date, subscription_end_date, user_id, is_paid) values (294, 218, '2019-11-08', '2021-01-30', 253, 0);
insert into subscription (id, edition_id, subscription_start_date, subscription_end_date, user_id, is_paid) values (295, 326, '2019-12-05', '2020-06-11', 932, 1);
insert into subscription (id, edition_id, subscription_start_date, subscription_end_date, user_id, is_paid) values (296, 140, '2019-03-15', '2020-06-05', 225, 0);
insert into subscription (id, edition_id, subscription_start_date, subscription_end_date, user_id, is_paid) values (297, 324, '2019-10-10', '2020-06-13', 840, 1);
insert into subscription (id, edition_id, subscription_start_date, subscription_end_date, user_id, is_paid) values (298, 60, '2019-06-17', '2020-08-16', 641, 0);
insert into subscription (id, edition_id, subscription_start_date, subscription_end_date, user_id, is_paid) values (299, 164, '2019-09-17', '2020-07-02', 536, 1);
insert into subscription (id, edition_id, subscription_start_date, subscription_end_date, user_id, is_paid) values (300, 161, '2019-03-14', '2020-09-30', 36, 0);
insert into subscription (id, edition_id, subscription_start_date, subscription_end_date, user_id, is_paid) values (301, 459, '2019-05-04', '2021-02-13', 425, 1);
insert into subscription (id, edition_id, subscription_start_date, subscription_end_date, user_id, is_paid) values (302, 66, '2019-03-18', '2021-02-14', 728, 0);
insert into subscription (id, edition_id, subscription_start_date, subscription_end_date, user_id, is_paid) values (303, 201, '2019-05-08', '2020-07-09', 411, 1);
insert into subscription (id, edition_id, subscription_start_date, subscription_end_date, user_id, is_paid) values (304, 234, '2019-02-21', '2021-02-08', 284, 0);
insert into subscription (id, edition_id, subscription_start_date, subscription_end_date, user_id, is_paid) values (305, 115, '2019-04-03', '2020-11-08', 530, 1);
insert into subscription (id, edition_id, subscription_start_date, subscription_end_date, user_id, is_paid) values (306, 614, '2019-09-02', '2020-11-18', 264, 0);
insert into subscription (id, edition_id, subscription_start_date, subscription_end_date, user_id, is_paid) values (307, 694, '2019-03-17', '2020-04-22', 780, 1);
insert into subscription (id, edition_id, subscription_start_date, subscription_end_date, user_id, is_paid) values (308, 114, '2019-08-27', '2020-05-17', 855, 0);
insert into subscription (id, edition_id, subscription_start_date, subscription_end_date, user_id, is_paid) values (309, 103, '2019-03-11', '2020-09-08', 550, 1);
insert into subscription (id, edition_id, subscription_start_date, subscription_end_date, user_id, is_paid) values (310, 50, '2019-02-17', '2020-08-07', 384, 0);
insert into subscription (id, edition_id, subscription_start_date, subscription_end_date, user_id, is_paid) values (311, 513, '2019-07-24', '2020-08-03', 608, 1);
insert into subscription (id, edition_id, subscription_start_date, subscription_end_date, user_id, is_paid) values (312, 529, '2019-09-23', '2020-07-05', 862, 0);
insert into subscription (id, edition_id, subscription_start_date, subscription_end_date, user_id, is_paid) values (313, 73, '2019-06-27', '2020-12-06', 917, 1);
insert into subscription (id, edition_id, subscription_start_date, subscription_end_date, user_id, is_paid) values (314, 700, '2019-11-12', '2020-08-31', 570, 0);
insert into subscription (id, edition_id, subscription_start_date, subscription_end_date, user_id, is_paid) values (315, 695, '2019-05-24', '2020-09-12', 780, 1);
insert into subscription (id, edition_id, subscription_start_date, subscription_end_date, user_id, is_paid) values (316, 354, '2019-10-21', '2020-10-31', 455, 0);
insert into subscription (id, edition_id, subscription_start_date, subscription_end_date, user_id, is_paid) values (317, 390, '2019-06-10', '2020-11-09', 313, 1);
insert into subscription (id, edition_id, subscription_start_date, subscription_end_date, user_id, is_paid) values (318, 279, '2019-06-27', '2020-06-13', 755, 0);
insert into subscription (id, edition_id, subscription_start_date, subscription_end_date, user_id, is_paid) values (319, 331, '2019-12-06', '2020-04-28', 148, 1);
insert into subscription (id, edition_id, subscription_start_date, subscription_end_date, user_id, is_paid) values (320, 59, '2019-11-04', '2020-10-23', 843, 0);
insert into subscription (id, edition_id, subscription_start_date, subscription_end_date, user_id, is_paid) values (321, 471, '2019-11-28', '2020-04-29', 467, 1);
insert into subscription (id, edition_id, subscription_start_date, subscription_end_date, user_id, is_paid) values (322, 658, '2019-07-28', '2020-04-06', 938, 0);
insert into subscription (id, edition_id, subscription_start_date, subscription_end_date, user_id, is_paid) values (323, 551, '2019-06-08', '2020-06-16', 617, 1);
insert into subscription (id, edition_id, subscription_start_date, subscription_end_date, user_id, is_paid) values (324, 87, '2019-12-02', '2020-05-31', 284, 0);
insert into subscription (id, edition_id, subscription_start_date, subscription_end_date, user_id, is_paid) values (325, 384, '2019-07-22', '2020-09-26', 119, 1);
insert into subscription (id, edition_id, subscription_start_date, subscription_end_date, user_id, is_paid) values (326, 173, '2019-10-02', '2020-12-14', 883, 0);
insert into subscription (id, edition_id, subscription_start_date, subscription_end_date, user_id, is_paid) values (327, 694, '2019-08-11', '2021-01-05', 808, 1);
insert into subscription (id, edition_id, subscription_start_date, subscription_end_date, user_id, is_paid) values (328, 490, '2019-04-24', '2020-10-18', 783, 0);
insert into subscription (id, edition_id, subscription_start_date, subscription_end_date, user_id, is_paid) values (329, 94, '2020-01-04', '2020-04-11', 361, 1);
insert into subscription (id, edition_id, subscription_start_date, subscription_end_date, user_id, is_paid) values (330, 250, '2019-04-25', '2020-05-14', 414, 0);
insert into subscription (id, edition_id, subscription_start_date, subscription_end_date, user_id, is_paid) values (331, 8, '2019-10-10', '2020-11-29', 578, 1);
insert into subscription (id, edition_id, subscription_start_date, subscription_end_date, user_id, is_paid) values (332, 27, '2019-03-29', '2020-11-17', 113, 0);
insert into subscription (id, edition_id, subscription_start_date, subscription_end_date, user_id, is_paid) values (333, 114, '2020-01-05', '2020-07-04', 778, 1);
insert into subscription (id, edition_id, subscription_start_date, subscription_end_date, user_id, is_paid) values (334, 527, '2019-12-06', '2020-07-10', 818, 0);
insert into subscription (id, edition_id, subscription_start_date, subscription_end_date, user_id, is_paid) values (335, 662, '2019-07-25', '2020-05-25', 909, 1);
insert into subscription (id, edition_id, subscription_start_date, subscription_end_date, user_id, is_paid) values (336, 613, '2019-07-05', '2020-05-12', 295, 0);
insert into subscription (id, edition_id, subscription_start_date, subscription_end_date, user_id, is_paid) values (337, 129, '2020-01-05', '2020-11-05', 765, 1);
insert into subscription (id, edition_id, subscription_start_date, subscription_end_date, user_id, is_paid) values (338, 536, '2019-03-04', '2020-03-23', 996, 0);
insert into subscription (id, edition_id, subscription_start_date, subscription_end_date, user_id, is_paid) values (339, 233, '2019-07-16', '2020-09-15', 440, 1);
insert into subscription (id, edition_id, subscription_start_date, subscription_end_date, user_id, is_paid) values (340, 320, '2019-11-02', '2021-01-12', 532, 0);
insert into subscription (id, edition_id, subscription_start_date, subscription_end_date, user_id, is_paid) values (341, 113, '2019-07-25', '2020-06-13', 154, 1);
insert into subscription (id, edition_id, subscription_start_date, subscription_end_date, user_id, is_paid) values (342, 25, '2019-02-23', '2020-08-26', 117, 0);
insert into subscription (id, edition_id, subscription_start_date, subscription_end_date, user_id, is_paid) values (343, 43, '2019-10-29', '2020-12-04', 454, 1);
insert into subscription (id, edition_id, subscription_start_date, subscription_end_date, user_id, is_paid) values (344, 181, '2019-03-17', '2020-06-08', 897, 0);
insert into subscription (id, edition_id, subscription_start_date, subscription_end_date, user_id, is_paid) values (345, 713, '2019-08-31', '2020-09-02', 20, 1);
insert into subscription (id, edition_id, subscription_start_date, subscription_end_date, user_id, is_paid) values (346, 691, '2019-05-22', '2020-06-16', 93, 0);
insert into subscription (id, edition_id, subscription_start_date, subscription_end_date, user_id, is_paid) values (347, 263, '2019-11-25', '2020-05-18', 677, 1);
insert into subscription (id, edition_id, subscription_start_date, subscription_end_date, user_id, is_paid) values (348, 684, '2019-04-24', '2021-01-24', 361, 0);
insert into subscription (id, edition_id, subscription_start_date, subscription_end_date, user_id, is_paid) values (349, 484, '2019-04-12', '2020-09-07', 868, 1);
insert into subscription (id, edition_id, subscription_start_date, subscription_end_date, user_id, is_paid) values (350, 52, '2019-04-26', '2020-11-07', 94, 0);
insert into subscription (id, edition_id, subscription_start_date, subscription_end_date, user_id, is_paid) values (351, 453, '2019-05-13', '2020-12-01', 90, 1);
insert into subscription (id, edition_id, subscription_start_date, subscription_end_date, user_id, is_paid) values (352, 461, '2019-08-31', '2020-07-12', 518, 0);
insert into subscription (id, edition_id, subscription_start_date, subscription_end_date, user_id, is_paid) values (353, 722, '2019-07-07', '2020-07-27', 149, 1);
insert into subscription (id, edition_id, subscription_start_date, subscription_end_date, user_id, is_paid) values (354, 210, '2019-04-29', '2020-06-19', 696, 0);
insert into subscription (id, edition_id, subscription_start_date, subscription_end_date, user_id, is_paid) values (355, 212, '2019-06-15', '2020-12-23', 414, 1);
insert into subscription (id, edition_id, subscription_start_date, subscription_end_date, user_id, is_paid) values (356, 446, '2019-05-24', '2020-11-29', 553, 0);
insert into subscription (id, edition_id, subscription_start_date, subscription_end_date, user_id, is_paid) values (357, 554, '2019-06-11', '2020-10-01', 967, 1);
insert into subscription (id, edition_id, subscription_start_date, subscription_end_date, user_id, is_paid) values (358, 158, '2019-10-18', '2020-03-27', 446, 0);
insert into subscription (id, edition_id, subscription_start_date, subscription_end_date, user_id, is_paid) values (359, 63, '2019-12-02', '2020-07-08', 17, 1);
insert into subscription (id, edition_id, subscription_start_date, subscription_end_date, user_id, is_paid) values (360, 427, '2019-05-27', '2020-12-07', 326, 0);
insert into subscription (id, edition_id, subscription_start_date, subscription_end_date, user_id, is_paid) values (361, 637, '2019-10-03', '2021-01-01', 775, 1);
insert into subscription (id, edition_id, subscription_start_date, subscription_end_date, user_id, is_paid) values (362, 523, '2019-07-30', '2020-11-07', 75, 0);
insert into subscription (id, edition_id, subscription_start_date, subscription_end_date, user_id, is_paid) values (363, 728, '2019-04-27', '2020-04-24', 943, 1);
insert into subscription (id, edition_id, subscription_start_date, subscription_end_date, user_id, is_paid) values (364, 116, '2019-10-14', '2020-11-12', 900, 0);
insert into subscription (id, edition_id, subscription_start_date, subscription_end_date, user_id, is_paid) values (365, 415, '2019-05-11', '2020-12-29', 631, 1);
insert into subscription (id, edition_id, subscription_start_date, subscription_end_date, user_id, is_paid) values (366, 543, '2019-07-20', '2021-01-24', 312, 0);
insert into subscription (id, edition_id, subscription_start_date, subscription_end_date, user_id, is_paid) values (367, 105, '2019-04-11', '2020-10-31', 7, 1);
insert into subscription (id, edition_id, subscription_start_date, subscription_end_date, user_id, is_paid) values (368, 314, '2020-01-09', '2021-01-13', 224, 0);
insert into subscription (id, edition_id, subscription_start_date, subscription_end_date, user_id, is_paid) values (369, 76, '2019-04-26', '2020-04-08', 115, 1);
insert into subscription (id, edition_id, subscription_start_date, subscription_end_date, user_id, is_paid) values (370, 137, '2019-08-07', '2020-07-11', 639, 0);
insert into subscription (id, edition_id, subscription_start_date, subscription_end_date, user_id, is_paid) values (371, 301, '2019-12-28', '2020-09-26', 932, 1);
insert into subscription (id, edition_id, subscription_start_date, subscription_end_date, user_id, is_paid) values (372, 651, '2019-09-05', '2020-09-30', 558, 0);
insert into subscription (id, edition_id, subscription_start_date, subscription_end_date, user_id, is_paid) values (373, 669, '2019-04-23', '2020-05-14', 849, 1);
insert into subscription (id, edition_id, subscription_start_date, subscription_end_date, user_id, is_paid) values (374, 51, '2019-06-13', '2020-05-13', 216, 0);
insert into subscription (id, edition_id, subscription_start_date, subscription_end_date, user_id, is_paid) values (375, 273, '2019-06-13', '2020-09-03', 915, 1);
insert into subscription (id, edition_id, subscription_start_date, subscription_end_date, user_id, is_paid) values (376, 92, '2019-05-15', '2020-11-23', 432, 0);
insert into subscription (id, edition_id, subscription_start_date, subscription_end_date, user_id, is_paid) values (377, 498, '2020-01-13', '2021-01-26', 739, 1);
insert into subscription (id, edition_id, subscription_start_date, subscription_end_date, user_id, is_paid) values (378, 566, '2019-07-28', '2020-04-04', 404, 0);
insert into subscription (id, edition_id, subscription_start_date, subscription_end_date, user_id, is_paid) values (379, 43, '2019-09-14', '2020-12-30', 422, 1);
insert into subscription (id, edition_id, subscription_start_date, subscription_end_date, user_id, is_paid) values (380, 426, '2019-12-28', '2020-10-27', 772, 0);
insert into subscription (id, edition_id, subscription_start_date, subscription_end_date, user_id, is_paid) values (381, 575, '2019-10-29', '2020-07-30', 945, 1);
insert into subscription (id, edition_id, subscription_start_date, subscription_end_date, user_id, is_paid) values (382, 240, '2019-09-23', '2020-09-04', 78, 0);
insert into subscription (id, edition_id, subscription_start_date, subscription_end_date, user_id, is_paid) values (383, 459, '2019-10-23', '2020-09-19', 565, 1);
insert into subscription (id, edition_id, subscription_start_date, subscription_end_date, user_id, is_paid) values (384, 165, '2019-09-20', '2020-12-01', 530, 0);
insert into subscription (id, edition_id, subscription_start_date, subscription_end_date, user_id, is_paid) values (385, 618, '2019-09-13', '2020-06-20', 893, 1);
insert into subscription (id, edition_id, subscription_start_date, subscription_end_date, user_id, is_paid) values (386, 646, '2019-08-01', '2020-12-04', 210, 0);
insert into subscription (id, edition_id, subscription_start_date, subscription_end_date, user_id, is_paid) values (387, 551, '2019-06-11', '2020-07-15', 136, 1);
insert into subscription (id, edition_id, subscription_start_date, subscription_end_date, user_id, is_paid) values (388, 235, '2019-10-11', '2020-10-19', 36, 0);
insert into subscription (id, edition_id, subscription_start_date, subscription_end_date, user_id, is_paid) values (389, 347, '2019-09-05', '2020-09-30', 602, 1);
insert into subscription (id, edition_id, subscription_start_date, subscription_end_date, user_id, is_paid) values (390, 159, '2019-11-19', '2021-01-10', 319, 0);
insert into subscription (id, edition_id, subscription_start_date, subscription_end_date, user_id, is_paid) values (391, 652, '2020-01-09', '2021-02-04', 787, 1);
insert into subscription (id, edition_id, subscription_start_date, subscription_end_date, user_id, is_paid) values (392, 732, '2019-08-13', '2020-09-29', 368, 0);
insert into subscription (id, edition_id, subscription_start_date, subscription_end_date, user_id, is_paid) values (393, 282, '2019-11-16', '2020-08-22', 21, 1);
insert into subscription (id, edition_id, subscription_start_date, subscription_end_date, user_id, is_paid) values (394, 498, '2019-12-28', '2020-04-27', 384, 0);
insert into subscription (id, edition_id, subscription_start_date, subscription_end_date, user_id, is_paid) values (395, 317, '2019-06-30', '2020-09-06', 956, 1);
insert into subscription (id, edition_id, subscription_start_date, subscription_end_date, user_id, is_paid) values (396, 199, '2019-12-06', '2020-09-27', 598, 0);
insert into subscription (id, edition_id, subscription_start_date, subscription_end_date, user_id, is_paid) values (397, 21, '2019-02-24', '2020-03-24', 302, 1);
insert into subscription (id, edition_id, subscription_start_date, subscription_end_date, user_id, is_paid) values (398, 409, '2019-07-02', '2020-12-12', 284, 0);
insert into subscription (id, edition_id, subscription_start_date, subscription_end_date, user_id, is_paid) values (399, 502, '2019-12-31', '2020-03-26', 320, 1);
insert into subscription (id, edition_id, subscription_start_date, subscription_end_date, user_id, is_paid) values (400, 66, '2019-08-24', '2020-11-10', 442, 0);
insert into subscription (id, edition_id, subscription_start_date, subscription_end_date, user_id, is_paid) values (401, 413, '2019-12-01', '2020-04-22', 537, 1);
insert into subscription (id, edition_id, subscription_start_date, subscription_end_date, user_id, is_paid) values (402, 140, '2019-11-09', '2020-10-09', 272, 0);
insert into subscription (id, edition_id, subscription_start_date, subscription_end_date, user_id, is_paid) values (403, 616, '2019-05-25', '2020-12-23', 89, 1);
insert into subscription (id, edition_id, subscription_start_date, subscription_end_date, user_id, is_paid) values (404, 680, '2019-05-19', '2020-04-08', 336, 0);
insert into subscription (id, edition_id, subscription_start_date, subscription_end_date, user_id, is_paid) values (405, 445, '2019-12-21', '2020-10-06', 948, 1);
insert into subscription (id, edition_id, subscription_start_date, subscription_end_date, user_id, is_paid) values (406, 148, '2019-04-19', '2020-04-13', 718, 0);
insert into subscription (id, edition_id, subscription_start_date, subscription_end_date, user_id, is_paid) values (407, 737, '2019-05-08', '2020-08-04', 357, 1);
insert into subscription (id, edition_id, subscription_start_date, subscription_end_date, user_id, is_paid) values (408, 249, '2019-11-13', '2020-09-21', 678, 0);
insert into subscription (id, edition_id, subscription_start_date, subscription_end_date, user_id, is_paid) values (409, 203, '2019-11-26', '2021-01-05', 7, 1);
insert into subscription (id, edition_id, subscription_start_date, subscription_end_date, user_id, is_paid) values (410, 439, '2019-11-07', '2021-02-14', 999, 0);
insert into subscription (id, edition_id, subscription_start_date, subscription_end_date, user_id, is_paid) values (411, 7, '2019-08-06', '2020-11-25', 233, 1);
insert into subscription (id, edition_id, subscription_start_date, subscription_end_date, user_id, is_paid) values (412, 465, '2019-07-08', '2020-04-29', 390, 0);
insert into subscription (id, edition_id, subscription_start_date, subscription_end_date, user_id, is_paid) values (413, 672, '2020-01-06', '2020-06-10', 986, 1);
insert into subscription (id, edition_id, subscription_start_date, subscription_end_date, user_id, is_paid) values (414, 592, '2019-11-21', '2020-06-22', 492, 0);
insert into subscription (id, edition_id, subscription_start_date, subscription_end_date, user_id, is_paid) values (415, 288, '2019-05-28', '2020-10-19', 792, 1);
insert into subscription (id, edition_id, subscription_start_date, subscription_end_date, user_id, is_paid) values (416, 271, '2019-09-29', '2020-07-04', 845, 0);
insert into subscription (id, edition_id, subscription_start_date, subscription_end_date, user_id, is_paid) values (417, 19, '2020-01-12', '2020-05-28', 415, 1);
insert into subscription (id, edition_id, subscription_start_date, subscription_end_date, user_id, is_paid) values (418, 72, '2019-11-08', '2021-02-08', 616, 0);
insert into subscription (id, edition_id, subscription_start_date, subscription_end_date, user_id, is_paid) values (419, 130, '2019-04-26', '2020-08-20', 687, 1);
insert into subscription (id, edition_id, subscription_start_date, subscription_end_date, user_id, is_paid) values (420, 221, '2019-05-22', '2021-01-29', 574, 0);
insert into subscription (id, edition_id, subscription_start_date, subscription_end_date, user_id, is_paid) values (421, 340, '2019-03-11', '2020-12-24', 825, 1);
insert into subscription (id, edition_id, subscription_start_date, subscription_end_date, user_id, is_paid) values (422, 440, '2019-10-23', '2020-12-16', 625, 0);
insert into subscription (id, edition_id, subscription_start_date, subscription_end_date, user_id, is_paid) values (423, 505, '2019-05-03', '2020-05-03', 251, 1);
insert into subscription (id, edition_id, subscription_start_date, subscription_end_date, user_id, is_paid) values (424, 205, '2019-07-22', '2020-07-03', 514, 0);
insert into subscription (id, edition_id, subscription_start_date, subscription_end_date, user_id, is_paid) values (425, 262, '2019-08-05', '2021-01-19', 252, 1);
insert into subscription (id, edition_id, subscription_start_date, subscription_end_date, user_id, is_paid) values (426, 488, '2019-10-20', '2020-10-30', 354, 0);
insert into subscription (id, edition_id, subscription_start_date, subscription_end_date, user_id, is_paid) values (427, 160, '2019-11-24', '2020-12-06', 543, 1);
insert into subscription (id, edition_id, subscription_start_date, subscription_end_date, user_id, is_paid) values (428, 46, '2019-02-28', '2020-06-05', 47, 0);
insert into subscription (id, edition_id, subscription_start_date, subscription_end_date, user_id, is_paid) values (429, 497, '2019-06-11', '2021-01-26', 157, 1);
insert into subscription (id, edition_id, subscription_start_date, subscription_end_date, user_id, is_paid) values (430, 22, '2019-04-22', '2020-12-21', 860, 0);
insert into subscription (id, edition_id, subscription_start_date, subscription_end_date, user_id, is_paid) values (431, 304, '2019-02-27', '2020-09-22', 365, 1);
insert into subscription (id, edition_id, subscription_start_date, subscription_end_date, user_id, is_paid) values (432, 386, '2019-07-12', '2020-12-21', 974, 0);
insert into subscription (id, edition_id, subscription_start_date, subscription_end_date, user_id, is_paid) values (433, 482, '2019-09-01', '2020-11-18', 625, 1);
insert into subscription (id, edition_id, subscription_start_date, subscription_end_date, user_id, is_paid) values (434, 1, '2019-06-19', '2020-07-07', 624, 0);
insert into subscription (id, edition_id, subscription_start_date, subscription_end_date, user_id, is_paid) values (435, 333, '2019-05-30', '2021-01-02', 402, 1);
insert into subscription (id, edition_id, subscription_start_date, subscription_end_date, user_id, is_paid) values (436, 405, '2019-03-07', '2020-07-17', 51, 0);
insert into subscription (id, edition_id, subscription_start_date, subscription_end_date, user_id, is_paid) values (437, 546, '2019-09-27', '2020-04-07', 573, 1);
insert into subscription (id, edition_id, subscription_start_date, subscription_end_date, user_id, is_paid) values (438, 438, '2019-07-02', '2020-09-25', 792, 0);
insert into subscription (id, edition_id, subscription_start_date, subscription_end_date, user_id, is_paid) values (439, 204, '2019-03-12', '2020-11-24', 354, 1);
insert into subscription (id, edition_id, subscription_start_date, subscription_end_date, user_id, is_paid) values (440, 574, '2019-09-22', '2020-03-28', 640, 0);
insert into subscription (id, edition_id, subscription_start_date, subscription_end_date, user_id, is_paid) values (441, 334, '2019-10-30', '2020-07-28', 755, 1);
insert into subscription (id, edition_id, subscription_start_date, subscription_end_date, user_id, is_paid) values (442, 302, '2019-08-12', '2020-10-06', 879, 0);
insert into subscription (id, edition_id, subscription_start_date, subscription_end_date, user_id, is_paid) values (443, 692, '2019-09-18', '2020-09-26', 750, 1);
insert into subscription (id, edition_id, subscription_start_date, subscription_end_date, user_id, is_paid) values (444, 195, '2019-05-01', '2021-01-10', 162, 0);
insert into subscription (id, edition_id, subscription_start_date, subscription_end_date, user_id, is_paid) values (445, 238, '2019-07-06', '2020-05-08', 644, 1);
insert into subscription (id, edition_id, subscription_start_date, subscription_end_date, user_id, is_paid) values (446, 532, '2019-08-09', '2020-04-13', 901, 0);
insert into subscription (id, edition_id, subscription_start_date, subscription_end_date, user_id, is_paid) values (447, 645, '2019-07-08', '2020-06-15', 467, 1);
insert into subscription (id, edition_id, subscription_start_date, subscription_end_date, user_id, is_paid) values (448, 247, '2019-09-15', '2020-05-04', 507, 0);
insert into subscription (id, edition_id, subscription_start_date, subscription_end_date, user_id, is_paid) values (449, 10, '2019-11-23', '2020-05-22', 934, 1);
insert into subscription (id, edition_id, subscription_start_date, subscription_end_date, user_id, is_paid) values (450, 631, '2019-02-17', '2020-10-23', 398, 0);
insert into subscription (id, edition_id, subscription_start_date, subscription_end_date, user_id, is_paid) values (451, 210, '2019-06-23', '2020-07-15', 480, 1);
insert into subscription (id, edition_id, subscription_start_date, subscription_end_date, user_id, is_paid) values (452, 721, '2019-04-28', '2020-07-18', 480, 0);
insert into subscription (id, edition_id, subscription_start_date, subscription_end_date, user_id, is_paid) values (453, 69, '2019-12-03', '2021-01-02', 264, 1);
insert into subscription (id, edition_id, subscription_start_date, subscription_end_date, user_id, is_paid) values (454, 716, '2019-08-19', '2021-02-01', 358, 0);
insert into subscription (id, edition_id, subscription_start_date, subscription_end_date, user_id, is_paid) values (455, 552, '2019-03-21', '2021-02-12', 971, 1);
insert into subscription (id, edition_id, subscription_start_date, subscription_end_date, user_id, is_paid) values (456, 313, '2019-12-25', '2020-11-21', 316, 0);
insert into subscription (id, edition_id, subscription_start_date, subscription_end_date, user_id, is_paid) values (457, 86, '2019-02-15', '2020-09-10', 256, 1);
insert into subscription (id, edition_id, subscription_start_date, subscription_end_date, user_id, is_paid) values (458, 369, '2019-09-07', '2020-05-01', 514, 0);
insert into subscription (id, edition_id, subscription_start_date, subscription_end_date, user_id, is_paid) values (459, 570, '2019-05-18', '2020-12-28', 992, 1);
insert into subscription (id, edition_id, subscription_start_date, subscription_end_date, user_id, is_paid) values (460, 203, '2019-12-10', '2020-12-28', 5, 0);
insert into subscription (id, edition_id, subscription_start_date, subscription_end_date, user_id, is_paid) values (461, 664, '2019-07-19', '2021-01-16', 115, 1);
insert into subscription (id, edition_id, subscription_start_date, subscription_end_date, user_id, is_paid) values (462, 228, '2019-06-18', '2020-07-10', 737, 0);
insert into subscription (id, edition_id, subscription_start_date, subscription_end_date, user_id, is_paid) values (463, 294, '2019-10-17', '2021-01-10', 620, 1);
insert into subscription (id, edition_id, subscription_start_date, subscription_end_date, user_id, is_paid) values (464, 199, '2019-09-26', '2020-06-22', 982, 0);
insert into subscription (id, edition_id, subscription_start_date, subscription_end_date, user_id, is_paid) values (465, 122, '2019-05-13', '2020-06-07', 591, 1);
insert into subscription (id, edition_id, subscription_start_date, subscription_end_date, user_id, is_paid) values (466, 157, '2019-11-17', '2021-02-14', 373, 0);
insert into subscription (id, edition_id, subscription_start_date, subscription_end_date, user_id, is_paid) values (467, 261, '2019-07-05', '2020-05-30', 906, 1);
insert into subscription (id, edition_id, subscription_start_date, subscription_end_date, user_id, is_paid) values (468, 169, '2019-09-13', '2020-12-24', 317, 0);
insert into subscription (id, edition_id, subscription_start_date, subscription_end_date, user_id, is_paid) values (469, 415, '2019-05-21', '2020-10-06', 771, 1);
insert into subscription (id, edition_id, subscription_start_date, subscription_end_date, user_id, is_paid) values (470, 197, '2019-12-20', '2020-12-15', 900, 0);
insert into subscription (id, edition_id, subscription_start_date, subscription_end_date, user_id, is_paid) values (471, 520, '2019-04-07', '2020-08-21', 960, 1);
insert into subscription (id, edition_id, subscription_start_date, subscription_end_date, user_id, is_paid) values (472, 383, '2019-10-27', '2020-07-11', 874, 0);
insert into subscription (id, edition_id, subscription_start_date, subscription_end_date, user_id, is_paid) values (473, 184, '2019-06-29', '2020-09-06', 141, 1);
insert into subscription (id, edition_id, subscription_start_date, subscription_end_date, user_id, is_paid) values (474, 36, '2019-05-28', '2020-10-27', 395, 0);
insert into subscription (id, edition_id, subscription_start_date, subscription_end_date, user_id, is_paid) values (475, 217, '2019-06-24', '2020-04-23', 212, 1);
insert into subscription (id, edition_id, subscription_start_date, subscription_end_date, user_id, is_paid) values (476, 3, '2019-09-02', '2020-10-05', 579, 0);
insert into subscription (id, edition_id, subscription_start_date, subscription_end_date, user_id, is_paid) values (477, 665, '2019-06-01', '2020-04-03', 407, 1);
insert into subscription (id, edition_id, subscription_start_date, subscription_end_date, user_id, is_paid) values (478, 631, '2019-04-03', '2020-04-28', 862, 0);
insert into subscription (id, edition_id, subscription_start_date, subscription_end_date, user_id, is_paid) values (479, 656, '2019-07-11', '2020-11-06', 924, 1);
insert into subscription (id, edition_id, subscription_start_date, subscription_end_date, user_id, is_paid) values (480, 636, '2019-12-16', '2020-05-24', 464, 0);
insert into subscription (id, edition_id, subscription_start_date, subscription_end_date, user_id, is_paid) values (481, 251, '2019-08-10', '2020-10-07', 629, 1);
insert into subscription (id, edition_id, subscription_start_date, subscription_end_date, user_id, is_paid) values (482, 732, '2019-07-27', '2020-04-07', 876, 0);
insert into subscription (id, edition_id, subscription_start_date, subscription_end_date, user_id, is_paid) values (483, 456, '2019-03-05', '2020-12-19', 786, 1);
insert into subscription (id, edition_id, subscription_start_date, subscription_end_date, user_id, is_paid) values (484, 163, '2019-04-25', '2020-06-15', 899, 0);
insert into subscription (id, edition_id, subscription_start_date, subscription_end_date, user_id, is_paid) values (485, 544, '2019-12-08', '2020-11-13', 678, 1);
insert into subscription (id, edition_id, subscription_start_date, subscription_end_date, user_id, is_paid) values (486, 737, '2019-05-15', '2020-09-22', 817, 0);
insert into subscription (id, edition_id, subscription_start_date, subscription_end_date, user_id, is_paid) values (487, 345, '2019-11-02', '2020-04-02', 457, 1);
insert into subscription (id, edition_id, subscription_start_date, subscription_end_date, user_id, is_paid) values (488, 33, '2019-10-21', '2020-03-21', 114, 0);
insert into subscription (id, edition_id, subscription_start_date, subscription_end_date, user_id, is_paid) values (489, 657, '2019-11-25', '2020-10-30', 386, 1);
insert into subscription (id, edition_id, subscription_start_date, subscription_end_date, user_id, is_paid) values (490, 685, '2019-12-10', '2020-12-11', 233, 0);
insert into subscription (id, edition_id, subscription_start_date, subscription_end_date, user_id, is_paid) values (491, 144, '2019-02-25', '2020-08-07', 637, 1);
insert into subscription (id, edition_id, subscription_start_date, subscription_end_date, user_id, is_paid) values (492, 348, '2019-08-16', '2020-06-20', 336, 0);
insert into subscription (id, edition_id, subscription_start_date, subscription_end_date, user_id, is_paid) values (493, 605, '2019-04-24', '2020-03-26', 585, 1);
insert into subscription (id, edition_id, subscription_start_date, subscription_end_date, user_id, is_paid) values (494, 542, '2019-02-27', '2020-07-26', 483, 0);
insert into subscription (id, edition_id, subscription_start_date, subscription_end_date, user_id, is_paid) values (495, 139, '2019-09-23', '2020-04-17', 325, 1);
insert into subscription (id, edition_id, subscription_start_date, subscription_end_date, user_id, is_paid) values (496, 273, '2019-11-26', '2020-07-15', 600, 0);
insert into subscription (id, edition_id, subscription_start_date, subscription_end_date, user_id, is_paid) values (497, 395, '2019-10-07', '2020-12-07', 983, 1);
insert into subscription (id, edition_id, subscription_start_date, subscription_end_date, user_id, is_paid) values (498, 288, '2019-02-27', '2020-04-21', 606, 0);
insert into subscription (id, edition_id, subscription_start_date, subscription_end_date, user_id, is_paid) values (499, 601, '2019-08-27', '2020-09-27', 448, 1);
insert into subscription (id, edition_id, subscription_start_date, subscription_end_date, user_id, is_paid) values (500, 443, '2019-08-15', '2021-01-16', 543, 0);
insert into subscription (id, edition_id, subscription_start_date, subscription_end_date, user_id, is_paid) values (501, 63, '2020-01-05', '2020-11-24', 935, 1);
insert into subscription (id, edition_id, subscription_start_date, subscription_end_date, user_id, is_paid) values (502, 296, '2019-10-16', '2020-03-18', 419, 0);
insert into subscription (id, edition_id, subscription_start_date, subscription_end_date, user_id, is_paid) values (503, 655, '2019-04-19', '2020-10-09', 311, 1);
insert into subscription (id, edition_id, subscription_start_date, subscription_end_date, user_id, is_paid) values (504, 184, '2019-09-28', '2021-02-03', 982, 0);
insert into subscription (id, edition_id, subscription_start_date, subscription_end_date, user_id, is_paid) values (505, 119, '2019-08-28', '2020-07-09', 75, 1);
insert into subscription (id, edition_id, subscription_start_date, subscription_end_date, user_id, is_paid) values (506, 102, '2019-12-13', '2020-12-11', 199, 0);
insert into subscription (id, edition_id, subscription_start_date, subscription_end_date, user_id, is_paid) values (507, 667, '2019-02-15', '2021-02-08', 547, 1);
insert into subscription (id, edition_id, subscription_start_date, subscription_end_date, user_id, is_paid) values (508, 263, '2019-04-13', '2021-02-02', 320, 0);
insert into subscription (id, edition_id, subscription_start_date, subscription_end_date, user_id, is_paid) values (509, 671, '2019-09-06', '2020-09-30', 776, 1);
insert into subscription (id, edition_id, subscription_start_date, subscription_end_date, user_id, is_paid) values (510, 516, '2019-06-25', '2020-10-11', 547, 0);
insert into subscription (id, edition_id, subscription_start_date, subscription_end_date, user_id, is_paid) values (511, 523, '2019-04-01', '2020-06-21', 28, 1);
insert into subscription (id, edition_id, subscription_start_date, subscription_end_date, user_id, is_paid) values (512, 316, '2019-04-09', '2020-08-05', 171, 0);
insert into subscription (id, edition_id, subscription_start_date, subscription_end_date, user_id, is_paid) values (513, 704, '2019-02-24', '2021-01-31', 965, 1);
insert into subscription (id, edition_id, subscription_start_date, subscription_end_date, user_id, is_paid) values (514, 274, '2019-10-09', '2020-04-18', 935, 0);
insert into subscription (id, edition_id, subscription_start_date, subscription_end_date, user_id, is_paid) values (515, 389, '2019-10-12', '2020-03-18', 158, 1);
insert into subscription (id, edition_id, subscription_start_date, subscription_end_date, user_id, is_paid) values (516, 252, '2019-12-08', '2020-07-18', 122, 0);
insert into subscription (id, edition_id, subscription_start_date, subscription_end_date, user_id, is_paid) values (517, 691, '2019-12-12', '2021-01-16', 151, 1);
insert into subscription (id, edition_id, subscription_start_date, subscription_end_date, user_id, is_paid) values (518, 104, '2019-07-11', '2020-10-01', 232, 0);
insert into subscription (id, edition_id, subscription_start_date, subscription_end_date, user_id, is_paid) values (519, 68, '2019-08-03', '2020-05-21', 57, 1);
insert into subscription (id, edition_id, subscription_start_date, subscription_end_date, user_id, is_paid) values (520, 601, '2019-10-24', '2020-05-02', 615, 0);
insert into subscription (id, edition_id, subscription_start_date, subscription_end_date, user_id, is_paid) values (521, 607, '2019-12-28', '2020-04-03', 70, 1);
insert into subscription (id, edition_id, subscription_start_date, subscription_end_date, user_id, is_paid) values (522, 497, '2019-04-02', '2020-11-23', 950, 0);
insert into subscription (id, edition_id, subscription_start_date, subscription_end_date, user_id, is_paid) values (523, 519, '2019-10-21', '2020-06-10', 222, 1);
insert into subscription (id, edition_id, subscription_start_date, subscription_end_date, user_id, is_paid) values (524, 412, '2019-07-01', '2020-12-31', 624, 0);
insert into subscription (id, edition_id, subscription_start_date, subscription_end_date, user_id, is_paid) values (525, 671, '2019-09-02', '2021-01-07', 911, 1);
insert into subscription (id, edition_id, subscription_start_date, subscription_end_date, user_id, is_paid) values (526, 229, '2019-09-15', '2020-04-07', 238, 0);
insert into subscription (id, edition_id, subscription_start_date, subscription_end_date, user_id, is_paid) values (527, 362, '2019-11-11', '2020-12-14', 233, 1);
insert into subscription (id, edition_id, subscription_start_date, subscription_end_date, user_id, is_paid) values (528, 133, '2019-08-03', '2020-06-11', 606, 0);
insert into subscription (id, edition_id, subscription_start_date, subscription_end_date, user_id, is_paid) values (529, 247, '2019-09-02', '2020-08-13', 856, 1);
insert into subscription (id, edition_id, subscription_start_date, subscription_end_date, user_id, is_paid) values (530, 420, '2019-08-10', '2021-01-04', 99, 0);
insert into subscription (id, edition_id, subscription_start_date, subscription_end_date, user_id, is_paid) values (531, 375, '2019-06-17', '2020-07-14', 582, 1);
insert into subscription (id, edition_id, subscription_start_date, subscription_end_date, user_id, is_paid) values (532, 708, '2019-11-21', '2020-12-07', 726, 0);
insert into subscription (id, edition_id, subscription_start_date, subscription_end_date, user_id, is_paid) values (533, 297, '2019-08-02', '2020-04-05', 337, 1);
insert into subscription (id, edition_id, subscription_start_date, subscription_end_date, user_id, is_paid) values (534, 188, '2019-12-27', '2020-08-28', 571, 0);
insert into subscription (id, edition_id, subscription_start_date, subscription_end_date, user_id, is_paid) values (535, 548, '2019-11-07', '2020-04-23', 475, 1);
insert into subscription (id, edition_id, subscription_start_date, subscription_end_date, user_id, is_paid) values (536, 307, '2019-12-14', '2020-04-04', 780, 0);
insert into subscription (id, edition_id, subscription_start_date, subscription_end_date, user_id, is_paid) values (537, 363, '2019-08-17', '2020-03-17', 931, 1);
insert into subscription (id, edition_id, subscription_start_date, subscription_end_date, user_id, is_paid) values (538, 289, '2019-12-16', '2020-09-14', 875, 0);
insert into subscription (id, edition_id, subscription_start_date, subscription_end_date, user_id, is_paid) values (539, 698, '2019-10-04', '2020-12-03', 848, 1);
insert into subscription (id, edition_id, subscription_start_date, subscription_end_date, user_id, is_paid) values (540, 711, '2019-07-06', '2020-04-28', 145, 0);
insert into subscription (id, edition_id, subscription_start_date, subscription_end_date, user_id, is_paid) values (541, 117, '2019-12-09', '2020-12-03', 787, 1);
insert into subscription (id, edition_id, subscription_start_date, subscription_end_date, user_id, is_paid) values (542, 375, '2019-04-10', '2020-10-29', 953, 0);
insert into subscription (id, edition_id, subscription_start_date, subscription_end_date, user_id, is_paid) values (543, 135, '2019-08-28', '2020-11-23', 680, 1);
insert into subscription (id, edition_id, subscription_start_date, subscription_end_date, user_id, is_paid) values (544, 30, '2019-12-12', '2020-04-04', 230, 0);
insert into subscription (id, edition_id, subscription_start_date, subscription_end_date, user_id, is_paid) values (545, 704, '2019-10-25', '2020-06-18', 664, 1);
insert into subscription (id, edition_id, subscription_start_date, subscription_end_date, user_id, is_paid) values (546, 562, '2019-07-10', '2020-03-22', 598, 0);
insert into subscription (id, edition_id, subscription_start_date, subscription_end_date, user_id, is_paid) values (547, 24, '2019-07-01', '2020-09-28', 542, 1);
insert into subscription (id, edition_id, subscription_start_date, subscription_end_date, user_id, is_paid) values (548, 20, '2019-11-25', '2020-10-09', 810, 0);
insert into subscription (id, edition_id, subscription_start_date, subscription_end_date, user_id, is_paid) values (549, 602, '2019-07-20', '2020-04-20', 791, 1);
insert into subscription (id, edition_id, subscription_start_date, subscription_end_date, user_id, is_paid) values (550, 321, '2019-12-10', '2020-04-27', 951, 0);
insert into subscription (id, edition_id, subscription_start_date, subscription_end_date, user_id, is_paid) values (551, 497, '2019-06-12', '2020-11-02', 222, 1);
insert into subscription (id, edition_id, subscription_start_date, subscription_end_date, user_id, is_paid) values (552, 675, '2019-12-14', '2020-09-11', 906, 0);
insert into subscription (id, edition_id, subscription_start_date, subscription_end_date, user_id, is_paid) values (553, 126, '2019-04-19', '2020-06-25', 604, 1);
insert into subscription (id, edition_id, subscription_start_date, subscription_end_date, user_id, is_paid) values (554, 655, '2019-07-02', '2020-11-19', 996, 0);
insert into subscription (id, edition_id, subscription_start_date, subscription_end_date, user_id, is_paid) values (555, 616, '2019-02-25', '2020-04-27', 357, 1);
insert into subscription (id, edition_id, subscription_start_date, subscription_end_date, user_id, is_paid) values (556, 711, '2019-11-27', '2020-06-23', 909, 0);
insert into subscription (id, edition_id, subscription_start_date, subscription_end_date, user_id, is_paid) values (557, 198, '2019-04-08', '2020-12-13', 300, 1);
insert into subscription (id, edition_id, subscription_start_date, subscription_end_date, user_id, is_paid) values (558, 326, '2019-03-13', '2020-11-25', 956, 0);
insert into subscription (id, edition_id, subscription_start_date, subscription_end_date, user_id, is_paid) values (559, 669, '2019-06-21', '2020-12-30', 806, 1);
insert into subscription (id, edition_id, subscription_start_date, subscription_end_date, user_id, is_paid) values (560, 699, '2019-07-02', '2020-12-26', 207, 0);
insert into subscription (id, edition_id, subscription_start_date, subscription_end_date, user_id, is_paid) values (561, 73, '2019-08-27', '2020-11-06', 450, 1);
insert into subscription (id, edition_id, subscription_start_date, subscription_end_date, user_id, is_paid) values (562, 358, '2019-10-29', '2020-11-16', 241, 0);
insert into subscription (id, edition_id, subscription_start_date, subscription_end_date, user_id, is_paid) values (563, 326, '2019-05-22', '2020-05-10', 88, 1);
insert into subscription (id, edition_id, subscription_start_date, subscription_end_date, user_id, is_paid) values (564, 4, '2019-02-26', '2020-06-03', 349, 0);
insert into subscription (id, edition_id, subscription_start_date, subscription_end_date, user_id, is_paid) values (565, 296, '2019-05-05', '2020-10-12', 829, 1);
insert into subscription (id, edition_id, subscription_start_date, subscription_end_date, user_id, is_paid) values (566, 419, '2019-12-18', '2020-03-22', 606, 0);
insert into subscription (id, edition_id, subscription_start_date, subscription_end_date, user_id, is_paid) values (567, 705, '2019-12-20', '2020-12-02', 883, 1);
insert into subscription (id, edition_id, subscription_start_date, subscription_end_date, user_id, is_paid) values (568, 468, '2019-07-28', '2020-12-31', 648, 0);
insert into subscription (id, edition_id, subscription_start_date, subscription_end_date, user_id, is_paid) values (569, 130, '2019-05-18', '2020-12-17', 171, 1);
insert into subscription (id, edition_id, subscription_start_date, subscription_end_date, user_id, is_paid) values (570, 476, '2019-10-06', '2020-09-01', 464, 0);
insert into subscription (id, edition_id, subscription_start_date, subscription_end_date, user_id, is_paid) values (571, 429, '2019-10-11', '2020-10-23', 36, 1);
insert into subscription (id, edition_id, subscription_start_date, subscription_end_date, user_id, is_paid) values (572, 498, '2019-12-22', '2020-06-02', 758, 0);
insert into subscription (id, edition_id, subscription_start_date, subscription_end_date, user_id, is_paid) values (573, 21, '2019-06-12', '2021-02-02', 255, 1);
insert into subscription (id, edition_id, subscription_start_date, subscription_end_date, user_id, is_paid) values (574, 85, '2019-05-15', '2020-06-19', 925, 0);
insert into subscription (id, edition_id, subscription_start_date, subscription_end_date, user_id, is_paid) values (575, 47, '2019-05-24', '2020-08-27', 797, 1);
insert into subscription (id, edition_id, subscription_start_date, subscription_end_date, user_id, is_paid) values (576, 230, '2019-07-18', '2020-06-27', 344, 0);
insert into subscription (id, edition_id, subscription_start_date, subscription_end_date, user_id, is_paid) values (577, 654, '2019-07-12', '2020-10-25', 506, 1);
insert into subscription (id, edition_id, subscription_start_date, subscription_end_date, user_id, is_paid) values (578, 627, '2019-10-19', '2020-09-03', 532, 0);
insert into subscription (id, edition_id, subscription_start_date, subscription_end_date, user_id, is_paid) values (579, 645, '2019-08-24', '2021-01-10', 296, 1);
insert into subscription (id, edition_id, subscription_start_date, subscription_end_date, user_id, is_paid) values (580, 504, '2019-04-02', '2020-12-14', 37, 0);
insert into subscription (id, edition_id, subscription_start_date, subscription_end_date, user_id, is_paid) values (581, 365, '2019-03-05', '2020-08-08', 55, 1);
insert into subscription (id, edition_id, subscription_start_date, subscription_end_date, user_id, is_paid) values (582, 128, '2019-03-11', '2020-04-01', 58, 0);
insert into subscription (id, edition_id, subscription_start_date, subscription_end_date, user_id, is_paid) values (583, 502, '2019-04-23', '2020-09-27', 743, 1);
insert into subscription (id, edition_id, subscription_start_date, subscription_end_date, user_id, is_paid) values (584, 654, '2019-04-08', '2020-08-14', 862, 0);
insert into subscription (id, edition_id, subscription_start_date, subscription_end_date, user_id, is_paid) values (585, 163, '2019-05-19', '2020-04-23', 327, 1);
insert into subscription (id, edition_id, subscription_start_date, subscription_end_date, user_id, is_paid) values (586, 316, '2019-05-26', '2020-08-28', 968, 0);
insert into subscription (id, edition_id, subscription_start_date, subscription_end_date, user_id, is_paid) values (587, 581, '2019-06-18', '2020-06-10', 562, 1);
insert into subscription (id, edition_id, subscription_start_date, subscription_end_date, user_id, is_paid) values (588, 459, '2019-03-15', '2020-04-06', 879, 0);
insert into subscription (id, edition_id, subscription_start_date, subscription_end_date, user_id, is_paid) values (589, 631, '2019-07-17', '2020-08-09', 640, 1);
insert into subscription (id, edition_id, subscription_start_date, subscription_end_date, user_id, is_paid) values (590, 45, '2019-11-09', '2020-12-30', 199, 0);
insert into subscription (id, edition_id, subscription_start_date, subscription_end_date, user_id, is_paid) values (591, 264, '2019-12-14', '2020-05-24', 346, 1);
insert into subscription (id, edition_id, subscription_start_date, subscription_end_date, user_id, is_paid) values (592, 343, '2019-11-03', '2020-11-20', 800, 0);
insert into subscription (id, edition_id, subscription_start_date, subscription_end_date, user_id, is_paid) values (593, 558, '2019-03-22', '2020-11-13', 845, 1);
insert into subscription (id, edition_id, subscription_start_date, subscription_end_date, user_id, is_paid) values (594, 124, '2019-11-14', '2020-10-18', 187, 0);
insert into subscription (id, edition_id, subscription_start_date, subscription_end_date, user_id, is_paid) values (595, 711, '2019-08-13', '2020-09-08', 925, 1);
insert into subscription (id, edition_id, subscription_start_date, subscription_end_date, user_id, is_paid) values (596, 594, '2019-03-09', '2020-09-30', 260, 0);
insert into subscription (id, edition_id, subscription_start_date, subscription_end_date, user_id, is_paid) values (597, 439, '2019-02-16', '2020-12-03', 24, 1);
insert into subscription (id, edition_id, subscription_start_date, subscription_end_date, user_id, is_paid) values (598, 649, '2020-01-06', '2020-04-01', 996, 0);
insert into subscription (id, edition_id, subscription_start_date, subscription_end_date, user_id, is_paid) values (599, 235, '2019-06-22', '2021-01-27', 460, 1);
insert into subscription (id, edition_id, subscription_start_date, subscription_end_date, user_id, is_paid) values (600, 3, '2019-06-08', '2020-12-30', 902, 0);
insert into subscription (id, edition_id, subscription_start_date, subscription_end_date, user_id, is_paid) values (601, 489, '2019-10-20', '2020-08-24', 981, 1);
insert into subscription (id, edition_id, subscription_start_date, subscription_end_date, user_id, is_paid) values (602, 682, '2019-06-13', '2020-09-05', 719, 0);
insert into subscription (id, edition_id, subscription_start_date, subscription_end_date, user_id, is_paid) values (603, 613, '2019-09-07', '2020-07-26', 85, 1);
insert into subscription (id, edition_id, subscription_start_date, subscription_end_date, user_id, is_paid) values (604, 166, '2019-03-19', '2020-07-04', 540, 0);
insert into subscription (id, edition_id, subscription_start_date, subscription_end_date, user_id, is_paid) values (605, 164, '2019-05-29', '2020-09-15', 114, 1);
insert into subscription (id, edition_id, subscription_start_date, subscription_end_date, user_id, is_paid) values (606, 427, '2019-10-28', '2020-07-24', 462, 0);
insert into subscription (id, edition_id, subscription_start_date, subscription_end_date, user_id, is_paid) values (607, 318, '2019-05-17', '2020-07-07', 132, 1);
insert into subscription (id, edition_id, subscription_start_date, subscription_end_date, user_id, is_paid) values (608, 729, '2019-04-09', '2020-08-27', 200, 0);
insert into subscription (id, edition_id, subscription_start_date, subscription_end_date, user_id, is_paid) values (609, 630, '2019-12-20', '2020-03-22', 993, 1);
insert into subscription (id, edition_id, subscription_start_date, subscription_end_date, user_id, is_paid) values (610, 509, '2019-04-06', '2020-07-05', 790, 0);
insert into subscription (id, edition_id, subscription_start_date, subscription_end_date, user_id, is_paid) values (611, 78, '2019-11-18', '2021-01-07', 893, 1);
insert into subscription (id, edition_id, subscription_start_date, subscription_end_date, user_id, is_paid) values (612, 521, '2019-11-30', '2020-12-19', 607, 0);
insert into subscription (id, edition_id, subscription_start_date, subscription_end_date, user_id, is_paid) values (613, 442, '2019-09-18', '2020-08-27', 435, 1);
insert into subscription (id, edition_id, subscription_start_date, subscription_end_date, user_id, is_paid) values (614, 518, '2019-08-28', '2020-07-07', 189, 0);
insert into subscription (id, edition_id, subscription_start_date, subscription_end_date, user_id, is_paid) values (615, 523, '2019-03-25', '2020-07-27', 265, 1);
insert into subscription (id, edition_id, subscription_start_date, subscription_end_date, user_id, is_paid) values (616, 393, '2019-03-16', '2020-06-29', 148, 0);
insert into subscription (id, edition_id, subscription_start_date, subscription_end_date, user_id, is_paid) values (617, 354, '2019-03-30', '2021-02-03', 280, 1);
insert into subscription (id, edition_id, subscription_start_date, subscription_end_date, user_id, is_paid) values (618, 125, '2019-09-01', '2020-11-02', 344, 0);
insert into subscription (id, edition_id, subscription_start_date, subscription_end_date, user_id, is_paid) values (619, 297, '2019-08-24', '2020-05-09', 226, 1);
insert into subscription (id, edition_id, subscription_start_date, subscription_end_date, user_id, is_paid) values (620, 640, '2019-09-27', '2020-07-11', 528, 0);
insert into subscription (id, edition_id, subscription_start_date, subscription_end_date, user_id, is_paid) values (621, 720, '2019-02-20', '2020-10-03', 459, 1);
insert into subscription (id, edition_id, subscription_start_date, subscription_end_date, user_id, is_paid) values (622, 728, '2019-06-20', '2020-05-05', 906, 0);
insert into subscription (id, edition_id, subscription_start_date, subscription_end_date, user_id, is_paid) values (623, 363, '2019-11-13', '2020-07-25', 135, 1);
insert into subscription (id, edition_id, subscription_start_date, subscription_end_date, user_id, is_paid) values (624, 212, '2019-09-20', '2020-10-16', 470, 0);
insert into subscription (id, edition_id, subscription_start_date, subscription_end_date, user_id, is_paid) values (625, 105, '2019-04-06', '2020-06-15', 799, 1);
insert into subscription (id, edition_id, subscription_start_date, subscription_end_date, user_id, is_paid) values (626, 677, '2019-12-23', '2020-08-26', 467, 0);
insert into subscription (id, edition_id, subscription_start_date, subscription_end_date, user_id, is_paid) values (627, 170, '2019-02-28', '2020-11-04', 134, 1);
insert into subscription (id, edition_id, subscription_start_date, subscription_end_date, user_id, is_paid) values (628, 634, '2019-09-07', '2020-08-01', 585, 0);
insert into subscription (id, edition_id, subscription_start_date, subscription_end_date, user_id, is_paid) values (629, 404, '2019-04-06', '2021-02-12', 461, 1);
insert into subscription (id, edition_id, subscription_start_date, subscription_end_date, user_id, is_paid) values (630, 485, '2019-10-23', '2020-05-13', 172, 0);
insert into subscription (id, edition_id, subscription_start_date, subscription_end_date, user_id, is_paid) values (631, 58, '2019-08-09', '2020-12-21', 239, 1);
insert into subscription (id, edition_id, subscription_start_date, subscription_end_date, user_id, is_paid) values (632, 76, '2019-10-18', '2020-06-25', 471, 0);
insert into subscription (id, edition_id, subscription_start_date, subscription_end_date, user_id, is_paid) values (633, 639, '2019-11-25', '2020-12-27', 303, 1);
insert into subscription (id, edition_id, subscription_start_date, subscription_end_date, user_id, is_paid) values (634, 85, '2019-11-25', '2021-02-03', 813, 0);
insert into subscription (id, edition_id, subscription_start_date, subscription_end_date, user_id, is_paid) values (635, 160, '2019-04-26', '2020-07-03', 338, 1);
insert into subscription (id, edition_id, subscription_start_date, subscription_end_date, user_id, is_paid) values (636, 386, '2019-03-02', '2020-06-21', 638, 0);
insert into subscription (id, edition_id, subscription_start_date, subscription_end_date, user_id, is_paid) values (637, 160, '2019-06-08', '2020-11-16', 477, 1);
insert into subscription (id, edition_id, subscription_start_date, subscription_end_date, user_id, is_paid) values (638, 44, '2019-05-25', '2020-04-28', 750, 0);
insert into subscription (id, edition_id, subscription_start_date, subscription_end_date, user_id, is_paid) values (639, 680, '2019-09-15', '2020-11-08', 906, 1);
insert into subscription (id, edition_id, subscription_start_date, subscription_end_date, user_id, is_paid) values (640, 186, '2019-12-17', '2020-04-03', 616, 0);
insert into subscription (id, edition_id, subscription_start_date, subscription_end_date, user_id, is_paid) values (641, 248, '2019-07-08', '2020-05-07', 56, 1);
insert into subscription (id, edition_id, subscription_start_date, subscription_end_date, user_id, is_paid) values (642, 6, '2019-08-04', '2020-11-01', 997, 0);
insert into subscription (id, edition_id, subscription_start_date, subscription_end_date, user_id, is_paid) values (643, 617, '2019-04-08', '2020-03-28', 455, 1);
insert into subscription (id, edition_id, subscription_start_date, subscription_end_date, user_id, is_paid) values (644, 283, '2019-05-10', '2020-12-09', 42, 0);
insert into subscription (id, edition_id, subscription_start_date, subscription_end_date, user_id, is_paid) values (645, 91, '2020-01-14', '2020-07-19', 639, 1);
insert into subscription (id, edition_id, subscription_start_date, subscription_end_date, user_id, is_paid) values (646, 157, '2019-03-07', '2020-12-13', 138, 0);
insert into subscription (id, edition_id, subscription_start_date, subscription_end_date, user_id, is_paid) values (647, 450, '2019-12-03', '2021-01-08', 745, 1);
insert into subscription (id, edition_id, subscription_start_date, subscription_end_date, user_id, is_paid) values (648, 374, '2019-10-21', '2021-01-10', 222, 0);
insert into subscription (id, edition_id, subscription_start_date, subscription_end_date, user_id, is_paid) values (649, 308, '2019-11-04', '2020-08-17', 220, 1);
insert into subscription (id, edition_id, subscription_start_date, subscription_end_date, user_id, is_paid) values (650, 623, '2019-11-12', '2021-01-27', 945, 0);
insert into subscription (id, edition_id, subscription_start_date, subscription_end_date, user_id, is_paid) values (651, 150, '2019-12-02', '2020-10-12', 821, 1);
insert into subscription (id, edition_id, subscription_start_date, subscription_end_date, user_id, is_paid) values (652, 75, '2019-10-21', '2020-06-11', 602, 0);
insert into subscription (id, edition_id, subscription_start_date, subscription_end_date, user_id, is_paid) values (653, 8, '2019-02-22', '2020-12-13', 449, 1);
insert into subscription (id, edition_id, subscription_start_date, subscription_end_date, user_id, is_paid) values (654, 638, '2019-09-12', '2020-09-17', 222, 0);
insert into subscription (id, edition_id, subscription_start_date, subscription_end_date, user_id, is_paid) values (655, 618, '2019-02-21', '2020-06-14', 382, 1);
insert into subscription (id, edition_id, subscription_start_date, subscription_end_date, user_id, is_paid) values (656, 267, '2019-11-26', '2020-06-13', 762, 0);
insert into subscription (id, edition_id, subscription_start_date, subscription_end_date, user_id, is_paid) values (657, 120, '2019-06-25', '2020-08-22', 626, 1);
insert into subscription (id, edition_id, subscription_start_date, subscription_end_date, user_id, is_paid) values (658, 516, '2019-02-20', '2020-07-27', 124, 0);
insert into subscription (id, edition_id, subscription_start_date, subscription_end_date, user_id, is_paid) values (659, 466, '2019-03-26', '2020-11-19', 318, 1);
insert into subscription (id, edition_id, subscription_start_date, subscription_end_date, user_id, is_paid) values (660, 535, '2019-05-10', '2020-05-15', 622, 0);
insert into subscription (id, edition_id, subscription_start_date, subscription_end_date, user_id, is_paid) values (661, 208, '2019-03-18', '2020-07-19', 294, 1);
insert into subscription (id, edition_id, subscription_start_date, subscription_end_date, user_id, is_paid) values (662, 55, '2019-09-29', '2020-05-30', 64, 0);
insert into subscription (id, edition_id, subscription_start_date, subscription_end_date, user_id, is_paid) values (663, 268, '2019-06-11', '2020-06-04', 37, 1);
insert into subscription (id, edition_id, subscription_start_date, subscription_end_date, user_id, is_paid) values (664, 648, '2019-05-28', '2020-08-16', 324, 0);
insert into subscription (id, edition_id, subscription_start_date, subscription_end_date, user_id, is_paid) values (665, 387, '2019-05-05', '2020-12-01', 37, 1);
insert into subscription (id, edition_id, subscription_start_date, subscription_end_date, user_id, is_paid) values (666, 134, '2019-09-17', '2020-03-29', 670, 0);
insert into subscription (id, edition_id, subscription_start_date, subscription_end_date, user_id, is_paid) values (667, 486, '2019-12-18', '2020-05-01', 973, 1);
insert into subscription (id, edition_id, subscription_start_date, subscription_end_date, user_id, is_paid) values (668, 703, '2019-12-05', '2020-03-29', 358, 0);
insert into subscription (id, edition_id, subscription_start_date, subscription_end_date, user_id, is_paid) values (669, 356, '2019-12-01', '2020-11-21', 37, 1);
insert into subscription (id, edition_id, subscription_start_date, subscription_end_date, user_id, is_paid) values (670, 673, '2019-05-19', '2020-08-29', 774, 0);
insert into subscription (id, edition_id, subscription_start_date, subscription_end_date, user_id, is_paid) values (671, 542, '2019-02-27', '2020-08-03', 199, 1);
insert into subscription (id, edition_id, subscription_start_date, subscription_end_date, user_id, is_paid) values (672, 32, '2019-09-12', '2020-04-16', 9, 0);
insert into subscription (id, edition_id, subscription_start_date, subscription_end_date, user_id, is_paid) values (673, 270, '2019-03-01', '2020-11-26', 900, 1);
insert into subscription (id, edition_id, subscription_start_date, subscription_end_date, user_id, is_paid) values (674, 290, '2019-08-06', '2020-04-02', 79, 0);
insert into subscription (id, edition_id, subscription_start_date, subscription_end_date, user_id, is_paid) values (675, 249, '2019-11-10', '2020-11-14', 267, 1);
insert into subscription (id, edition_id, subscription_start_date, subscription_end_date, user_id, is_paid) values (676, 58, '2019-04-20', '2020-11-29', 553, 0);
insert into subscription (id, edition_id, subscription_start_date, subscription_end_date, user_id, is_paid) values (677, 351, '2019-10-28', '2020-09-26', 658, 1);
insert into subscription (id, edition_id, subscription_start_date, subscription_end_date, user_id, is_paid) values (678, 406, '2019-05-28', '2020-04-17', 38, 0);
insert into subscription (id, edition_id, subscription_start_date, subscription_end_date, user_id, is_paid) values (679, 491, '2019-06-23', '2020-12-30', 990, 1);
insert into subscription (id, edition_id, subscription_start_date, subscription_end_date, user_id, is_paid) values (680, 527, '2019-05-21', '2020-07-31', 588, 0);
insert into subscription (id, edition_id, subscription_start_date, subscription_end_date, user_id, is_paid) values (681, 17, '2020-01-03', '2020-12-18', 874, 1);
insert into subscription (id, edition_id, subscription_start_date, subscription_end_date, user_id, is_paid) values (682, 643, '2019-09-23', '2020-06-15', 416, 0);
insert into subscription (id, edition_id, subscription_start_date, subscription_end_date, user_id, is_paid) values (683, 401, '2019-07-17', '2021-02-09', 661, 1);
insert into subscription (id, edition_id, subscription_start_date, subscription_end_date, user_id, is_paid) values (684, 615, '2019-07-02', '2020-08-01', 928, 0);
insert into subscription (id, edition_id, subscription_start_date, subscription_end_date, user_id, is_paid) values (685, 531, '2019-10-20', '2020-06-24', 122, 1);
insert into subscription (id, edition_id, subscription_start_date, subscription_end_date, user_id, is_paid) values (686, 259, '2019-11-01', '2020-09-29', 661, 0);
insert into subscription (id, edition_id, subscription_start_date, subscription_end_date, user_id, is_paid) values (687, 637, '2019-11-14', '2020-08-28', 798, 1);
insert into subscription (id, edition_id, subscription_start_date, subscription_end_date, user_id, is_paid) values (688, 85, '2019-12-11', '2020-04-09', 356, 0);
insert into subscription (id, edition_id, subscription_start_date, subscription_end_date, user_id, is_paid) values (689, 139, '2019-02-25', '2021-01-08', 597, 1);
insert into subscription (id, edition_id, subscription_start_date, subscription_end_date, user_id, is_paid) values (690, 708, '2019-04-07', '2020-10-23', 889, 0);
insert into subscription (id, edition_id, subscription_start_date, subscription_end_date, user_id, is_paid) values (691, 339, '2019-02-19', '2020-06-17', 717, 1);
insert into subscription (id, edition_id, subscription_start_date, subscription_end_date, user_id, is_paid) values (692, 75, '2019-07-06', '2020-11-03', 387, 0);
insert into subscription (id, edition_id, subscription_start_date, subscription_end_date, user_id, is_paid) values (693, 482, '2019-03-19', '2020-11-22', 748, 1);
insert into subscription (id, edition_id, subscription_start_date, subscription_end_date, user_id, is_paid) values (694, 253, '2019-05-30', '2020-04-09', 583, 0);
insert into subscription (id, edition_id, subscription_start_date, subscription_end_date, user_id, is_paid) values (695, 362, '2019-12-15', '2020-04-21', 741, 1);
insert into subscription (id, edition_id, subscription_start_date, subscription_end_date, user_id, is_paid) values (696, 503, '2019-05-04', '2020-04-20', 139, 0);
insert into subscription (id, edition_id, subscription_start_date, subscription_end_date, user_id, is_paid) values (697, 271, '2019-11-19', '2020-04-06', 83, 1);
insert into subscription (id, edition_id, subscription_start_date, subscription_end_date, user_id, is_paid) values (698, 432, '2019-09-01', '2020-07-27', 613, 0);
insert into subscription (id, edition_id, subscription_start_date, subscription_end_date, user_id, is_paid) values (699, 200, '2019-07-25', '2020-04-30', 292, 1);
insert into subscription (id, edition_id, subscription_start_date, subscription_end_date, user_id, is_paid) values (700, 199, '2019-10-23', '2021-02-10', 137, 0);
insert into subscription (id, edition_id, subscription_start_date, subscription_end_date, user_id, is_paid) values (701, 383, '2019-08-13', '2020-09-27', 444, 1);
insert into subscription (id, edition_id, subscription_start_date, subscription_end_date, user_id, is_paid) values (702, 394, '2019-06-13', '2020-05-26', 738, 0);
insert into subscription (id, edition_id, subscription_start_date, subscription_end_date, user_id, is_paid) values (703, 282, '2019-06-02', '2020-04-02', 826, 1);
insert into subscription (id, edition_id, subscription_start_date, subscription_end_date, user_id, is_paid) values (704, 12, '2019-05-29', '2020-11-28', 833, 0);
insert into subscription (id, edition_id, subscription_start_date, subscription_end_date, user_id, is_paid) values (705, 429, '2019-08-24', '2020-10-29', 269, 1);
insert into subscription (id, edition_id, subscription_start_date, subscription_end_date, user_id, is_paid) values (706, 693, '2019-05-01', '2021-01-13', 470, 0);
insert into subscription (id, edition_id, subscription_start_date, subscription_end_date, user_id, is_paid) values (707, 100, '2019-09-06', '2020-10-22', 783, 1);
insert into subscription (id, edition_id, subscription_start_date, subscription_end_date, user_id, is_paid) values (708, 329, '2019-11-11', '2021-01-27', 49, 0);
insert into subscription (id, edition_id, subscription_start_date, subscription_end_date, user_id, is_paid) values (709, 624, '2019-08-11', '2020-10-21', 970, 1);
insert into subscription (id, edition_id, subscription_start_date, subscription_end_date, user_id, is_paid) values (710, 547, '2019-03-15', '2020-09-01', 860, 0);
insert into subscription (id, edition_id, subscription_start_date, subscription_end_date, user_id, is_paid) values (711, 707, '2019-04-11', '2021-01-30', 561, 1);
insert into subscription (id, edition_id, subscription_start_date, subscription_end_date, user_id, is_paid) values (712, 94, '2019-06-25', '2020-08-27', 674, 0);
insert into subscription (id, edition_id, subscription_start_date, subscription_end_date, user_id, is_paid) values (713, 241, '2019-08-26', '2020-08-19', 127, 1);
insert into subscription (id, edition_id, subscription_start_date, subscription_end_date, user_id, is_paid) values (714, 529, '2019-07-19', '2020-11-23', 926, 0);
insert into subscription (id, edition_id, subscription_start_date, subscription_end_date, user_id, is_paid) values (715, 171, '2019-09-07', '2020-04-07', 648, 1);
insert into subscription (id, edition_id, subscription_start_date, subscription_end_date, user_id, is_paid) values (716, 301, '2019-09-23', '2020-07-10', 44, 0);
insert into subscription (id, edition_id, subscription_start_date, subscription_end_date, user_id, is_paid) values (717, 256, '2019-08-16', '2020-05-11', 286, 1);
insert into subscription (id, edition_id, subscription_start_date, subscription_end_date, user_id, is_paid) values (718, 246, '2019-10-09', '2020-07-20', 237, 0);
insert into subscription (id, edition_id, subscription_start_date, subscription_end_date, user_id, is_paid) values (719, 170, '2019-06-09', '2020-06-18', 623, 1);
insert into subscription (id, edition_id, subscription_start_date, subscription_end_date, user_id, is_paid) values (720, 629, '2019-06-19', '2020-07-21', 59, 0);
insert into subscription (id, edition_id, subscription_start_date, subscription_end_date, user_id, is_paid) values (721, 468, '2019-11-05', '2020-12-28', 381, 1);
insert into subscription (id, edition_id, subscription_start_date, subscription_end_date, user_id, is_paid) values (722, 423, '2019-05-14', '2020-09-29', 562, 0);
insert into subscription (id, edition_id, subscription_start_date, subscription_end_date, user_id, is_paid) values (723, 668, '2019-03-07', '2020-10-09', 373, 1);
insert into subscription (id, edition_id, subscription_start_date, subscription_end_date, user_id, is_paid) values (724, 365, '2019-09-26', '2020-09-09', 384, 0);
insert into subscription (id, edition_id, subscription_start_date, subscription_end_date, user_id, is_paid) values (725, 344, '2019-08-10', '2020-12-07', 163, 1);
insert into subscription (id, edition_id, subscription_start_date, subscription_end_date, user_id, is_paid) values (726, 467, '2019-07-26', '2020-08-26', 911, 0);
insert into subscription (id, edition_id, subscription_start_date, subscription_end_date, user_id, is_paid) values (727, 583, '2019-04-04', '2021-02-09', 944, 1);
insert into subscription (id, edition_id, subscription_start_date, subscription_end_date, user_id, is_paid) values (728, 239, '2019-05-10', '2020-04-12', 630, 0);
insert into subscription (id, edition_id, subscription_start_date, subscription_end_date, user_id, is_paid) values (729, 328, '2019-09-29', '2020-09-18', 783, 1);
insert into subscription (id, edition_id, subscription_start_date, subscription_end_date, user_id, is_paid) values (730, 259, '2019-12-12', '2020-11-06', 476, 0);
insert into subscription (id, edition_id, subscription_start_date, subscription_end_date, user_id, is_paid) values (731, 563, '2019-03-26', '2020-08-20', 765, 1);
insert into subscription (id, edition_id, subscription_start_date, subscription_end_date, user_id, is_paid) values (732, 53, '2019-05-18', '2020-04-04', 748, 0);
insert into subscription (id, edition_id, subscription_start_date, subscription_end_date, user_id, is_paid) values (733, 434, '2019-11-27', '2020-07-11', 470, 1);
insert into subscription (id, edition_id, subscription_start_date, subscription_end_date, user_id, is_paid) values (734, 140, '2019-06-06', '2020-06-23', 512, 0);
insert into subscription (id, edition_id, subscription_start_date, subscription_end_date, user_id, is_paid) values (735, 429, '2019-11-15', '2021-02-12', 843, 1);
insert into subscription (id, edition_id, subscription_start_date, subscription_end_date, user_id, is_paid) values (736, 105, '2019-10-10', '2021-02-07', 723, 0);
insert into subscription (id, edition_id, subscription_start_date, subscription_end_date, user_id, is_paid) values (737, 97, '2019-10-01', '2020-05-12', 139, 1);
insert into subscription (id, edition_id, subscription_start_date, subscription_end_date, user_id, is_paid) values (738, 382, '2019-06-23', '2020-04-16', 874, 0);
insert into subscription (id, edition_id, subscription_start_date, subscription_end_date, user_id, is_paid) values (739, 602, '2019-07-21', '2020-08-29', 424, 1);
insert into subscription (id, edition_id, subscription_start_date, subscription_end_date, user_id, is_paid) values (740, 561, '2020-01-09', '2020-08-19', 59, 0);
insert into subscription (id, edition_id, subscription_start_date, subscription_end_date, user_id, is_paid) values (741, 226, '2019-07-25', '2020-03-20', 283, 1);
insert into subscription (id, edition_id, subscription_start_date, subscription_end_date, user_id, is_paid) values (742, 583, '2019-10-29', '2020-04-04', 734, 0);
insert into subscription (id, edition_id, subscription_start_date, subscription_end_date, user_id, is_paid) values (743, 371, '2019-10-14', '2020-07-24', 682, 1);
insert into subscription (id, edition_id, subscription_start_date, subscription_end_date, user_id, is_paid) values (744, 242, '2019-04-19', '2020-08-24', 120, 0);
insert into subscription (id, edition_id, subscription_start_date, subscription_end_date, user_id, is_paid) values (745, 568, '2019-10-20', '2020-11-09', 870, 1);
insert into subscription (id, edition_id, subscription_start_date, subscription_end_date, user_id, is_paid) values (746, 613, '2019-10-13', '2020-09-22', 970, 0);
insert into subscription (id, edition_id, subscription_start_date, subscription_end_date, user_id, is_paid) values (747, 143, '2019-06-17', '2020-05-02', 717, 1);
insert into subscription (id, edition_id, subscription_start_date, subscription_end_date, user_id, is_paid) values (748, 594, '2019-12-24', '2020-08-21', 782, 0);
insert into subscription (id, edition_id, subscription_start_date, subscription_end_date, user_id, is_paid) values (749, 478, '2019-10-13', '2020-07-15', 502, 1);
insert into subscription (id, edition_id, subscription_start_date, subscription_end_date, user_id, is_paid) values (750, 1, '2019-10-16', '2020-09-11', 280, 0);
insert into subscription (id, edition_id, subscription_start_date, subscription_end_date, user_id, is_paid) values (751, 43, '2019-07-12', '2021-01-15', 185, 1);
insert into subscription (id, edition_id, subscription_start_date, subscription_end_date, user_id, is_paid) values (752, 279, '2019-04-27', '2020-11-02', 39, 0);
insert into subscription (id, edition_id, subscription_start_date, subscription_end_date, user_id, is_paid) values (753, 236, '2019-12-14', '2020-07-03', 442, 1);
insert into subscription (id, edition_id, subscription_start_date, subscription_end_date, user_id, is_paid) values (754, 438, '2019-04-15', '2020-12-11', 495, 0);
insert into subscription (id, edition_id, subscription_start_date, subscription_end_date, user_id, is_paid) values (755, 136, '2019-03-05', '2020-03-15', 993, 1);
insert into subscription (id, edition_id, subscription_start_date, subscription_end_date, user_id, is_paid) values (756, 546, '2019-09-29', '2020-03-19', 847, 0);
insert into subscription (id, edition_id, subscription_start_date, subscription_end_date, user_id, is_paid) values (757, 117, '2019-12-16', '2020-05-14', 399, 1);
insert into subscription (id, edition_id, subscription_start_date, subscription_end_date, user_id, is_paid) values (758, 157, '2019-06-13', '2020-10-23', 15, 0);
insert into subscription (id, edition_id, subscription_start_date, subscription_end_date, user_id, is_paid) values (759, 397, '2019-10-03', '2020-10-21', 700, 1);
insert into subscription (id, edition_id, subscription_start_date, subscription_end_date, user_id, is_paid) values (760, 39, '2019-12-19', '2020-04-22', 806, 0);
insert into subscription (id, edition_id, subscription_start_date, subscription_end_date, user_id, is_paid) values (761, 15, '2019-11-20', '2020-08-05', 467, 1);
insert into subscription (id, edition_id, subscription_start_date, subscription_end_date, user_id, is_paid) values (762, 203, '2019-12-29', '2020-09-10', 278, 0);
insert into subscription (id, edition_id, subscription_start_date, subscription_end_date, user_id, is_paid) values (763, 244, '2019-07-26', '2021-01-09', 633, 1);
insert into subscription (id, edition_id, subscription_start_date, subscription_end_date, user_id, is_paid) values (764, 31, '2019-05-09', '2020-08-30', 73, 0);
insert into subscription (id, edition_id, subscription_start_date, subscription_end_date, user_id, is_paid) values (765, 42, '2019-04-17', '2020-07-28', 262, 1);
insert into subscription (id, edition_id, subscription_start_date, subscription_end_date, user_id, is_paid) values (766, 380, '2019-05-06', '2020-08-19', 57, 0);
insert into subscription (id, edition_id, subscription_start_date, subscription_end_date, user_id, is_paid) values (767, 297, '2019-06-24', '2021-01-02', 185, 1);
insert into subscription (id, edition_id, subscription_start_date, subscription_end_date, user_id, is_paid) values (768, 82, '2019-05-16', '2020-10-26', 67, 0);
insert into subscription (id, edition_id, subscription_start_date, subscription_end_date, user_id, is_paid) values (769, 126, '2019-11-22', '2020-07-11', 771, 1);
insert into subscription (id, edition_id, subscription_start_date, subscription_end_date, user_id, is_paid) values (770, 144, '2019-11-28', '2020-12-24', 600, 0);
insert into subscription (id, edition_id, subscription_start_date, subscription_end_date, user_id, is_paid) values (771, 268, '2019-09-02', '2020-06-03', 527, 1);
insert into subscription (id, edition_id, subscription_start_date, subscription_end_date, user_id, is_paid) values (772, 295, '2019-10-02', '2020-12-31', 811, 0);
insert into subscription (id, edition_id, subscription_start_date, subscription_end_date, user_id, is_paid) values (773, 131, '2019-08-02', '2020-06-03', 89, 1);
insert into subscription (id, edition_id, subscription_start_date, subscription_end_date, user_id, is_paid) values (774, 680, '2019-08-06', '2020-11-19', 520, 0);
insert into subscription (id, edition_id, subscription_start_date, subscription_end_date, user_id, is_paid) values (775, 511, '2019-11-21', '2020-12-27', 866, 1);
insert into subscription (id, edition_id, subscription_start_date, subscription_end_date, user_id, is_paid) values (776, 399, '2019-08-28', '2020-07-30', 393, 0);
insert into subscription (id, edition_id, subscription_start_date, subscription_end_date, user_id, is_paid) values (777, 128, '2019-06-08', '2020-07-07', 920, 1);
insert into subscription (id, edition_id, subscription_start_date, subscription_end_date, user_id, is_paid) values (778, 523, '2019-03-21', '2020-08-19', 119, 0);
insert into subscription (id, edition_id, subscription_start_date, subscription_end_date, user_id, is_paid) values (779, 682, '2019-09-10', '2020-07-20', 547, 1);
insert into subscription (id, edition_id, subscription_start_date, subscription_end_date, user_id, is_paid) values (780, 42, '2019-04-04', '2020-07-14', 710, 0);
insert into subscription (id, edition_id, subscription_start_date, subscription_end_date, user_id, is_paid) values (781, 589, '2019-07-31', '2020-08-20', 730, 1);
insert into subscription (id, edition_id, subscription_start_date, subscription_end_date, user_id, is_paid) values (782, 397, '2019-04-12', '2021-01-22', 956, 0);
insert into subscription (id, edition_id, subscription_start_date, subscription_end_date, user_id, is_paid) values (783, 289, '2019-08-19', '2020-07-17', 969, 1);
insert into subscription (id, edition_id, subscription_start_date, subscription_end_date, user_id, is_paid) values (784, 35, '2019-12-03', '2020-12-04', 120, 0);
insert into subscription (id, edition_id, subscription_start_date, subscription_end_date, user_id, is_paid) values (785, 576, '2019-07-06', '2021-01-03', 900, 1);
insert into subscription (id, edition_id, subscription_start_date, subscription_end_date, user_id, is_paid) values (786, 564, '2019-09-13', '2020-03-28', 826, 0);
insert into subscription (id, edition_id, subscription_start_date, subscription_end_date, user_id, is_paid) values (787, 500, '2019-09-13', '2020-11-26', 770, 1);
insert into subscription (id, edition_id, subscription_start_date, subscription_end_date, user_id, is_paid) values (788, 200, '2019-03-13', '2020-11-18', 987, 0);
insert into subscription (id, edition_id, subscription_start_date, subscription_end_date, user_id, is_paid) values (789, 260, '2019-04-10', '2021-01-15', 952, 1);
insert into subscription (id, edition_id, subscription_start_date, subscription_end_date, user_id, is_paid) values (790, 231, '2019-04-18', '2020-11-28', 266, 0);
insert into subscription (id, edition_id, subscription_start_date, subscription_end_date, user_id, is_paid) values (791, 598, '2019-12-21', '2020-10-04', 641, 1);
insert into subscription (id, edition_id, subscription_start_date, subscription_end_date, user_id, is_paid) values (792, 248, '2019-02-28', '2020-05-16', 661, 0);
insert into subscription (id, edition_id, subscription_start_date, subscription_end_date, user_id, is_paid) values (793, 426, '2019-12-11', '2020-06-07', 922, 1);
insert into subscription (id, edition_id, subscription_start_date, subscription_end_date, user_id, is_paid) values (794, 173, '2019-12-06', '2021-02-07', 573, 0);
insert into subscription (id, edition_id, subscription_start_date, subscription_end_date, user_id, is_paid) values (795, 425, '2019-10-22', '2020-04-14', 935, 1);
insert into subscription (id, edition_id, subscription_start_date, subscription_end_date, user_id, is_paid) values (796, 214, '2019-10-12', '2021-01-19', 893, 0);
insert into subscription (id, edition_id, subscription_start_date, subscription_end_date, user_id, is_paid) values (797, 200, '2019-07-06', '2020-12-11', 943, 1);
insert into subscription (id, edition_id, subscription_start_date, subscription_end_date, user_id, is_paid) values (798, 637, '2019-10-03', '2020-04-16', 508, 0);
insert into subscription (id, edition_id, subscription_start_date, subscription_end_date, user_id, is_paid) values (799, 191, '2019-09-29', '2020-04-20', 228, 1);
insert into subscription (id, edition_id, subscription_start_date, subscription_end_date, user_id, is_paid) values (800, 109, '2019-02-20', '2021-01-24', 215, 0);
insert into subscription (id, edition_id, subscription_start_date, subscription_end_date, user_id, is_paid) values (801, 472, '2019-12-07', '2021-01-04', 688, 1);
insert into subscription (id, edition_id, subscription_start_date, subscription_end_date, user_id, is_paid) values (802, 103, '2019-05-20', '2021-02-13', 942, 0);
insert into subscription (id, edition_id, subscription_start_date, subscription_end_date, user_id, is_paid) values (803, 396, '2019-02-16', '2020-10-01', 574, 1);
insert into subscription (id, edition_id, subscription_start_date, subscription_end_date, user_id, is_paid) values (804, 144, '2019-12-01', '2021-01-07', 543, 0);
insert into subscription (id, edition_id, subscription_start_date, subscription_end_date, user_id, is_paid) values (805, 473, '2019-03-10', '2020-07-25', 183, 1);
insert into subscription (id, edition_id, subscription_start_date, subscription_end_date, user_id, is_paid) values (806, 30, '2019-05-15', '2020-03-22', 435, 0);
insert into subscription (id, edition_id, subscription_start_date, subscription_end_date, user_id, is_paid) values (807, 590, '2019-11-25', '2021-02-10', 969, 1);
insert into subscription (id, edition_id, subscription_start_date, subscription_end_date, user_id, is_paid) values (808, 48, '2019-11-12', '2020-09-03', 294, 0);
insert into subscription (id, edition_id, subscription_start_date, subscription_end_date, user_id, is_paid) values (809, 540, '2019-07-14', '2020-10-22', 472, 1);
insert into subscription (id, edition_id, subscription_start_date, subscription_end_date, user_id, is_paid) values (810, 243, '2019-03-08', '2020-07-26', 495, 0);
insert into subscription (id, edition_id, subscription_start_date, subscription_end_date, user_id, is_paid) values (811, 191, '2019-09-16', '2020-05-07', 540, 1);
insert into subscription (id, edition_id, subscription_start_date, subscription_end_date, user_id, is_paid) values (812, 348, '2019-08-07', '2020-05-13', 435, 0);
insert into subscription (id, edition_id, subscription_start_date, subscription_end_date, user_id, is_paid) values (813, 200, '2019-08-15', '2020-04-21', 877, 1);
insert into subscription (id, edition_id, subscription_start_date, subscription_end_date, user_id, is_paid) values (814, 618, '2019-10-08', '2020-06-25', 844, 0);
insert into subscription (id, edition_id, subscription_start_date, subscription_end_date, user_id, is_paid) values (815, 192, '2019-07-15', '2020-08-22', 588, 1);
insert into subscription (id, edition_id, subscription_start_date, subscription_end_date, user_id, is_paid) values (816, 733, '2019-10-14', '2020-12-20', 708, 0);
insert into subscription (id, edition_id, subscription_start_date, subscription_end_date, user_id, is_paid) values (817, 454, '2019-02-24', '2020-04-16', 726, 1);
insert into subscription (id, edition_id, subscription_start_date, subscription_end_date, user_id, is_paid) values (818, 151, '2019-09-01', '2020-11-08', 23, 0);
insert into subscription (id, edition_id, subscription_start_date, subscription_end_date, user_id, is_paid) values (819, 211, '2019-09-02', '2020-10-09', 203, 1);
insert into subscription (id, edition_id, subscription_start_date, subscription_end_date, user_id, is_paid) values (820, 22, '2019-07-08', '2020-11-08', 24, 0);
insert into subscription (id, edition_id, subscription_start_date, subscription_end_date, user_id, is_paid) values (821, 713, '2019-05-16', '2020-10-18', 772, 1);
insert into subscription (id, edition_id, subscription_start_date, subscription_end_date, user_id, is_paid) values (822, 305, '2019-08-21', '2020-07-03', 762, 0);
insert into subscription (id, edition_id, subscription_start_date, subscription_end_date, user_id, is_paid) values (823, 119, '2019-05-27', '2020-09-11', 682, 1);
insert into subscription (id, edition_id, subscription_start_date, subscription_end_date, user_id, is_paid) values (824, 604, '2019-10-30', '2020-05-28', 249, 0);
insert into subscription (id, edition_id, subscription_start_date, subscription_end_date, user_id, is_paid) values (825, 421, '2019-03-13', '2020-09-04', 558, 1);
insert into subscription (id, edition_id, subscription_start_date, subscription_end_date, user_id, is_paid) values (826, 175, '2019-03-28', '2021-02-01', 76, 0);
insert into subscription (id, edition_id, subscription_start_date, subscription_end_date, user_id, is_paid) values (827, 605, '2019-10-16', '2020-11-15', 338, 1);
insert into subscription (id, edition_id, subscription_start_date, subscription_end_date, user_id, is_paid) values (828, 496, '2019-10-18', '2020-06-11', 312, 0);
insert into subscription (id, edition_id, subscription_start_date, subscription_end_date, user_id, is_paid) values (829, 555, '2019-06-03', '2020-05-24', 512, 1);
insert into subscription (id, edition_id, subscription_start_date, subscription_end_date, user_id, is_paid) values (830, 727, '2019-11-29', '2020-04-05', 632, 0);
insert into subscription (id, edition_id, subscription_start_date, subscription_end_date, user_id, is_paid) values (831, 626, '2019-03-09', '2020-10-22', 687, 1);
insert into subscription (id, edition_id, subscription_start_date, subscription_end_date, user_id, is_paid) values (832, 672, '2019-03-06', '2020-05-07', 250, 0);
insert into subscription (id, edition_id, subscription_start_date, subscription_end_date, user_id, is_paid) values (833, 730, '2019-08-08', '2020-10-05', 688, 1);
insert into subscription (id, edition_id, subscription_start_date, subscription_end_date, user_id, is_paid) values (834, 199, '2019-03-25', '2020-05-03', 471, 0);
insert into subscription (id, edition_id, subscription_start_date, subscription_end_date, user_id, is_paid) values (835, 348, '2020-01-10', '2020-09-07', 393, 1);
insert into subscription (id, edition_id, subscription_start_date, subscription_end_date, user_id, is_paid) values (836, 352, '2020-01-05', '2020-10-10', 697, 0);
insert into subscription (id, edition_id, subscription_start_date, subscription_end_date, user_id, is_paid) values (837, 337, '2019-10-02', '2021-02-02', 772, 1);
insert into subscription (id, edition_id, subscription_start_date, subscription_end_date, user_id, is_paid) values (838, 459, '2019-07-03', '2020-12-11', 828, 0);
insert into subscription (id, edition_id, subscription_start_date, subscription_end_date, user_id, is_paid) values (839, 573, '2019-08-27', '2021-02-03', 220, 1);
insert into subscription (id, edition_id, subscription_start_date, subscription_end_date, user_id, is_paid) values (840, 604, '2019-09-13', '2021-01-12', 1000, 0);
insert into subscription (id, edition_id, subscription_start_date, subscription_end_date, user_id, is_paid) values (841, 285, '2019-05-24', '2020-12-21', 970, 1);
insert into subscription (id, edition_id, subscription_start_date, subscription_end_date, user_id, is_paid) values (842, 141, '2019-09-19', '2020-09-20', 442, 0);
insert into subscription (id, edition_id, subscription_start_date, subscription_end_date, user_id, is_paid) values (843, 108, '2019-08-29', '2021-01-17', 322, 1);
insert into subscription (id, edition_id, subscription_start_date, subscription_end_date, user_id, is_paid) values (844, 627, '2019-06-24', '2020-05-10', 859, 0);
insert into subscription (id, edition_id, subscription_start_date, subscription_end_date, user_id, is_paid) values (845, 335, '2019-04-29', '2020-10-10', 874, 1);
insert into subscription (id, edition_id, subscription_start_date, subscription_end_date, user_id, is_paid) values (846, 582, '2019-10-27', '2020-10-14', 834, 0);
insert into subscription (id, edition_id, subscription_start_date, subscription_end_date, user_id, is_paid) values (847, 92, '2019-05-15', '2020-08-19', 771, 1);
insert into subscription (id, edition_id, subscription_start_date, subscription_end_date, user_id, is_paid) values (848, 120, '2019-04-28', '2020-09-21', 100, 0);
insert into subscription (id, edition_id, subscription_start_date, subscription_end_date, user_id, is_paid) values (849, 117, '2019-04-06', '2020-08-12', 924, 1);
insert into subscription (id, edition_id, subscription_start_date, subscription_end_date, user_id, is_paid) values (850, 106, '2019-07-04', '2020-08-16', 39, 0);
insert into subscription (id, edition_id, subscription_start_date, subscription_end_date, user_id, is_paid) values (851, 407, '2019-04-14', '2020-03-30', 471, 1);
insert into subscription (id, edition_id, subscription_start_date, subscription_end_date, user_id, is_paid) values (852, 293, '2019-12-09', '2021-02-12', 306, 0);
insert into subscription (id, edition_id, subscription_start_date, subscription_end_date, user_id, is_paid) values (853, 194, '2019-11-03', '2020-11-17', 488, 1);
insert into subscription (id, edition_id, subscription_start_date, subscription_end_date, user_id, is_paid) values (854, 341, '2019-04-30', '2020-09-23', 208, 0);
insert into subscription (id, edition_id, subscription_start_date, subscription_end_date, user_id, is_paid) values (855, 69, '2019-04-24', '2020-05-29', 158, 1);
insert into subscription (id, edition_id, subscription_start_date, subscription_end_date, user_id, is_paid) values (856, 641, '2019-06-17', '2020-11-21', 101, 0);
insert into subscription (id, edition_id, subscription_start_date, subscription_end_date, user_id, is_paid) values (857, 122, '2019-06-30', '2020-07-30', 595, 1);
insert into subscription (id, edition_id, subscription_start_date, subscription_end_date, user_id, is_paid) values (858, 732, '2019-06-13', '2020-08-27', 998, 0);
insert into subscription (id, edition_id, subscription_start_date, subscription_end_date, user_id, is_paid) values (859, 147, '2019-08-26', '2020-06-20', 325, 1);
insert into subscription (id, edition_id, subscription_start_date, subscription_end_date, user_id, is_paid) values (860, 118, '2019-03-28', '2020-07-20', 318, 0);
insert into subscription (id, edition_id, subscription_start_date, subscription_end_date, user_id, is_paid) values (861, 417, '2019-05-25', '2020-04-20', 475, 1);
insert into subscription (id, edition_id, subscription_start_date, subscription_end_date, user_id, is_paid) values (862, 332, '2019-06-08', '2021-02-03', 592, 0);
insert into subscription (id, edition_id, subscription_start_date, subscription_end_date, user_id, is_paid) values (863, 40, '2019-11-20', '2020-05-16', 431, 1);
insert into subscription (id, edition_id, subscription_start_date, subscription_end_date, user_id, is_paid) values (864, 422, '2019-09-26', '2020-06-22', 280, 0);
insert into subscription (id, edition_id, subscription_start_date, subscription_end_date, user_id, is_paid) values (865, 554, '2019-03-02', '2020-07-23', 504, 1);
insert into subscription (id, edition_id, subscription_start_date, subscription_end_date, user_id, is_paid) values (866, 248, '2019-10-07', '2020-10-02', 13, 0);
insert into subscription (id, edition_id, subscription_start_date, subscription_end_date, user_id, is_paid) values (867, 346, '2019-08-13', '2020-03-27', 916, 1);
insert into subscription (id, edition_id, subscription_start_date, subscription_end_date, user_id, is_paid) values (868, 239, '2019-07-16', '2020-11-30', 959, 0);
insert into subscription (id, edition_id, subscription_start_date, subscription_end_date, user_id, is_paid) values (869, 727, '2019-10-22', '2020-12-18', 852, 1);
insert into subscription (id, edition_id, subscription_start_date, subscription_end_date, user_id, is_paid) values (870, 508, '2019-05-05', '2021-02-07', 807, 0);
insert into subscription (id, edition_id, subscription_start_date, subscription_end_date, user_id, is_paid) values (871, 261, '2019-06-27', '2020-08-01', 622, 1);
insert into subscription (id, edition_id, subscription_start_date, subscription_end_date, user_id, is_paid) values (872, 686, '2019-08-17', '2020-07-23', 493, 0);
insert into subscription (id, edition_id, subscription_start_date, subscription_end_date, user_id, is_paid) values (873, 483, '2020-01-11', '2020-08-22', 632, 1);
insert into subscription (id, edition_id, subscription_start_date, subscription_end_date, user_id, is_paid) values (874, 273, '2019-10-11', '2020-04-04', 219, 0);
insert into subscription (id, edition_id, subscription_start_date, subscription_end_date, user_id, is_paid) values (875, 104, '2019-08-29', '2020-11-17', 461, 1);
insert into subscription (id, edition_id, subscription_start_date, subscription_end_date, user_id, is_paid) values (876, 587, '2019-09-16', '2020-04-23', 842, 0);
insert into subscription (id, edition_id, subscription_start_date, subscription_end_date, user_id, is_paid) values (877, 183, '2019-05-20', '2020-06-15', 958, 1);
insert into subscription (id, edition_id, subscription_start_date, subscription_end_date, user_id, is_paid) values (878, 618, '2019-04-11', '2020-04-08', 407, 0);
insert into subscription (id, edition_id, subscription_start_date, subscription_end_date, user_id, is_paid) values (879, 396, '2019-12-09', '2020-08-20', 353, 1);
insert into subscription (id, edition_id, subscription_start_date, subscription_end_date, user_id, is_paid) values (880, 497, '2019-09-05', '2021-02-03', 516, 0);
insert into subscription (id, edition_id, subscription_start_date, subscription_end_date, user_id, is_paid) values (881, 514, '2019-04-17', '2020-10-15', 766, 1);
insert into subscription (id, edition_id, subscription_start_date, subscription_end_date, user_id, is_paid) values (882, 176, '2019-12-18', '2020-04-30', 659, 0);
insert into subscription (id, edition_id, subscription_start_date, subscription_end_date, user_id, is_paid) values (883, 121, '2019-10-23', '2020-03-21', 175, 1);
insert into subscription (id, edition_id, subscription_start_date, subscription_end_date, user_id, is_paid) values (884, 292, '2019-10-03', '2020-08-24', 44, 0);
insert into subscription (id, edition_id, subscription_start_date, subscription_end_date, user_id, is_paid) values (885, 176, '2019-04-13', '2020-12-05', 827, 1);
insert into subscription (id, edition_id, subscription_start_date, subscription_end_date, user_id, is_paid) values (886, 368, '2019-10-30', '2020-10-01', 445, 0);
insert into subscription (id, edition_id, subscription_start_date, subscription_end_date, user_id, is_paid) values (887, 224, '2019-03-14', '2020-09-26', 819, 1);
insert into subscription (id, edition_id, subscription_start_date, subscription_end_date, user_id, is_paid) values (888, 159, '2019-10-04', '2020-07-02', 116, 0);
insert into subscription (id, edition_id, subscription_start_date, subscription_end_date, user_id, is_paid) values (889, 134, '2019-11-06', '2020-03-16', 205, 1);
insert into subscription (id, edition_id, subscription_start_date, subscription_end_date, user_id, is_paid) values (890, 728, '2019-06-06', '2020-07-28', 831, 0);
insert into subscription (id, edition_id, subscription_start_date, subscription_end_date, user_id, is_paid) values (891, 369, '2019-08-12', '2020-11-25', 376, 1);
insert into subscription (id, edition_id, subscription_start_date, subscription_end_date, user_id, is_paid) values (892, 450, '2019-10-10', '2020-12-10', 151, 0);
insert into subscription (id, edition_id, subscription_start_date, subscription_end_date, user_id, is_paid) values (893, 597, '2019-10-14', '2020-12-10', 573, 1);
insert into subscription (id, edition_id, subscription_start_date, subscription_end_date, user_id, is_paid) values (894, 333, '2019-11-09', '2020-11-27', 432, 0);
insert into subscription (id, edition_id, subscription_start_date, subscription_end_date, user_id, is_paid) values (895, 650, '2019-04-21', '2020-05-23', 32, 1);
insert into subscription (id, edition_id, subscription_start_date, subscription_end_date, user_id, is_paid) values (896, 501, '2019-08-09', '2021-01-09', 123, 0);
insert into subscription (id, edition_id, subscription_start_date, subscription_end_date, user_id, is_paid) values (897, 303, '2019-11-11', '2020-04-16', 961, 1);
insert into subscription (id, edition_id, subscription_start_date, subscription_end_date, user_id, is_paid) values (898, 53, '2019-08-11', '2020-09-06', 892, 0);
insert into subscription (id, edition_id, subscription_start_date, subscription_end_date, user_id, is_paid) values (899, 328, '2019-05-04', '2021-02-01', 639, 1);
insert into subscription (id, edition_id, subscription_start_date, subscription_end_date, user_id, is_paid) values (900, 509, '2019-08-23', '2020-05-14', 150, 0);
insert into subscription (id, edition_id, subscription_start_date, subscription_end_date, user_id, is_paid) values (901, 133, '2019-02-22', '2020-08-07', 247, 1);
insert into subscription (id, edition_id, subscription_start_date, subscription_end_date, user_id, is_paid) values (902, 679, '2019-03-10', '2020-06-22', 490, 0);
insert into subscription (id, edition_id, subscription_start_date, subscription_end_date, user_id, is_paid) values (903, 417, '2019-03-02', '2020-07-24', 307, 1);
insert into subscription (id, edition_id, subscription_start_date, subscription_end_date, user_id, is_paid) values (904, 705, '2019-11-02', '2020-11-11', 193, 0);
insert into subscription (id, edition_id, subscription_start_date, subscription_end_date, user_id, is_paid) values (905, 630, '2019-06-26', '2020-05-07', 602, 1);
insert into subscription (id, edition_id, subscription_start_date, subscription_end_date, user_id, is_paid) values (906, 342, '2019-09-28', '2020-04-14', 332, 0);
insert into subscription (id, edition_id, subscription_start_date, subscription_end_date, user_id, is_paid) values (907, 163, '2019-08-19', '2020-05-30', 153, 1);
insert into subscription (id, edition_id, subscription_start_date, subscription_end_date, user_id, is_paid) values (908, 332, '2019-10-30', '2020-09-22', 658, 0);
insert into subscription (id, edition_id, subscription_start_date, subscription_end_date, user_id, is_paid) values (909, 125, '2019-08-22', '2020-06-22', 459, 1);
insert into subscription (id, edition_id, subscription_start_date, subscription_end_date, user_id, is_paid) values (910, 141, '2019-10-29', '2021-01-03', 848, 0);
insert into subscription (id, edition_id, subscription_start_date, subscription_end_date, user_id, is_paid) values (911, 487, '2019-11-24', '2020-12-19', 681, 1);
insert into subscription (id, edition_id, subscription_start_date, subscription_end_date, user_id, is_paid) values (912, 441, '2019-11-13', '2020-09-13', 163, 0);
insert into subscription (id, edition_id, subscription_start_date, subscription_end_date, user_id, is_paid) values (913, 320, '2019-04-11', '2020-09-21', 686, 1);
insert into subscription (id, edition_id, subscription_start_date, subscription_end_date, user_id, is_paid) values (914, 660, '2019-07-14', '2020-07-17', 657, 0);
insert into subscription (id, edition_id, subscription_start_date, subscription_end_date, user_id, is_paid) values (915, 422, '2019-02-20', '2020-06-24', 996, 1);
insert into subscription (id, edition_id, subscription_start_date, subscription_end_date, user_id, is_paid) values (916, 239, '2019-05-20', '2021-01-20', 161, 0);
insert into subscription (id, edition_id, subscription_start_date, subscription_end_date, user_id, is_paid) values (917, 438, '2019-12-08', '2020-12-04', 108, 1);
insert into subscription (id, edition_id, subscription_start_date, subscription_end_date, user_id, is_paid) values (918, 436, '2019-10-02', '2020-08-28', 655, 0);
insert into subscription (id, edition_id, subscription_start_date, subscription_end_date, user_id, is_paid) values (919, 260, '2019-05-03', '2020-06-28', 34, 1);
insert into subscription (id, edition_id, subscription_start_date, subscription_end_date, user_id, is_paid) values (920, 500, '2019-08-18', '2020-03-25', 523, 0);
insert into subscription (id, edition_id, subscription_start_date, subscription_end_date, user_id, is_paid) values (921, 63, '2019-06-24', '2020-11-29', 598, 1);
insert into subscription (id, edition_id, subscription_start_date, subscription_end_date, user_id, is_paid) values (922, 19, '2019-08-09', '2021-02-02', 237, 0);
insert into subscription (id, edition_id, subscription_start_date, subscription_end_date, user_id, is_paid) values (923, 342, '2019-10-09', '2020-11-12', 937, 1);
insert into subscription (id, edition_id, subscription_start_date, subscription_end_date, user_id, is_paid) values (924, 553, '2019-07-14', '2020-08-20', 16, 0);
insert into subscription (id, edition_id, subscription_start_date, subscription_end_date, user_id, is_paid) values (925, 298, '2019-10-07', '2020-05-15', 624, 1);
insert into subscription (id, edition_id, subscription_start_date, subscription_end_date, user_id, is_paid) values (926, 699, '2019-09-20', '2020-09-25', 779, 0);
insert into subscription (id, edition_id, subscription_start_date, subscription_end_date, user_id, is_paid) values (927, 340, '2019-05-08', '2021-02-03', 284, 1);
insert into subscription (id, edition_id, subscription_start_date, subscription_end_date, user_id, is_paid) values (928, 595, '2019-11-06', '2020-12-17', 5, 0);
insert into subscription (id, edition_id, subscription_start_date, subscription_end_date, user_id, is_paid) values (929, 167, '2019-02-20', '2020-04-27', 233, 1);
insert into subscription (id, edition_id, subscription_start_date, subscription_end_date, user_id, is_paid) values (930, 175, '2019-05-03', '2020-12-20', 117, 0);
insert into subscription (id, edition_id, subscription_start_date, subscription_end_date, user_id, is_paid) values (931, 163, '2019-10-09', '2020-06-01', 987, 1);
insert into subscription (id, edition_id, subscription_start_date, subscription_end_date, user_id, is_paid) values (932, 528, '2019-09-15', '2020-12-19', 980, 0);
insert into subscription (id, edition_id, subscription_start_date, subscription_end_date, user_id, is_paid) values (933, 648, '2019-11-12', '2020-05-12', 750, 1);
insert into subscription (id, edition_id, subscription_start_date, subscription_end_date, user_id, is_paid) values (934, 281, '2019-07-01', '2020-12-06', 63, 0);
insert into subscription (id, edition_id, subscription_start_date, subscription_end_date, user_id, is_paid) values (935, 328, '2019-05-21', '2020-10-18', 249, 1);
insert into subscription (id, edition_id, subscription_start_date, subscription_end_date, user_id, is_paid) values (936, 395, '2019-11-30', '2020-06-18', 828, 0);
insert into subscription (id, edition_id, subscription_start_date, subscription_end_date, user_id, is_paid) values (937, 299, '2019-04-20', '2020-07-31', 393, 1);
insert into subscription (id, edition_id, subscription_start_date, subscription_end_date, user_id, is_paid) values (938, 66, '2019-02-19', '2020-08-09', 681, 0);
insert into subscription (id, edition_id, subscription_start_date, subscription_end_date, user_id, is_paid) values (939, 699, '2019-12-19', '2020-09-04', 221, 1);
insert into subscription (id, edition_id, subscription_start_date, subscription_end_date, user_id, is_paid) values (940, 92, '2019-05-15', '2020-10-10', 47, 0);
insert into subscription (id, edition_id, subscription_start_date, subscription_end_date, user_id, is_paid) values (941, 395, '2019-04-13', '2020-07-28', 447, 1);
insert into subscription (id, edition_id, subscription_start_date, subscription_end_date, user_id, is_paid) values (942, 394, '2019-09-19', '2020-10-29', 738, 0);
insert into subscription (id, edition_id, subscription_start_date, subscription_end_date, user_id, is_paid) values (943, 394, '2019-03-07', '2020-04-24', 80, 1);
insert into subscription (id, edition_id, subscription_start_date, subscription_end_date, user_id, is_paid) values (944, 113, '2019-07-10', '2020-11-19', 572, 0);
insert into subscription (id, edition_id, subscription_start_date, subscription_end_date, user_id, is_paid) values (945, 9, '2019-09-22', '2020-03-16', 339, 1);
insert into subscription (id, edition_id, subscription_start_date, subscription_end_date, user_id, is_paid) values (946, 111, '2019-06-25', '2020-04-22', 195, 0);
insert into subscription (id, edition_id, subscription_start_date, subscription_end_date, user_id, is_paid) values (947, 612, '2019-06-01', '2021-01-19', 264, 1);
insert into subscription (id, edition_id, subscription_start_date, subscription_end_date, user_id, is_paid) values (948, 601, '2019-12-17', '2020-09-21', 873, 0);
insert into subscription (id, edition_id, subscription_start_date, subscription_end_date, user_id, is_paid) values (949, 458, '2019-04-10', '2021-01-18', 923, 1);
insert into subscription (id, edition_id, subscription_start_date, subscription_end_date, user_id, is_paid) values (950, 610, '2019-11-10', '2021-02-07', 531, 0);
insert into subscription (id, edition_id, subscription_start_date, subscription_end_date, user_id, is_paid) values (951, 207, '2019-04-13', '2020-12-29', 398, 1);
insert into subscription (id, edition_id, subscription_start_date, subscription_end_date, user_id, is_paid) values (952, 722, '2019-12-03', '2020-04-17', 934, 0);
insert into subscription (id, edition_id, subscription_start_date, subscription_end_date, user_id, is_paid) values (953, 267, '2019-11-18', '2020-06-24', 788, 1);
insert into subscription (id, edition_id, subscription_start_date, subscription_end_date, user_id, is_paid) values (954, 48, '2019-08-06', '2020-03-19', 601, 0);
insert into subscription (id, edition_id, subscription_start_date, subscription_end_date, user_id, is_paid) values (955, 704, '2019-07-07', '2020-03-26', 97, 1);
insert into subscription (id, edition_id, subscription_start_date, subscription_end_date, user_id, is_paid) values (956, 37, '2019-06-25', '2020-04-22', 118, 0);
insert into subscription (id, edition_id, subscription_start_date, subscription_end_date, user_id, is_paid) values (957, 456, '2020-01-12', '2020-07-11', 523, 1);
insert into subscription (id, edition_id, subscription_start_date, subscription_end_date, user_id, is_paid) values (958, 600, '2019-03-20', '2020-05-22', 791, 0);
insert into subscription (id, edition_id, subscription_start_date, subscription_end_date, user_id, is_paid) values (959, 447, '2019-03-20', '2020-12-08', 835, 1);
insert into subscription (id, edition_id, subscription_start_date, subscription_end_date, user_id, is_paid) values (960, 248, '2019-07-05', '2020-03-21', 600, 0);
insert into subscription (id, edition_id, subscription_start_date, subscription_end_date, user_id, is_paid) values (961, 192, '2019-10-26', '2020-11-30', 771, 1);
insert into subscription (id, edition_id, subscription_start_date, subscription_end_date, user_id, is_paid) values (962, 519, '2019-04-04', '2020-12-11', 565, 0);
insert into subscription (id, edition_id, subscription_start_date, subscription_end_date, user_id, is_paid) values (963, 107, '2019-12-16', '2020-08-26', 471, 1);
insert into subscription (id, edition_id, subscription_start_date, subscription_end_date, user_id, is_paid) values (964, 666, '2019-02-23', '2020-12-12', 111, 0);
insert into subscription (id, edition_id, subscription_start_date, subscription_end_date, user_id, is_paid) values (965, 212, '2019-11-19', '2020-11-10', 106, 1);
insert into subscription (id, edition_id, subscription_start_date, subscription_end_date, user_id, is_paid) values (966, 325, '2019-10-11', '2020-11-02', 133, 0);
insert into subscription (id, edition_id, subscription_start_date, subscription_end_date, user_id, is_paid) values (967, 637, '2019-08-29', '2020-07-20', 287, 1);
insert into subscription (id, edition_id, subscription_start_date, subscription_end_date, user_id, is_paid) values (968, 650, '2019-03-28', '2020-11-05', 11, 0);
insert into subscription (id, edition_id, subscription_start_date, subscription_end_date, user_id, is_paid) values (969, 251, '2019-07-09', '2020-12-28', 742, 1);
insert into subscription (id, edition_id, subscription_start_date, subscription_end_date, user_id, is_paid) values (970, 7, '2019-10-02', '2020-06-30', 739, 0);
insert into subscription (id, edition_id, subscription_start_date, subscription_end_date, user_id, is_paid) values (971, 540, '2019-09-12', '2020-04-02', 337, 1);
insert into subscription (id, edition_id, subscription_start_date, subscription_end_date, user_id, is_paid) values (972, 76, '2019-05-08', '2020-11-18', 701, 0);
insert into subscription (id, edition_id, subscription_start_date, subscription_end_date, user_id, is_paid) values (973, 407, '2019-03-18', '2020-10-06', 496, 1);
insert into subscription (id, edition_id, subscription_start_date, subscription_end_date, user_id, is_paid) values (974, 635, '2019-12-20', '2020-05-28', 879, 0);
insert into subscription (id, edition_id, subscription_start_date, subscription_end_date, user_id, is_paid) values (975, 261, '2019-12-25', '2020-11-24', 523, 1);
insert into subscription (id, edition_id, subscription_start_date, subscription_end_date, user_id, is_paid) values (976, 599, '2019-10-07', '2020-06-27', 399, 0);
insert into subscription (id, edition_id, subscription_start_date, subscription_end_date, user_id, is_paid) values (977, 531, '2019-10-15', '2020-06-15', 131, 1);
insert into subscription (id, edition_id, subscription_start_date, subscription_end_date, user_id, is_paid) values (978, 638, '2019-07-09', '2020-09-21', 809, 0);
insert into subscription (id, edition_id, subscription_start_date, subscription_end_date, user_id, is_paid) values (979, 537, '2019-12-23', '2021-01-21', 969, 1);
insert into subscription (id, edition_id, subscription_start_date, subscription_end_date, user_id, is_paid) values (980, 113, '2019-11-01', '2021-01-28', 18, 0);
insert into subscription (id, edition_id, subscription_start_date, subscription_end_date, user_id, is_paid) values (981, 67, '2019-08-31', '2020-03-20', 559, 1);
insert into subscription (id, edition_id, subscription_start_date, subscription_end_date, user_id, is_paid) values (982, 463, '2019-11-18', '2020-05-10', 749, 0);
insert into subscription (id, edition_id, subscription_start_date, subscription_end_date, user_id, is_paid) values (983, 185, '2019-06-05', '2020-04-12', 541, 1);
insert into subscription (id, edition_id, subscription_start_date, subscription_end_date, user_id, is_paid) values (984, 134, '2019-12-11', '2020-10-12', 18, 0);
insert into subscription (id, edition_id, subscription_start_date, subscription_end_date, user_id, is_paid) values (985, 264, '2019-07-10', '2020-12-24', 140, 1);
insert into subscription (id, edition_id, subscription_start_date, subscription_end_date, user_id, is_paid) values (986, 61, '2019-09-22', '2020-11-25', 8, 0);
insert into subscription (id, edition_id, subscription_start_date, subscription_end_date, user_id, is_paid) values (987, 434, '2019-06-07', '2020-07-23', 276, 1);
insert into subscription (id, edition_id, subscription_start_date, subscription_end_date, user_id, is_paid) values (988, 161, '2019-12-15', '2020-11-24', 566, 0);
insert into subscription (id, edition_id, subscription_start_date, subscription_end_date, user_id, is_paid) values (989, 712, '2019-04-03', '2020-11-18', 6, 1);
insert into subscription (id, edition_id, subscription_start_date, subscription_end_date, user_id, is_paid) values (990, 534, '2019-09-12', '2020-11-19', 493, 0);
insert into subscription (id, edition_id, subscription_start_date, subscription_end_date, user_id, is_paid) values (991, 525, '2019-04-29', '2020-12-25', 817, 1);
insert into subscription (id, edition_id, subscription_start_date, subscription_end_date, user_id, is_paid) values (992, 730, '2019-03-20', '2020-10-06', 87, 0);
insert into subscription (id, edition_id, subscription_start_date, subscription_end_date, user_id, is_paid) values (993, 718, '2019-04-04', '2021-01-10', 939, 1);
insert into subscription (id, edition_id, subscription_start_date, subscription_end_date, user_id, is_paid) values (994, 695, '2019-07-29', '2020-06-11', 687, 0);
insert into subscription (id, edition_id, subscription_start_date, subscription_end_date, user_id, is_paid) values (995, 477, '2019-02-28', '2020-06-22', 360, 1);
insert into subscription (id, edition_id, subscription_start_date, subscription_end_date, user_id, is_paid) values (996, 405, '2019-09-17', '2020-08-06', 919, 0);
insert into subscription (id, edition_id, subscription_start_date, subscription_end_date, user_id, is_paid) values (997, 602, '2019-09-28', '2021-01-21', 478, 1);
insert into subscription (id, edition_id, subscription_start_date, subscription_end_date, user_id, is_paid) values (998, 250, '2019-05-28', '2020-07-11', 295, 0);
insert into subscription (id, edition_id, subscription_start_date, subscription_end_date, user_id, is_paid) values (999, 335, '2019-08-15', '2020-05-08', 404, 1);
insert into subscription (id, edition_id, subscription_start_date, subscription_end_date, user_id, is_paid) values (1000, 654, '2019-06-22', '2020-06-13', 458, 0);


INSERT INTO `payment` VALUES (1,392,3,'2019-10-24 00:00:00',49.3200,655);
INSERT INTO `payment` VALUES (2,369,2,'2019-07-20 00:00:00',23.5200,90);
INSERT INTO `payment` VALUES (3,45,1,'2019-11-21 00:00:00',37.7900,NULL);
INSERT INTO `payment` VALUES (4,29,2,'2019-03-19 00:00:00',22.1400,76);
INSERT INTO `payment` VALUES (5,586,1,'2019-07-03 00:00:00',48.1900,NULL);
INSERT INTO `payment` VALUES (6,255,3,'2019-07-25 00:00:00',37.5800,320);
INSERT INTO `payment` VALUES (7,942,2,'2019-12-18 00:00:00',33.2200,922);
INSERT INTO `payment` VALUES (8,985,3,'2019-10-15 00:00:00',49.4700,574);
INSERT INTO `payment` VALUES (9,26,2,'2019-09-08 00:00:00',40.9000,444);
INSERT INTO `payment` VALUES (10,274,3,'2019-02-26 00:00:00',25.8300,316);
INSERT INTO `payment` VALUES (11,552,1,'2019-06-30 00:00:00',29.1000,NULL);
INSERT INTO `payment` VALUES (12,165,1,'2019-09-14 00:00:00',28.9000,NULL);
INSERT INTO `payment` VALUES (13,557,1,'2020-01-01 00:00:00',29.8100,NULL);
INSERT INTO `payment` VALUES (14,579,1,'2019-10-14 00:00:00',35.3300,NULL);
INSERT INTO `payment` VALUES (15,919,3,'2019-07-08 00:00:00',22.9500,130);
INSERT INTO `payment` VALUES (16,999,3,'2019-03-06 00:00:00',46.0000,149);
INSERT INTO `payment` VALUES (17,370,2,'2020-02-10 00:00:00',34.8500,831);
INSERT INTO `payment` VALUES (18,270,3,'2019-02-20 00:00:00',26.4600,191);
INSERT INTO `payment` VALUES (19,662,2,'2019-04-20 00:00:00',49.1200,482);
INSERT INTO `payment` VALUES (20,312,3,'2019-06-11 00:00:00',46.5400,501);
INSERT INTO `payment` VALUES (21,854,3,'2019-11-16 00:00:00',34.9500,266);
INSERT INTO `payment` VALUES (22,393,3,'2019-03-28 00:00:00',40.7000,236);
INSERT INTO `payment` VALUES (23,549,3,'2019-06-25 00:00:00',44.2800,911);
INSERT INTO `payment` VALUES (24,491,3,'2019-04-08 00:00:00',35.9500,464);
INSERT INTO `payment` VALUES (25,71,1,'2019-09-01 00:00:00',46.2600,NULL);
INSERT INTO `payment` VALUES (26,961,3,'2019-06-06 00:00:00',29.6900,767);
INSERT INTO `payment` VALUES (27,704,1,'2019-03-01 00:00:00',45.3700,NULL);
INSERT INTO `payment` VALUES (28,741,1,'2019-12-12 00:00:00',39.8600,NULL);
INSERT INTO `payment` VALUES (29,496,3,'2019-10-26 00:00:00',26.1200,10);
INSERT INTO `payment` VALUES (30,303,3,'2019-09-02 00:00:00',29.1300,454);
INSERT INTO `payment` VALUES (31,842,2,'2019-08-03 00:00:00',32.3700,349);
INSERT INTO `payment` VALUES (32,25,3,'2019-08-30 00:00:00',48.2000,515);
INSERT INTO `payment` VALUES (33,914,3,'2019-03-29 00:00:00',33.7000,874);
INSERT INTO `payment` VALUES (34,94,1,'2019-06-16 00:00:00',23.8200,NULL);
INSERT INTO `payment` VALUES (35,793,1,'2019-03-03 00:00:00',21.6600,NULL);
INSERT INTO `payment` VALUES (36,853,1,'2019-10-10 00:00:00',43.3600,NULL);
INSERT INTO `payment` VALUES (37,847,3,'2019-09-23 00:00:00',36.2300,657);
INSERT INTO `payment` VALUES (38,418,3,'2019-03-21 00:00:00',28.7400,732);
INSERT INTO `payment` VALUES (39,695,1,'2019-02-19 00:00:00',46.6000,NULL);
INSERT INTO `payment` VALUES (40,81,2,'2019-06-13 00:00:00',24.6600,611);
INSERT INTO `payment` VALUES (41,577,3,'2020-01-19 00:00:00',30.1700,295);
INSERT INTO `payment` VALUES (42,999,3,'2019-04-23 00:00:00',49.6900,1);
INSERT INTO `payment` VALUES (43,468,1,'2019-12-26 00:00:00',31.9300,NULL);
INSERT INTO `payment` VALUES (44,423,1,'2019-03-15 00:00:00',46.1500,NULL);
INSERT INTO `payment` VALUES (45,805,1,'2020-01-10 00:00:00',20.5600,NULL);
INSERT INTO `payment` VALUES (46,354,2,'2019-12-14 00:00:00',46.7500,298);
INSERT INTO `payment` VALUES (47,893,2,'2019-07-19 00:00:00',29.9700,617);
INSERT INTO `payment` VALUES (48,121,2,'2020-02-07 00:00:00',20.3900,123);
INSERT INTO `payment` VALUES (49,46,1,'2019-11-06 00:00:00',46.2600,NULL);
INSERT INTO `payment` VALUES (50,367,3,'2019-03-07 00:00:00',28.3600,18);
INSERT INTO `payment` VALUES (51,201,3,'2019-10-19 00:00:00',46.4200,450);
INSERT INTO `payment` VALUES (52,633,2,'2019-10-22 00:00:00',20.7100,242);
INSERT INTO `payment` VALUES (53,835,3,'2020-01-12 00:00:00',30.8000,333);
INSERT INTO `payment` VALUES (54,308,3,'2019-05-17 00:00:00',41.5100,608);
INSERT INTO `payment` VALUES (55,380,3,'2019-04-13 00:00:00',23.2100,810);
INSERT INTO `payment` VALUES (56,323,1,'2019-05-17 00:00:00',31.0800,NULL);
INSERT INTO `payment` VALUES (57,951,2,'2020-01-28 00:00:00',40.5700,136);
INSERT INTO `payment` VALUES (58,92,1,'2019-04-19 00:00:00',47.3400,NULL);
INSERT INTO `payment` VALUES (59,251,1,'2019-04-20 00:00:00',43.3200,NULL);
INSERT INTO `payment` VALUES (60,709,2,'2019-07-06 00:00:00',27.4700,517);
INSERT INTO `payment` VALUES (61,436,3,'2019-03-26 00:00:00',36.9100,938);
INSERT INTO `payment` VALUES (62,837,3,'2019-10-12 00:00:00',34.3900,502);
INSERT INTO `payment` VALUES (63,57,1,'2020-01-11 00:00:00',20.6700,NULL);
INSERT INTO `payment` VALUES (64,935,1,'2019-02-18 00:00:00',29.6400,NULL);
INSERT INTO `payment` VALUES (65,665,1,'2019-07-28 00:00:00',46.4200,NULL);
INSERT INTO `payment` VALUES (66,672,2,'2019-04-20 00:00:00',44.0000,837);
INSERT INTO `payment` VALUES (67,443,1,'2019-11-13 00:00:00',28.9900,NULL);
INSERT INTO `payment` VALUES (68,756,2,'2019-08-31 00:00:00',43.2400,846);
INSERT INTO `payment` VALUES (69,815,2,'2019-09-21 00:00:00',25.8700,106);
INSERT INTO `payment` VALUES (70,196,3,'2020-01-09 00:00:00',44.2300,653);
INSERT INTO `payment` VALUES (71,786,2,'2019-04-03 00:00:00',21.3700,864);
INSERT INTO `payment` VALUES (72,799,2,'2019-07-02 00:00:00',36.5200,549);
INSERT INTO `payment` VALUES (73,983,1,'2019-06-25 00:00:00',42.3700,NULL);
INSERT INTO `payment` VALUES (74,223,1,'2019-12-18 00:00:00',47.4500,NULL);
INSERT INTO `payment` VALUES (75,685,2,'2019-09-02 00:00:00',20.9400,499);
INSERT INTO `payment` VALUES (76,644,3,'2019-04-01 00:00:00',36.3800,643);
INSERT INTO `payment` VALUES (77,422,3,'2019-12-01 00:00:00',32.1300,437);
INSERT INTO `payment` VALUES (78,733,1,'2019-07-20 00:00:00',22.0000,NULL);
INSERT INTO `payment` VALUES (79,38,1,'2019-09-18 00:00:00',32.5100,NULL);
INSERT INTO `payment` VALUES (80,304,1,'2019-03-03 00:00:00',40.2900,NULL);
INSERT INTO `payment` VALUES (81,268,3,'2019-10-18 00:00:00',46.7700,673);
INSERT INTO `payment` VALUES (82,615,2,'2019-10-18 00:00:00',34.0500,84);
INSERT INTO `payment` VALUES (83,668,2,'2019-10-05 00:00:00',41.0800,966);
INSERT INTO `payment` VALUES (84,376,1,'2019-03-23 00:00:00',30.8500,NULL);
INSERT INTO `payment` VALUES (85,877,2,'2020-02-06 00:00:00',49.7700,430);
INSERT INTO `payment` VALUES (86,700,2,'2019-10-22 00:00:00',30.4900,134);
INSERT INTO `payment` VALUES (87,314,3,'2019-08-29 00:00:00',20.6800,905);
INSERT INTO `payment` VALUES (88,453,2,'2019-08-19 00:00:00',38.3300,295);
INSERT INTO `payment` VALUES (89,78,2,'2019-03-13 00:00:00',37.5300,271);
INSERT INTO `payment` VALUES (90,472,2,'2019-11-17 00:00:00',40.2200,462);
INSERT INTO `payment` VALUES (91,954,3,'2019-06-27 00:00:00',48.8200,349);
INSERT INTO `payment` VALUES (92,105,1,'2019-09-22 00:00:00',35.0200,NULL);
INSERT INTO `payment` VALUES (93,946,1,'2019-05-28 00:00:00',33.2500,NULL);
INSERT INTO `payment` VALUES (94,902,2,'2020-01-16 00:00:00',31.7900,673);
INSERT INTO `payment` VALUES (95,574,3,'2019-04-08 00:00:00',49.3600,186);
INSERT INTO `payment` VALUES (96,994,3,'2019-02-16 00:00:00',40.1800,80);
INSERT INTO `payment` VALUES (97,98,2,'2020-02-12 00:00:00',42.6500,70);
INSERT INTO `payment` VALUES (98,151,2,'2019-03-15 00:00:00',23.0400,976);
INSERT INTO `payment` VALUES (99,141,1,'2019-08-26 00:00:00',48.9300,NULL);
INSERT INTO `payment` VALUES (100,591,1,'2019-11-24 00:00:00',43.2400,NULL);
INSERT INTO `payment` VALUES (101,181,3,'2019-05-12 00:00:00',20.8600,141);
INSERT INTO `payment` VALUES (102,830,1,'2019-09-02 00:00:00',22.3800,NULL);
INSERT INTO `payment` VALUES (103,588,2,'2019-12-19 00:00:00',45.7100,522);
INSERT INTO `payment` VALUES (104,447,2,'2019-05-31 00:00:00',31.5100,452);
INSERT INTO `payment` VALUES (105,96,3,'2019-05-12 00:00:00',22.9000,377);
INSERT INTO `payment` VALUES (106,810,2,'2019-06-03 00:00:00',31.0100,688);
INSERT INTO `payment` VALUES (107,494,3,'2019-12-23 00:00:00',42.2800,914);
INSERT INTO `payment` VALUES (108,184,3,'2019-10-28 00:00:00',38.9400,955);
INSERT INTO `payment` VALUES (109,282,1,'2019-09-09 00:00:00',22.8000,NULL);
INSERT INTO `payment` VALUES (110,537,3,'2020-01-25 00:00:00',39.8500,742);
INSERT INTO `payment` VALUES (111,318,1,'2019-05-02 00:00:00',44.7400,NULL);
INSERT INTO `payment` VALUES (112,516,3,'2019-06-12 00:00:00',43.9300,675);
INSERT INTO `payment` VALUES (113,133,3,'2019-07-13 00:00:00',41.1000,849);
INSERT INTO `payment` VALUES (114,934,2,'2020-01-08 00:00:00',21.6200,242);
INSERT INTO `payment` VALUES (115,336,1,'2019-12-14 00:00:00',45.1600,NULL);
INSERT INTO `payment` VALUES (116,457,1,'2019-07-14 00:00:00',24.9300,NULL);
INSERT INTO `payment` VALUES (117,783,3,'2019-04-03 00:00:00',47.7700,203);
INSERT INTO `payment` VALUES (118,218,1,'2019-07-05 00:00:00',26.6000,NULL);
INSERT INTO `payment` VALUES (119,973,3,'2019-07-13 00:00:00',21.7900,469);
INSERT INTO `payment` VALUES (120,138,1,'2019-08-06 00:00:00',33.7300,NULL);
INSERT INTO `payment` VALUES (121,588,3,'2019-11-29 00:00:00',33.3600,485);
INSERT INTO `payment` VALUES (122,376,1,'2019-09-14 00:00:00',23.1100,NULL);
INSERT INTO `payment` VALUES (123,240,1,'2019-12-02 00:00:00',40.7300,NULL);
INSERT INTO `payment` VALUES (124,361,3,'2019-03-28 00:00:00',46.3900,802);
INSERT INTO `payment` VALUES (125,479,1,'2020-01-20 00:00:00',47.9800,NULL);
INSERT INTO `payment` VALUES (126,107,2,'2019-05-10 00:00:00',23.2700,574);
INSERT INTO `payment` VALUES (127,836,1,'2020-01-08 00:00:00',47.7200,NULL);
INSERT INTO `payment` VALUES (128,558,1,'2020-01-27 00:00:00',41.1800,NULL);
INSERT INTO `payment` VALUES (129,79,1,'2019-08-07 00:00:00',39.2600,NULL);
INSERT INTO `payment` VALUES (130,127,2,'2019-04-10 00:00:00',34.1700,735);
INSERT INTO `payment` VALUES (131,537,3,'2019-06-25 00:00:00',22.4800,60);
INSERT INTO `payment` VALUES (132,117,2,'2019-08-18 00:00:00',41.2100,838);
INSERT INTO `payment` VALUES (133,909,3,'2019-06-24 00:00:00',20.5700,196);
INSERT INTO `payment` VALUES (134,373,2,'2019-06-06 00:00:00',33.9600,68);
INSERT INTO `payment` VALUES (135,480,1,'2019-06-15 00:00:00',48.6800,NULL);
INSERT INTO `payment` VALUES (136,550,3,'2019-09-13 00:00:00',37.4800,460);
INSERT INTO `payment` VALUES (137,466,3,'2019-11-07 00:00:00',37.3000,652);
INSERT INTO `payment` VALUES (138,242,2,'2019-03-27 00:00:00',27.5600,334);
INSERT INTO `payment` VALUES (139,805,2,'2019-05-31 00:00:00',22.7700,719);
INSERT INTO `payment` VALUES (140,586,3,'2020-01-01 00:00:00',26.0900,365);
INSERT INTO `payment` VALUES (141,236,2,'2019-02-24 00:00:00',27.4600,532);
INSERT INTO `payment` VALUES (142,643,3,'2019-10-27 00:00:00',31.6400,543);
INSERT INTO `payment` VALUES (143,321,1,'2019-03-22 00:00:00',36.5000,NULL);
INSERT INTO `payment` VALUES (144,825,2,'2019-06-14 00:00:00',27.7800,760);
INSERT INTO `payment` VALUES (145,599,2,'2019-07-03 00:00:00',37.5300,16);
INSERT INTO `payment` VALUES (146,868,1,'2019-03-08 00:00:00',45.4800,NULL);
INSERT INTO `payment` VALUES (147,502,2,'2019-08-14 00:00:00',36.0300,566);
INSERT INTO `payment` VALUES (148,711,2,'2019-05-31 00:00:00',46.8400,677);
INSERT INTO `payment` VALUES (149,338,2,'2019-11-13 00:00:00',47.9800,396);
INSERT INTO `payment` VALUES (150,289,3,'2019-02-23 00:00:00',38.8000,722);
INSERT INTO `payment` VALUES (151,153,1,'2020-02-06 00:00:00',38.7100,NULL);
INSERT INTO `payment` VALUES (152,965,1,'2019-05-01 00:00:00',44.0100,NULL);
INSERT INTO `payment` VALUES (153,599,3,'2019-08-24 00:00:00',43.5100,591);
INSERT INTO `payment` VALUES (154,443,1,'2019-05-10 00:00:00',44.5300,NULL);
INSERT INTO `payment` VALUES (155,393,3,'2019-08-13 00:00:00',45.6400,356);
INSERT INTO `payment` VALUES (156,446,1,'2019-12-04 00:00:00',43.3400,NULL);
INSERT INTO `payment` VALUES (157,356,2,'2020-02-01 00:00:00',39.0200,627);
INSERT INTO `payment` VALUES (158,962,2,'2019-12-02 00:00:00',49.7500,29);
INSERT INTO `payment` VALUES (159,497,1,'2020-01-12 00:00:00',44.0800,NULL);
INSERT INTO `payment` VALUES (160,836,2,'2020-02-05 00:00:00',34.2000,385);
INSERT INTO `payment` VALUES (161,414,3,'2019-04-18 00:00:00',48.3400,903);
INSERT INTO `payment` VALUES (162,350,2,'2019-09-30 00:00:00',48.9700,193);
INSERT INTO `payment` VALUES (163,936,3,'2019-07-17 00:00:00',28.9400,878);
INSERT INTO `payment` VALUES (164,251,1,'2019-12-11 00:00:00',33.3300,NULL);
INSERT INTO `payment` VALUES (165,850,1,'2019-08-01 00:00:00',44.8100,NULL);
INSERT INTO `payment` VALUES (166,622,3,'2019-08-28 00:00:00',37.7900,844);
INSERT INTO `payment` VALUES (167,458,3,'2019-06-25 00:00:00',48.5300,407);
INSERT INTO `payment` VALUES (168,773,2,'2019-09-22 00:00:00',29.1300,76);
INSERT INTO `payment` VALUES (169,166,2,'2019-05-04 00:00:00',36.8400,580);
INSERT INTO `payment` VALUES (170,248,3,'2019-06-01 00:00:00',30.6600,674);
INSERT INTO `payment` VALUES (171,939,3,'2019-06-12 00:00:00',21.7600,882);
INSERT INTO `payment` VALUES (172,303,2,'2019-08-12 00:00:00',30.2200,522);
INSERT INTO `payment` VALUES (173,128,2,'2019-07-10 00:00:00',23.7300,5);
INSERT INTO `payment` VALUES (174,525,3,'2019-07-02 00:00:00',24.3400,682);
INSERT INTO `payment` VALUES (175,163,2,'2019-12-13 00:00:00',39.4000,184);
INSERT INTO `payment` VALUES (176,747,3,'2019-08-10 00:00:00',45.2500,575);
INSERT INTO `payment` VALUES (177,127,2,'2019-10-05 00:00:00',23.9500,898);
INSERT INTO `payment` VALUES (178,67,1,'2019-12-20 00:00:00',47.7400,NULL);
INSERT INTO `payment` VALUES (179,624,2,'2019-08-29 00:00:00',20.7700,896);
INSERT INTO `payment` VALUES (180,321,2,'2019-06-15 00:00:00',28.4900,723);
INSERT INTO `payment` VALUES (181,558,1,'2020-02-03 00:00:00',26.3900,NULL);
INSERT INTO `payment` VALUES (182,808,3,'2019-09-06 00:00:00',45.1100,285);
INSERT INTO `payment` VALUES (183,700,1,'2019-06-02 00:00:00',39.4400,NULL);
INSERT INTO `payment` VALUES (184,358,3,'2020-01-13 00:00:00',44.6100,38);
INSERT INTO `payment` VALUES (185,108,3,'2019-11-27 00:00:00',48.5700,212);
INSERT INTO `payment` VALUES (186,210,3,'2019-02-15 00:00:00',21.6300,54);
INSERT INTO `payment` VALUES (187,657,3,'2019-05-10 00:00:00',47.9500,75);
INSERT INTO `payment` VALUES (188,500,3,'2019-10-15 00:00:00',26.9000,594);
INSERT INTO `payment` VALUES (189,477,1,'2019-06-08 00:00:00',42.6300,NULL);
INSERT INTO `payment` VALUES (190,481,1,'2019-02-18 00:00:00',30.1400,NULL);
INSERT INTO `payment` VALUES (191,272,2,'2019-06-14 00:00:00',40.4600,513);
INSERT INTO `payment` VALUES (192,687,1,'2020-01-17 00:00:00',30.6400,NULL);
INSERT INTO `payment` VALUES (193,602,1,'2020-02-03 00:00:00',23.9800,NULL);
INSERT INTO `payment` VALUES (194,215,2,'2019-05-03 00:00:00',35.8100,747);
INSERT INTO `payment` VALUES (195,695,3,'2019-04-21 00:00:00',23.0400,385);
INSERT INTO `payment` VALUES (196,531,1,'2019-08-18 00:00:00',44.8900,NULL);
INSERT INTO `payment` VALUES (197,380,3,'2020-01-05 00:00:00',40.1500,178);
INSERT INTO `payment` VALUES (198,9,3,'2019-05-14 00:00:00',30.0500,994);
INSERT INTO `payment` VALUES (199,718,3,'2020-02-01 00:00:00',46.3800,512);
INSERT INTO `payment` VALUES (200,744,3,'2019-04-01 00:00:00',36.2700,658);
INSERT INTO `payment` VALUES (201,250,3,'2019-07-19 00:00:00',21.5100,164);
INSERT INTO `payment` VALUES (202,268,2,'2019-10-09 00:00:00',27.4100,399);
INSERT INTO `payment` VALUES (203,90,1,'2019-09-13 00:00:00',31.1800,NULL);
INSERT INTO `payment` VALUES (204,237,2,'2019-12-03 00:00:00',48.7000,397);
INSERT INTO `payment` VALUES (205,881,3,'2019-06-18 00:00:00',20.7200,784);
INSERT INTO `payment` VALUES (206,51,1,'2019-11-12 00:00:00',32.9800,NULL);
INSERT INTO `payment` VALUES (207,598,2,'2019-04-26 00:00:00',41.9600,768);
INSERT INTO `payment` VALUES (208,344,1,'2019-10-22 00:00:00',38.8900,NULL);
INSERT INTO `payment` VALUES (209,949,2,'2019-02-27 00:00:00',21.2400,206);
INSERT INTO `payment` VALUES (210,322,1,'2019-12-10 00:00:00',27.0700,NULL);
INSERT INTO `payment` VALUES (211,551,2,'2019-03-07 00:00:00',32.3900,990);
INSERT INTO `payment` VALUES (212,862,2,'2019-11-05 00:00:00',35.7400,25);
INSERT INTO `payment` VALUES (213,353,1,'2019-03-02 00:00:00',20.7400,NULL);
INSERT INTO `payment` VALUES (214,409,1,'2019-09-07 00:00:00',42.6000,NULL);
INSERT INTO `payment` VALUES (215,183,1,'2019-08-21 00:00:00',49.0900,NULL);
INSERT INTO `payment` VALUES (216,185,2,'2019-02-16 00:00:00',31.2000,699);
INSERT INTO `payment` VALUES (217,59,2,'2019-06-24 00:00:00',43.2000,563);
INSERT INTO `payment` VALUES (218,475,1,'2019-12-06 00:00:00',24.2100,NULL);
INSERT INTO `payment` VALUES (219,306,2,'2019-11-30 00:00:00',42.5500,415);
INSERT INTO `payment` VALUES (220,841,1,'2019-12-13 00:00:00',42.9300,NULL);
INSERT INTO `payment` VALUES (221,5,3,'2019-08-22 00:00:00',46.0800,596);
INSERT INTO `payment` VALUES (222,663,3,'2019-03-06 00:00:00',38.2000,419);
INSERT INTO `payment` VALUES (223,680,1,'2019-06-21 00:00:00',38.3800,NULL);
INSERT INTO `payment` VALUES (224,261,3,'2020-01-14 00:00:00',44.9700,189);
INSERT INTO `payment` VALUES (225,124,1,'2019-04-04 00:00:00',46.4900,NULL);
INSERT INTO `payment` VALUES (226,220,1,'2019-06-17 00:00:00',34.1100,NULL);
INSERT INTO `payment` VALUES (227,477,1,'2019-06-12 00:00:00',44.5000,NULL);
INSERT INTO `payment` VALUES (228,595,1,'2019-05-31 00:00:00',32.8200,NULL);
INSERT INTO `payment` VALUES (229,476,1,'2019-10-02 00:00:00',49.4600,NULL);
INSERT INTO `payment` VALUES (230,386,1,'2019-05-26 00:00:00',35.2600,NULL);
INSERT INTO `payment` VALUES (231,969,1,'2019-04-28 00:00:00',31.1000,NULL);
INSERT INTO `payment` VALUES (232,449,1,'2019-12-12 00:00:00',26.5400,NULL);
INSERT INTO `payment` VALUES (233,623,1,'2019-10-19 00:00:00',33.0600,NULL);
INSERT INTO `payment` VALUES (234,754,2,'2019-05-21 00:00:00',42.7100,129);
INSERT INTO `payment` VALUES (235,460,3,'2020-01-20 00:00:00',23.2600,198);
INSERT INTO `payment` VALUES (236,884,2,'2019-06-09 00:00:00',45.2000,667);
INSERT INTO `payment` VALUES (237,80,2,'2020-01-27 00:00:00',45.7100,193);
INSERT INTO `payment` VALUES (238,583,3,'2019-10-06 00:00:00',47.1000,543);
INSERT INTO `payment` VALUES (239,880,1,'2019-09-08 00:00:00',29.3000,NULL);
INSERT INTO `payment` VALUES (240,556,1,'2019-08-24 00:00:00',37.7100,NULL);
INSERT INTO `payment` VALUES (241,327,2,'2019-07-06 00:00:00',24.0700,381);
INSERT INTO `payment` VALUES (242,806,2,'2019-04-28 00:00:00',35.0400,301);
INSERT INTO `payment` VALUES (243,775,1,'2019-07-05 00:00:00',30.4000,NULL);
INSERT INTO `payment` VALUES (244,255,1,'2019-08-10 00:00:00',49.7700,NULL);
INSERT INTO `payment` VALUES (245,821,1,'2019-09-21 00:00:00',37.0500,NULL);
INSERT INTO `payment` VALUES (246,17,2,'2019-11-20 00:00:00',38.8100,650);
INSERT INTO `payment` VALUES (247,965,2,'2019-10-02 00:00:00',34.8600,976);
INSERT INTO `payment` VALUES (248,91,2,'2019-06-13 00:00:00',45.8700,290);
INSERT INTO `payment` VALUES (249,742,1,'2019-07-06 00:00:00',28.8800,NULL);
INSERT INTO `payment` VALUES (250,809,3,'2019-02-18 00:00:00',23.9700,418);
INSERT INTO `payment` VALUES (251,480,3,'2019-06-11 00:00:00',35.8800,281);
INSERT INTO `payment` VALUES (252,757,3,'2020-01-29 00:00:00',26.7000,93);
INSERT INTO `payment` VALUES (253,333,2,'2019-10-21 00:00:00',31.6400,117);
INSERT INTO `payment` VALUES (254,729,2,'2019-10-03 00:00:00',48.4600,559);
INSERT INTO `payment` VALUES (255,425,1,'2019-04-05 00:00:00',46.6900,NULL);
INSERT INTO `payment` VALUES (256,541,2,'2019-12-04 00:00:00',29.7800,550);
INSERT INTO `payment` VALUES (257,836,3,'2019-10-14 00:00:00',40.8300,866);
INSERT INTO `payment` VALUES (258,292,2,'2019-12-30 00:00:00',28.0800,348);
INSERT INTO `payment` VALUES (259,330,3,'2020-01-18 00:00:00',41.5000,569);
INSERT INTO `payment` VALUES (260,220,3,'2020-02-08 00:00:00',44.3500,605);
INSERT INTO `payment` VALUES (261,199,3,'2019-04-20 00:00:00',22.7700,492);
INSERT INTO `payment` VALUES (262,834,3,'2020-01-14 00:00:00',41.1100,100);
INSERT INTO `payment` VALUES (263,994,1,'2019-08-18 00:00:00',49.6900,NULL);
INSERT INTO `payment` VALUES (264,279,2,'2020-01-26 00:00:00',23.2500,714);
INSERT INTO `payment` VALUES (265,213,1,'2020-02-08 00:00:00',25.0500,NULL);
INSERT INTO `payment` VALUES (266,38,3,'2019-08-05 00:00:00',27.0400,551);
INSERT INTO `payment` VALUES (267,693,3,'2019-05-08 00:00:00',47.0100,832);
INSERT INTO `payment` VALUES (268,379,3,'2019-11-10 00:00:00',23.4000,176);
INSERT INTO `payment` VALUES (269,858,3,'2020-01-30 00:00:00',39.0400,427);
INSERT INTO `payment` VALUES (270,88,1,'2019-07-27 00:00:00',28.2300,NULL);
INSERT INTO `payment` VALUES (271,448,1,'2019-06-29 00:00:00',39.9200,NULL);
INSERT INTO `payment` VALUES (272,270,3,'2019-06-26 00:00:00',29.9400,572);
INSERT INTO `payment` VALUES (273,967,3,'2019-08-02 00:00:00',38.8500,991);
INSERT INTO `payment` VALUES (274,257,1,'2019-08-16 00:00:00',33.3400,NULL);
INSERT INTO `payment` VALUES (275,868,1,'2019-11-17 00:00:00',36.7100,NULL);
INSERT INTO `payment` VALUES (276,73,3,'2019-10-19 00:00:00',49.0700,540);
INSERT INTO `payment` VALUES (277,117,1,'2019-05-02 00:00:00',27.7100,NULL);
INSERT INTO `payment` VALUES (278,689,1,'2019-03-13 00:00:00',49.7800,NULL);
INSERT INTO `payment` VALUES (279,542,2,'2019-05-28 00:00:00',38.8500,661);
INSERT INTO `payment` VALUES (280,550,3,'2020-01-09 00:00:00',33.4600,711);
INSERT INTO `payment` VALUES (281,763,1,'2019-08-28 00:00:00',37.1800,NULL);
INSERT INTO `payment` VALUES (282,454,1,'2019-12-09 00:00:00',49.9200,NULL);
INSERT INTO `payment` VALUES (283,415,1,'2019-11-07 00:00:00',32.6000,NULL);
INSERT INTO `payment` VALUES (284,859,2,'2019-08-08 00:00:00',34.4400,490);
INSERT INTO `payment` VALUES (285,636,2,'2019-03-13 00:00:00',26.6800,144);
INSERT INTO `payment` VALUES (286,858,2,'2019-11-27 00:00:00',40.3700,957);
INSERT INTO `payment` VALUES (287,736,2,'2020-02-04 00:00:00',36.5200,391);
INSERT INTO `payment` VALUES (288,598,3,'2020-01-10 00:00:00',21.1400,859);
INSERT INTO `payment` VALUES (289,405,3,'2019-02-19 00:00:00',46.6200,289);
INSERT INTO `payment` VALUES (290,674,2,'2019-03-16 00:00:00',41.4500,365);
INSERT INTO `payment` VALUES (291,910,1,'2019-05-11 00:00:00',46.3700,NULL);
INSERT INTO `payment` VALUES (292,125,2,'2019-06-18 00:00:00',41.3700,845);
INSERT INTO `payment` VALUES (293,552,2,'2019-08-24 00:00:00',34.3300,645);
INSERT INTO `payment` VALUES (294,688,3,'2019-03-05 00:00:00',25.2700,775);
INSERT INTO `payment` VALUES (295,421,1,'2019-05-12 00:00:00',26.5200,NULL);
INSERT INTO `payment` VALUES (296,604,2,'2019-12-06 00:00:00',46.7300,912);
INSERT INTO `payment` VALUES (297,471,1,'2019-02-22 00:00:00',43.2000,NULL);
INSERT INTO `payment` VALUES (298,165,1,'2019-04-17 00:00:00',20.3700,NULL);
INSERT INTO `payment` VALUES (299,761,1,'2019-05-19 00:00:00',46.4100,NULL);
INSERT INTO `payment` VALUES (300,141,1,'2019-05-01 00:00:00',32.6400,NULL);
INSERT INTO `payment` VALUES (301,7,3,'2019-07-21 00:00:00',38.3700,510);
INSERT INTO `payment` VALUES (302,804,2,'2019-08-01 00:00:00',28.4100,870);
INSERT INTO `payment` VALUES (303,533,3,'2019-12-16 00:00:00',20.6500,735);
INSERT INTO `payment` VALUES (304,151,2,'2019-11-23 00:00:00',24.0400,475);
INSERT INTO `payment` VALUES (305,299,2,'2019-08-28 00:00:00',28.2800,661);
INSERT INTO `payment` VALUES (306,722,1,'2019-03-29 00:00:00',43.7100,NULL);
INSERT INTO `payment` VALUES (307,846,3,'2019-02-27 00:00:00',48.6000,192);
INSERT INTO `payment` VALUES (308,696,1,'2019-11-25 00:00:00',42.5200,NULL);
INSERT INTO `payment` VALUES (309,729,3,'2019-08-09 00:00:00',31.1600,790);
INSERT INTO `payment` VALUES (310,162,2,'2020-02-05 00:00:00',39.4600,574);
INSERT INTO `payment` VALUES (311,984,1,'2020-02-04 00:00:00',42.6600,NULL);
INSERT INTO `payment` VALUES (312,219,2,'2019-09-06 00:00:00',22.0300,368);
INSERT INTO `payment` VALUES (313,750,1,'2019-07-03 00:00:00',30.2400,NULL);
INSERT INTO `payment` VALUES (314,188,3,'2019-06-30 00:00:00',39.2800,620);
INSERT INTO `payment` VALUES (315,409,2,'2019-12-26 00:00:00',33.2800,574);
INSERT INTO `payment` VALUES (316,913,2,'2019-07-14 00:00:00',46.4800,112);
INSERT INTO `payment` VALUES (317,914,2,'2019-06-08 00:00:00',30.7900,38);
INSERT INTO `payment` VALUES (318,333,3,'2019-03-19 00:00:00',22.0300,398);
INSERT INTO `payment` VALUES (319,2,2,'2020-01-17 00:00:00',23.6100,434);
INSERT INTO `payment` VALUES (320,838,2,'2019-03-06 00:00:00',36.4600,488);
INSERT INTO `payment` VALUES (321,767,3,'2019-10-23 00:00:00',48.6100,143);
INSERT INTO `payment` VALUES (322,651,3,'2019-02-25 00:00:00',26.1500,881);
INSERT INTO `payment` VALUES (323,220,3,'2019-04-03 00:00:00',49.5900,800);
INSERT INTO `payment` VALUES (324,898,2,'2019-04-15 00:00:00',21.1100,434);
INSERT INTO `payment` VALUES (325,60,3,'2019-06-25 00:00:00',30.5100,518);
INSERT INTO `payment` VALUES (326,162,1,'2019-06-21 00:00:00',24.8900,NULL);
INSERT INTO `payment` VALUES (327,687,2,'2019-02-22 00:00:00',41.8600,937);
INSERT INTO `payment` VALUES (328,104,1,'2019-05-03 00:00:00',41.2900,NULL);
INSERT INTO `payment` VALUES (329,862,2,'2019-12-06 00:00:00',44.4100,152);
INSERT INTO `payment` VALUES (330,389,1,'2019-06-16 00:00:00',46.7400,NULL);
INSERT INTO `payment` VALUES (331,335,1,'2019-06-10 00:00:00',35.6500,NULL);
INSERT INTO `payment` VALUES (332,204,2,'2019-09-10 00:00:00',29.1100,620);
INSERT INTO `payment` VALUES (333,389,2,'2019-07-19 00:00:00',39.9500,718);
INSERT INTO `payment` VALUES (334,972,3,'2019-06-04 00:00:00',23.4500,540);
INSERT INTO `payment` VALUES (335,269,1,'2019-10-15 00:00:00',49.1500,NULL);
INSERT INTO `payment` VALUES (336,440,1,'2019-12-02 00:00:00',42.2700,NULL);
INSERT INTO `payment` VALUES (337,401,2,'2020-01-26 00:00:00',29.9600,773);
INSERT INTO `payment` VALUES (338,443,2,'2019-09-18 00:00:00',32.4900,310);
INSERT INTO `payment` VALUES (339,369,3,'2019-08-11 00:00:00',38.5100,7);
INSERT INTO `payment` VALUES (340,216,3,'2019-02-16 00:00:00',39.6200,802);
INSERT INTO `payment` VALUES (341,686,1,'2019-10-21 00:00:00',37.3600,NULL);
INSERT INTO `payment` VALUES (342,128,1,'2019-07-30 00:00:00',44.2600,NULL);
INSERT INTO `payment` VALUES (343,377,2,'2019-07-27 00:00:00',29.0000,776);
INSERT INTO `payment` VALUES (344,225,3,'2019-03-03 00:00:00',39.1200,642);
INSERT INTO `payment` VALUES (345,192,3,'2019-10-20 00:00:00',22.1800,837);
INSERT INTO `payment` VALUES (346,925,3,'2019-03-03 00:00:00',27.7100,76);
INSERT INTO `payment` VALUES (347,149,2,'2019-04-01 00:00:00',25.0300,571);
INSERT INTO `payment` VALUES (348,113,2,'2019-10-05 00:00:00',34.0300,705);
INSERT INTO `payment` VALUES (349,418,3,'2020-01-09 00:00:00',33.2600,786);
INSERT INTO `payment` VALUES (350,42,2,'2019-07-10 00:00:00',22.8800,741);
INSERT INTO `payment` VALUES (351,160,1,'2019-06-24 00:00:00',43.6800,NULL);
INSERT INTO `payment` VALUES (352,600,3,'2019-08-27 00:00:00',24.7200,447);
INSERT INTO `payment` VALUES (353,447,3,'2019-08-29 00:00:00',47.8400,759);
INSERT INTO `payment` VALUES (354,338,1,'2020-02-09 00:00:00',30.1900,NULL);
INSERT INTO `payment` VALUES (355,983,1,'2020-01-01 00:00:00',36.7700,NULL);
INSERT INTO `payment` VALUES (356,944,2,'2019-06-19 00:00:00',38.4200,169);
INSERT INTO `payment` VALUES (357,375,1,'2019-10-26 00:00:00',40.5500,NULL);
INSERT INTO `payment` VALUES (358,544,3,'2019-12-03 00:00:00',38.9700,49);
INSERT INTO `payment` VALUES (359,693,2,'2020-02-11 00:00:00',26.6100,860);
INSERT INTO `payment` VALUES (360,570,1,'2019-07-16 00:00:00',40.0700,NULL);
INSERT INTO `payment` VALUES (361,421,2,'2019-05-03 00:00:00',33.2700,398);
INSERT INTO `payment` VALUES (362,424,2,'2020-01-26 00:00:00',38.4700,372);
INSERT INTO `payment` VALUES (363,542,1,'2019-05-31 00:00:00',31.2200,NULL);
INSERT INTO `payment` VALUES (364,935,3,'2019-02-20 00:00:00',24.1900,681);
INSERT INTO `payment` VALUES (365,637,3,'2019-03-27 00:00:00',35.8900,877);
INSERT INTO `payment` VALUES (366,509,3,'2019-06-16 00:00:00',22.7200,35);
INSERT INTO `payment` VALUES (367,983,1,'2019-04-07 00:00:00',30.8300,NULL);
INSERT INTO `payment` VALUES (368,444,2,'2019-10-29 00:00:00',43.6100,451);
INSERT INTO `payment` VALUES (369,343,1,'2019-12-22 00:00:00',33.5500,NULL);
INSERT INTO `payment` VALUES (370,759,3,'2020-02-10 00:00:00',45.8800,536);
INSERT INTO `payment` VALUES (371,790,2,'2019-06-06 00:00:00',25.3300,432);
INSERT INTO `payment` VALUES (372,955,1,'2019-12-04 00:00:00',29.6800,NULL);
INSERT INTO `payment` VALUES (373,993,1,'2020-01-15 00:00:00',46.4000,NULL);
INSERT INTO `payment` VALUES (374,308,1,'2020-01-19 00:00:00',26.2800,NULL);
INSERT INTO `payment` VALUES (375,249,3,'2019-09-28 00:00:00',27.6500,241);
INSERT INTO `payment` VALUES (376,230,2,'2019-04-28 00:00:00',43.5300,74);
INSERT INTO `payment` VALUES (377,503,2,'2019-07-27 00:00:00',39.9700,946);
INSERT INTO `payment` VALUES (378,323,3,'2019-09-03 00:00:00',22.6800,864);
INSERT INTO `payment` VALUES (379,310,3,'2019-09-25 00:00:00',37.4100,240);
INSERT INTO `payment` VALUES (380,435,3,'2019-11-07 00:00:00',40.8900,571);
INSERT INTO `payment` VALUES (381,638,2,'2019-08-10 00:00:00',23.7200,968);
INSERT INTO `payment` VALUES (382,162,1,'2019-05-24 00:00:00',44.2200,NULL);
INSERT INTO `payment` VALUES (383,351,2,'2019-03-08 00:00:00',23.4600,420);
INSERT INTO `payment` VALUES (384,857,3,'2019-09-04 00:00:00',42.0100,523);
INSERT INTO `payment` VALUES (385,794,3,'2019-06-23 00:00:00',34.9700,763);
INSERT INTO `payment` VALUES (386,729,1,'2019-08-19 00:00:00',31.9600,NULL);
INSERT INTO `payment` VALUES (387,577,2,'2019-03-25 00:00:00',40.1100,423);
INSERT INTO `payment` VALUES (388,630,2,'2019-03-01 00:00:00',24.0000,146);
INSERT INTO `payment` VALUES (389,232,3,'2019-10-16 00:00:00',48.7400,213);
INSERT INTO `payment` VALUES (390,433,3,'2019-07-29 00:00:00',32.2100,167);
INSERT INTO `payment` VALUES (391,830,1,'2019-05-24 00:00:00',36.9900,NULL);
INSERT INTO `payment` VALUES (392,484,3,'2019-09-27 00:00:00',45.4800,638);
INSERT INTO `payment` VALUES (393,461,1,'2019-03-07 00:00:00',24.2000,NULL);
INSERT INTO `payment` VALUES (394,734,2,'2020-01-25 00:00:00',42.6200,603);
INSERT INTO `payment` VALUES (395,467,3,'2019-03-13 00:00:00',20.3100,844);
INSERT INTO `payment` VALUES (396,579,1,'2019-12-07 00:00:00',26.3500,NULL);
INSERT INTO `payment` VALUES (397,405,2,'2019-11-03 00:00:00',35.0300,713);
INSERT INTO `payment` VALUES (398,644,3,'2019-11-19 00:00:00',31.2900,69);
INSERT INTO `payment` VALUES (399,572,3,'2020-02-09 00:00:00',32.4400,762);
INSERT INTO `payment` VALUES (400,828,1,'2019-06-02 00:00:00',31.3900,NULL);
INSERT INTO `payment` VALUES (401,765,2,'2019-03-18 00:00:00',32.2800,860);
INSERT INTO `payment` VALUES (402,904,3,'2019-03-01 00:00:00',30.4800,232);
INSERT INTO `payment` VALUES (403,2,1,'2019-03-04 00:00:00',42.5600,NULL);
INSERT INTO `payment` VALUES (404,553,2,'2019-07-21 00:00:00',47.4900,496);
INSERT INTO `payment` VALUES (405,174,1,'2019-04-04 00:00:00',36.3400,NULL);
INSERT INTO `payment` VALUES (406,396,3,'2019-05-23 00:00:00',35.0800,140);
INSERT INTO `payment` VALUES (407,340,3,'2019-08-29 00:00:00',29.7500,23);
INSERT INTO `payment` VALUES (408,25,3,'2020-01-05 00:00:00',30.4200,158);
INSERT INTO `payment` VALUES (409,557,2,'2019-12-25 00:00:00',26.3900,436);
INSERT INTO `payment` VALUES (410,979,3,'2019-07-15 00:00:00',43.3400,770);
INSERT INTO `payment` VALUES (411,208,1,'2019-09-01 00:00:00',33.6800,NULL);
INSERT INTO `payment` VALUES (412,365,3,'2019-12-16 00:00:00',33.3800,210);
INSERT INTO `payment` VALUES (413,461,3,'2020-01-01 00:00:00',42.9700,892);
INSERT INTO `payment` VALUES (414,420,2,'2019-06-24 00:00:00',26.3600,812);
INSERT INTO `payment` VALUES (415,388,3,'2019-12-31 00:00:00',27.1300,460);
INSERT INTO `payment` VALUES (416,463,2,'2019-11-07 00:00:00',33.7600,135);
INSERT INTO `payment` VALUES (417,317,3,'2019-02-27 00:00:00',38.8500,737);
INSERT INTO `payment` VALUES (418,719,2,'2019-05-22 00:00:00',37.5500,262);
INSERT INTO `payment` VALUES (419,349,1,'2019-08-01 00:00:00',23.3600,NULL);
INSERT INTO `payment` VALUES (420,4,1,'2020-01-20 00:00:00',29.9900,NULL);
INSERT INTO `payment` VALUES (421,617,2,'2020-02-01 00:00:00',44.9500,447);
INSERT INTO `payment` VALUES (422,16,2,'2019-07-26 00:00:00',49.2800,143);
INSERT INTO `payment` VALUES (423,339,1,'2019-07-14 00:00:00',37.5100,NULL);
INSERT INTO `payment` VALUES (424,581,3,'2020-01-27 00:00:00',41.8700,914);
INSERT INTO `payment` VALUES (425,571,2,'2019-03-14 00:00:00',32.9900,193);
INSERT INTO `payment` VALUES (426,397,3,'2019-09-22 00:00:00',24.7900,219);
INSERT INTO `payment` VALUES (427,825,3,'2019-11-12 00:00:00',38.3400,406);
INSERT INTO `payment` VALUES (428,530,2,'2019-07-16 00:00:00',34.9800,759);
INSERT INTO `payment` VALUES (429,427,1,'2019-06-09 00:00:00',40.9200,NULL);
INSERT INTO `payment` VALUES (430,243,1,'2019-03-21 00:00:00',23.7200,NULL);
INSERT INTO `payment` VALUES (431,823,2,'2019-03-17 00:00:00',44.8600,591);
INSERT INTO `payment` VALUES (432,26,1,'2020-02-01 00:00:00',28.2200,NULL);
INSERT INTO `payment` VALUES (433,576,3,'2019-10-08 00:00:00',24.2600,908);
INSERT INTO `payment` VALUES (434,445,3,'2019-04-07 00:00:00',38.9000,939);
INSERT INTO `payment` VALUES (435,31,1,'2019-02-17 00:00:00',28.7400,NULL);
INSERT INTO `payment` VALUES (436,553,2,'2019-02-22 00:00:00',38.5000,118);
INSERT INTO `payment` VALUES (437,412,1,'2019-04-01 00:00:00',37.2900,NULL);
INSERT INTO `payment` VALUES (438,931,3,'2019-09-03 00:00:00',32.7200,766);
INSERT INTO `payment` VALUES (439,849,2,'2019-04-08 00:00:00',31.6200,484);
INSERT INTO `payment` VALUES (440,180,2,'2020-02-06 00:00:00',26.7300,175);
INSERT INTO `payment` VALUES (441,597,3,'2019-10-14 00:00:00',24.5300,995);
INSERT INTO `payment` VALUES (442,898,2,'2020-02-06 00:00:00',32.0300,173);
INSERT INTO `payment` VALUES (443,321,2,'2019-04-21 00:00:00',24.8900,670);
INSERT INTO `payment` VALUES (444,862,2,'2019-09-05 00:00:00',46.0200,611);
INSERT INTO `payment` VALUES (445,252,2,'2019-05-13 00:00:00',21.6300,700);
INSERT INTO `payment` VALUES (446,931,1,'2019-07-27 00:00:00',25.0000,NULL);
INSERT INTO `payment` VALUES (447,541,2,'2019-10-04 00:00:00',28.0600,662);
INSERT INTO `payment` VALUES (448,727,2,'2019-08-16 00:00:00',24.1600,559);
INSERT INTO `payment` VALUES (449,607,3,'2019-04-18 00:00:00',44.5600,816);
INSERT INTO `payment` VALUES (450,855,3,'2019-08-09 00:00:00',44.6600,540);
INSERT INTO `payment` VALUES (451,418,3,'2019-06-03 00:00:00',36.8800,414);
INSERT INTO `payment` VALUES (452,754,3,'2019-08-09 00:00:00',31.8000,163);
INSERT INTO `payment` VALUES (453,579,2,'2019-08-24 00:00:00',33.8300,206);
INSERT INTO `payment` VALUES (454,76,3,'2020-01-27 00:00:00',47.9700,366);
INSERT INTO `payment` VALUES (455,624,1,'2019-05-29 00:00:00',24.4500,NULL);
INSERT INTO `payment` VALUES (456,962,2,'2019-03-22 00:00:00',27.1400,445);
INSERT INTO `payment` VALUES (457,129,3,'2019-08-03 00:00:00',39.5800,388);
INSERT INTO `payment` VALUES (458,274,3,'2019-09-14 00:00:00',36.8500,224);
INSERT INTO `payment` VALUES (459,91,1,'2019-11-05 00:00:00',34.4400,NULL);
INSERT INTO `payment` VALUES (460,743,3,'2020-01-06 00:00:00',40.6400,83);
INSERT INTO `payment` VALUES (461,325,2,'2019-08-05 00:00:00',24.1000,607);
INSERT INTO `payment` VALUES (462,331,1,'2019-10-20 00:00:00',36.8500,NULL);
INSERT INTO `payment` VALUES (463,103,2,'2019-11-03 00:00:00',34.4800,282);
INSERT INTO `payment` VALUES (464,752,2,'2019-07-29 00:00:00',44.1100,967);
INSERT INTO `payment` VALUES (465,391,1,'2019-04-18 00:00:00',45.0800,NULL);
INSERT INTO `payment` VALUES (466,377,1,'2019-05-10 00:00:00',45.6100,NULL);
INSERT INTO `payment` VALUES (467,341,3,'2019-12-13 00:00:00',47.8300,646);
INSERT INTO `payment` VALUES (468,119,3,'2019-03-26 00:00:00',44.1700,85);
INSERT INTO `payment` VALUES (469,673,2,'2019-11-24 00:00:00',29.8700,761);
INSERT INTO `payment` VALUES (470,431,1,'2019-02-27 00:00:00',44.6600,NULL);
INSERT INTO `payment` VALUES (471,80,2,'2019-12-29 00:00:00',45.6000,4);
INSERT INTO `payment` VALUES (472,85,3,'2019-11-11 00:00:00',26.2300,699);
INSERT INTO `payment` VALUES (473,714,1,'2020-01-20 00:00:00',46.7300,NULL);
INSERT INTO `payment` VALUES (474,699,1,'2019-07-24 00:00:00',25.3800,NULL);
INSERT INTO `payment` VALUES (475,682,2,'2019-08-15 00:00:00',47.3100,2);
INSERT INTO `payment` VALUES (476,708,3,'2019-12-26 00:00:00',43.4200,925);
INSERT INTO `payment` VALUES (477,384,1,'2019-11-18 00:00:00',46.8800,NULL);
INSERT INTO `payment` VALUES (478,22,1,'2019-11-15 00:00:00',25.6700,NULL);
INSERT INTO `payment` VALUES (479,234,1,'2019-05-03 00:00:00',30.4100,NULL);
INSERT INTO `payment` VALUES (480,269,3,'2019-03-03 00:00:00',22.1100,173);
INSERT INTO `payment` VALUES (481,516,2,'2020-01-17 00:00:00',22.6200,792);
INSERT INTO `payment` VALUES (482,961,2,'2019-03-23 00:00:00',47.3000,95);
INSERT INTO `payment` VALUES (483,364,2,'2019-05-17 00:00:00',30.4600,904);
INSERT INTO `payment` VALUES (484,483,3,'2019-12-18 00:00:00',29.3300,178);
INSERT INTO `payment` VALUES (485,951,1,'2019-10-22 00:00:00',37.2500,NULL);
INSERT INTO `payment` VALUES (486,115,1,'2019-10-06 00:00:00',47.5300,NULL);
INSERT INTO `payment` VALUES (487,286,3,'2019-06-20 00:00:00',21.1300,180);
INSERT INTO `payment` VALUES (488,188,1,'2019-07-31 00:00:00',31.8500,NULL);
INSERT INTO `payment` VALUES (489,200,1,'2019-09-05 00:00:00',34.4500,NULL);
INSERT INTO `payment` VALUES (490,339,1,'2019-04-20 00:00:00',49.3500,NULL);
INSERT INTO `payment` VALUES (491,417,1,'2019-05-26 00:00:00',41.1800,NULL);
INSERT INTO `payment` VALUES (492,229,3,'2019-03-30 00:00:00',44.8400,225);
INSERT INTO `payment` VALUES (493,985,2,'2019-06-02 00:00:00',49.5400,397);
INSERT INTO `payment` VALUES (494,684,1,'2019-11-13 00:00:00',44.0900,NULL);
INSERT INTO `payment` VALUES (495,613,1,'2019-04-09 00:00:00',28.7300,NULL);
INSERT INTO `payment` VALUES (496,769,3,'2019-10-31 00:00:00',40.1000,117);
INSERT INTO `payment` VALUES (497,942,3,'2020-02-08 00:00:00',31.5400,369);
INSERT INTO `payment` VALUES (498,376,3,'2020-01-13 00:00:00',39.3000,452);
INSERT INTO `payment` VALUES (499,121,3,'2019-05-30 00:00:00',29.0600,567);
INSERT INTO `payment` VALUES (500,671,3,'2019-09-07 00:00:00',22.2200,629);
INSERT INTO `payment` VALUES (501,777,2,'2019-07-08 00:00:00',41.4900,314);
INSERT INTO `payment` VALUES (502,383,3,'2019-06-11 00:00:00',33.4100,723);
INSERT INTO `payment` VALUES (503,789,3,'2019-06-17 00:00:00',38.6100,747);
INSERT INTO `payment` VALUES (504,846,3,'2019-06-07 00:00:00',39.1100,939);
INSERT INTO `payment` VALUES (505,77,2,'2019-06-10 00:00:00',32.4900,942);
INSERT INTO `payment` VALUES (506,535,3,'2019-04-10 00:00:00',38.8900,408);
INSERT INTO `payment` VALUES (507,200,2,'2019-03-08 00:00:00',39.0200,520);
INSERT INTO `payment` VALUES (508,960,3,'2019-03-10 00:00:00',45.9900,801);
INSERT INTO `payment` VALUES (509,240,1,'2019-04-17 00:00:00',29.7400,NULL);
INSERT INTO `payment` VALUES (510,781,1,'2019-08-31 00:00:00',40.3100,NULL);
INSERT INTO `payment` VALUES (511,940,1,'2020-01-01 00:00:00',40.6200,NULL);
INSERT INTO `payment` VALUES (512,85,2,'2019-05-31 00:00:00',48.6400,653);
INSERT INTO `payment` VALUES (513,498,3,'2019-03-05 00:00:00',25.7000,768);
INSERT INTO `payment` VALUES (514,291,2,'2019-12-26 00:00:00',24.7700,571);
INSERT INTO `payment` VALUES (515,714,1,'2019-02-24 00:00:00',35.6500,NULL);
INSERT INTO `payment` VALUES (516,490,3,'2020-02-04 00:00:00',24.9500,395);
INSERT INTO `payment` VALUES (517,655,2,'2019-04-11 00:00:00',20.6900,191);
INSERT INTO `payment` VALUES (518,249,3,'2019-06-24 00:00:00',22.3700,368);
INSERT INTO `payment` VALUES (519,31,2,'2019-08-28 00:00:00',20.9500,524);
INSERT INTO `payment` VALUES (520,652,3,'2019-11-22 00:00:00',29.7400,777);
INSERT INTO `payment` VALUES (521,775,3,'2019-12-06 00:00:00',28.4200,607);
INSERT INTO `payment` VALUES (522,185,1,'2019-09-01 00:00:00',20.7200,NULL);
INSERT INTO `payment` VALUES (523,346,3,'2019-03-15 00:00:00',48.8100,83);
INSERT INTO `payment` VALUES (524,294,1,'2019-11-05 00:00:00',29.8000,NULL);
INSERT INTO `payment` VALUES (525,723,3,'2019-03-30 00:00:00',38.6500,634);
INSERT INTO `payment` VALUES (526,64,3,'2019-06-29 00:00:00',28.0200,300);
INSERT INTO `payment` VALUES (527,902,3,'2020-01-03 00:00:00',35.5600,10);
INSERT INTO `payment` VALUES (528,741,3,'2019-06-26 00:00:00',34.4000,571);
INSERT INTO `payment` VALUES (529,975,3,'2019-03-07 00:00:00',45.9300,531);
INSERT INTO `payment` VALUES (530,979,2,'2019-06-16 00:00:00',40.5200,242);
INSERT INTO `payment` VALUES (531,929,2,'2019-07-30 00:00:00',26.7800,69);
INSERT INTO `payment` VALUES (532,733,3,'2019-12-23 00:00:00',42.5800,76);
INSERT INTO `payment` VALUES (533,974,2,'2020-01-23 00:00:00',43.8200,926);
INSERT INTO `payment` VALUES (534,737,3,'2019-08-30 00:00:00',24.2400,85);
INSERT INTO `payment` VALUES (535,561,3,'2020-01-02 00:00:00',37.0900,44);
INSERT INTO `payment` VALUES (536,429,3,'2019-03-14 00:00:00',47.2500,580);
INSERT INTO `payment` VALUES (537,192,1,'2019-07-10 00:00:00',28.6300,NULL);
INSERT INTO `payment` VALUES (538,95,3,'2019-11-12 00:00:00',35.5700,227);
INSERT INTO `payment` VALUES (539,786,2,'2019-11-30 00:00:00',28.7400,570);
INSERT INTO `payment` VALUES (540,950,2,'2019-11-17 00:00:00',20.8600,182);
INSERT INTO `payment` VALUES (541,204,1,'2019-12-14 00:00:00',35.2200,NULL);
INSERT INTO `payment` VALUES (542,731,1,'2019-06-21 00:00:00',47.1800,NULL);
INSERT INTO `payment` VALUES (543,120,2,'2019-09-13 00:00:00',20.8900,936);
INSERT INTO `payment` VALUES (544,968,3,'2019-10-30 00:00:00',28.9000,218);
INSERT INTO `payment` VALUES (545,831,3,'2019-05-31 00:00:00',23.0200,965);
INSERT INTO `payment` VALUES (546,702,2,'2020-01-13 00:00:00',43.4800,269);
INSERT INTO `payment` VALUES (547,51,2,'2019-11-30 00:00:00',31.4000,726);
INSERT INTO `payment` VALUES (548,431,3,'2019-11-30 00:00:00',47.7800,984);
INSERT INTO `payment` VALUES (549,773,2,'2019-10-05 00:00:00',33.3500,634);
INSERT INTO `payment` VALUES (550,773,3,'2019-09-07 00:00:00',45.9800,435);
INSERT INTO `payment` VALUES (551,480,1,'2020-02-14 00:00:00',25.3800,NULL);
INSERT INTO `payment` VALUES (552,113,3,'2019-02-21 00:00:00',35.4700,937);
INSERT INTO `payment` VALUES (553,968,3,'2019-11-14 00:00:00',28.3300,745);
INSERT INTO `payment` VALUES (554,687,1,'2019-12-13 00:00:00',29.6800,NULL);
INSERT INTO `payment` VALUES (555,310,3,'2020-02-08 00:00:00',41.5300,176);
INSERT INTO `payment` VALUES (556,207,2,'2019-08-11 00:00:00',42.9800,521);
INSERT INTO `payment` VALUES (557,235,1,'2019-10-08 00:00:00',44.9600,NULL);
INSERT INTO `payment` VALUES (558,181,2,'2019-08-29 00:00:00',43.6500,306);
INSERT INTO `payment` VALUES (559,828,2,'2020-01-27 00:00:00',38.3200,797);
INSERT INTO `payment` VALUES (560,501,2,'2019-05-03 00:00:00',20.2300,675);
INSERT INTO `payment` VALUES (561,600,2,'2019-09-03 00:00:00',48.2600,979);
INSERT INTO `payment` VALUES (562,328,2,'2019-03-17 00:00:00',44.4700,753);
INSERT INTO `payment` VALUES (563,192,1,'2019-04-23 00:00:00',32.7900,NULL);
INSERT INTO `payment` VALUES (564,470,2,'2019-11-09 00:00:00',41.7500,541);
INSERT INTO `payment` VALUES (565,390,3,'2019-06-01 00:00:00',46.4800,590);
INSERT INTO `payment` VALUES (566,128,2,'2020-01-19 00:00:00',33.1800,252);
INSERT INTO `payment` VALUES (567,999,3,'2019-07-22 00:00:00',29.9800,183);
INSERT INTO `payment` VALUES (568,268,3,'2020-02-05 00:00:00',31.9600,813);
INSERT INTO `payment` VALUES (569,517,1,'2019-10-03 00:00:00',27.5300,NULL);
INSERT INTO `payment` VALUES (570,969,1,'2019-10-01 00:00:00',45.7600,NULL);
INSERT INTO `payment` VALUES (571,923,3,'2019-08-27 00:00:00',22.0500,453);
INSERT INTO `payment` VALUES (572,334,3,'2019-10-05 00:00:00',35.8700,648);
INSERT INTO `payment` VALUES (573,943,1,'2019-10-10 00:00:00',42.2100,NULL);
INSERT INTO `payment` VALUES (574,368,1,'2019-05-24 00:00:00',42.3900,NULL);
INSERT INTO `payment` VALUES (575,989,2,'2020-02-08 00:00:00',22.4000,480);
INSERT INTO `payment` VALUES (576,922,3,'2019-06-25 00:00:00',36.3000,861);
INSERT INTO `payment` VALUES (577,686,3,'2019-04-29 00:00:00',34.6300,758);
INSERT INTO `payment` VALUES (578,43,2,'2019-10-23 00:00:00',49.1900,275);
INSERT INTO `payment` VALUES (579,274,1,'2019-07-19 00:00:00',28.6000,NULL);
INSERT INTO `payment` VALUES (580,659,1,'2019-09-06 00:00:00',34.8800,NULL);
INSERT INTO `payment` VALUES (581,720,2,'2019-05-19 00:00:00',22.2100,146);
INSERT INTO `payment` VALUES (582,560,1,'2019-12-29 00:00:00',24.7800,NULL);
INSERT INTO `payment` VALUES (583,827,2,'2019-05-05 00:00:00',49.6500,921);
INSERT INTO `payment` VALUES (584,411,3,'2019-02-22 00:00:00',32.0900,604);
INSERT INTO `payment` VALUES (585,43,3,'2019-11-11 00:00:00',37.0200,967);
INSERT INTO `payment` VALUES (586,402,1,'2019-11-23 00:00:00',30.4400,NULL);
INSERT INTO `payment` VALUES (587,377,2,'2019-04-09 00:00:00',30.8100,142);
INSERT INTO `payment` VALUES (588,472,1,'2019-02-22 00:00:00',41.5900,NULL);
INSERT INTO `payment` VALUES (589,638,3,'2019-04-03 00:00:00',49.6300,739);
INSERT INTO `payment` VALUES (590,422,2,'2019-11-24 00:00:00',44.4800,563);
INSERT INTO `payment` VALUES (591,367,1,'2020-01-20 00:00:00',45.7000,NULL);
INSERT INTO `payment` VALUES (592,583,2,'2019-09-19 00:00:00',25.1800,524);
INSERT INTO `payment` VALUES (593,162,2,'2019-09-20 00:00:00',35.6700,609);
INSERT INTO `payment` VALUES (594,350,3,'2019-12-30 00:00:00',26.0400,420);
INSERT INTO `payment` VALUES (595,195,2,'2019-11-21 00:00:00',35.4700,496);
INSERT INTO `payment` VALUES (596,908,3,'2019-04-19 00:00:00',23.7100,30);
INSERT INTO `payment` VALUES (597,17,3,'2019-07-30 00:00:00',44.8800,604);
INSERT INTO `payment` VALUES (598,673,1,'2020-01-01 00:00:00',21.0600,NULL);
INSERT INTO `payment` VALUES (599,570,2,'2019-11-15 00:00:00',38.3100,39);
INSERT INTO `payment` VALUES (600,409,1,'2019-10-18 00:00:00',48.0100,NULL);
INSERT INTO `payment` VALUES (601,485,3,'2019-08-29 00:00:00',30.7700,780);
INSERT INTO `payment` VALUES (602,387,1,'2020-01-30 00:00:00',43.5300,NULL);
INSERT INTO `payment` VALUES (603,203,1,'2019-09-03 00:00:00',23.1100,NULL);
INSERT INTO `payment` VALUES (604,901,3,'2019-09-25 00:00:00',20.6600,90);
INSERT INTO `payment` VALUES (605,462,2,'2019-09-12 00:00:00',23.5200,683);
INSERT INTO `payment` VALUES (606,251,1,'2019-11-27 00:00:00',36.1000,NULL);
INSERT INTO `payment` VALUES (607,793,3,'2019-06-26 00:00:00',37.3400,855);
INSERT INTO `payment` VALUES (608,553,3,'2019-12-22 00:00:00',37.6000,974);
INSERT INTO `payment` VALUES (609,553,2,'2019-03-01 00:00:00',48.9000,216);
INSERT INTO `payment` VALUES (610,923,3,'2019-09-02 00:00:00',40.5500,267);
INSERT INTO `payment` VALUES (611,874,2,'2020-02-07 00:00:00',48.6100,652);
INSERT INTO `payment` VALUES (612,882,2,'2020-01-31 00:00:00',29.1900,169);
INSERT INTO `payment` VALUES (613,287,3,'2019-03-14 00:00:00',28.7900,512);
INSERT INTO `payment` VALUES (614,583,3,'2019-07-12 00:00:00',46.3500,604);
INSERT INTO `payment` VALUES (615,598,2,'2019-03-08 00:00:00',22.9100,300);
INSERT INTO `payment` VALUES (616,540,2,'2019-06-10 00:00:00',44.1500,746);
INSERT INTO `payment` VALUES (617,394,2,'2019-10-12 00:00:00',44.3500,128);
INSERT INTO `payment` VALUES (618,854,2,'2020-02-13 00:00:00',46.6800,117);
INSERT INTO `payment` VALUES (619,22,3,'2019-04-16 00:00:00',23.6100,57);
INSERT INTO `payment` VALUES (620,451,1,'2019-07-15 00:00:00',44.3300,NULL);
INSERT INTO `payment` VALUES (621,970,3,'2019-06-07 00:00:00',31.5100,764);
INSERT INTO `payment` VALUES (622,636,1,'2019-05-16 00:00:00',41.8700,NULL);
INSERT INTO `payment` VALUES (623,519,2,'2019-11-14 00:00:00',37.8200,678);
INSERT INTO `payment` VALUES (624,261,2,'2019-12-29 00:00:00',41.9100,446);
INSERT INTO `payment` VALUES (625,704,3,'2019-09-11 00:00:00',22.5800,935);
INSERT INTO `payment` VALUES (626,284,2,'2019-08-21 00:00:00',42.7300,862);
INSERT INTO `payment` VALUES (627,966,1,'2020-01-15 00:00:00',37.4000,NULL);
INSERT INTO `payment` VALUES (628,339,2,'2019-12-12 00:00:00',35.2700,769);
INSERT INTO `payment` VALUES (629,260,1,'2020-01-09 00:00:00',20.3400,NULL);
INSERT INTO `payment` VALUES (630,940,2,'2019-07-19 00:00:00',49.9900,382);
INSERT INTO `payment` VALUES (631,451,2,'2019-11-14 00:00:00',24.0900,728);
INSERT INTO `payment` VALUES (632,548,2,'2019-10-01 00:00:00',33.7300,491);
INSERT INTO `payment` VALUES (633,45,2,'2019-08-09 00:00:00',25.2100,458);
INSERT INTO `payment` VALUES (634,60,2,'2019-03-13 00:00:00',36.8700,462);
INSERT INTO `payment` VALUES (635,188,2,'2019-08-19 00:00:00',45.1400,106);
INSERT INTO `payment` VALUES (636,565,2,'2019-05-05 00:00:00',22.3800,102);
INSERT INTO `payment` VALUES (637,730,1,'2019-09-15 00:00:00',45.8200,NULL);
INSERT INTO `payment` VALUES (638,744,2,'2019-08-01 00:00:00',24.6400,400);
INSERT INTO `payment` VALUES (639,291,3,'2019-08-12 00:00:00',39.3800,79);
INSERT INTO `payment` VALUES (640,539,1,'2019-11-28 00:00:00',45.9200,NULL);
INSERT INTO `payment` VALUES (641,651,1,'2020-01-15 00:00:00',31.9100,NULL);
INSERT INTO `payment` VALUES (642,639,2,'2019-09-30 00:00:00',30.5900,834);
INSERT INTO `payment` VALUES (643,316,2,'2019-03-13 00:00:00',47.5800,634);
INSERT INTO `payment` VALUES (644,12,2,'2019-08-11 00:00:00',44.1900,667);
INSERT INTO `payment` VALUES (645,702,2,'2019-05-26 00:00:00',32.6000,363);
INSERT INTO `payment` VALUES (646,623,2,'2019-04-28 00:00:00',25.3100,989);
INSERT INTO `payment` VALUES (647,430,3,'2019-10-24 00:00:00',29.8700,418);
INSERT INTO `payment` VALUES (648,990,2,'2019-07-14 00:00:00',36.9200,278);
INSERT INTO `payment` VALUES (649,786,3,'2019-10-07 00:00:00',40.7700,40);
INSERT INTO `payment` VALUES (650,673,1,'2019-12-26 00:00:00',29.3000,NULL);
INSERT INTO `payment` VALUES (651,923,2,'2019-08-28 00:00:00',29.1900,44);
INSERT INTO `payment` VALUES (652,392,3,'2019-07-14 00:00:00',42.1600,61);
INSERT INTO `payment` VALUES (653,150,1,'2019-08-05 00:00:00',32.4700,NULL);
INSERT INTO `payment` VALUES (654,744,1,'2019-12-04 00:00:00',42.8000,NULL);
INSERT INTO `payment` VALUES (655,547,3,'2020-02-10 00:00:00',42.8100,754);
INSERT INTO `payment` VALUES (656,435,1,'2019-02-16 00:00:00',47.1500,NULL);
INSERT INTO `payment` VALUES (657,984,3,'2020-01-10 00:00:00',48.4900,858);
INSERT INTO `payment` VALUES (658,158,1,'2019-07-24 00:00:00',49.4800,NULL);
INSERT INTO `payment` VALUES (659,275,2,'2020-01-14 00:00:00',46.7000,325);
INSERT INTO `payment` VALUES (660,628,2,'2019-09-05 00:00:00',24.8100,162);
INSERT INTO `payment` VALUES (661,167,1,'2019-04-07 00:00:00',30.2300,NULL);
INSERT INTO `payment` VALUES (662,238,1,'2019-08-24 00:00:00',30.2600,NULL);
INSERT INTO `payment` VALUES (663,799,1,'2019-09-07 00:00:00',39.2600,NULL);
INSERT INTO `payment` VALUES (664,806,1,'2019-03-18 00:00:00',47.1700,NULL);
INSERT INTO `payment` VALUES (665,908,1,'2019-05-28 00:00:00',28.5600,NULL);
INSERT INTO `payment` VALUES (666,56,2,'2019-11-05 00:00:00',49.7300,22);
INSERT INTO `payment` VALUES (667,360,2,'2019-06-20 00:00:00',48.6100,458);
INSERT INTO `payment` VALUES (668,263,1,'2019-04-23 00:00:00',45.1500,NULL);
INSERT INTO `payment` VALUES (669,896,2,'2020-01-15 00:00:00',26.2700,317);
INSERT INTO `payment` VALUES (670,343,3,'2019-10-08 00:00:00',46.0300,258);
INSERT INTO `payment` VALUES (671,642,1,'2020-02-06 00:00:00',29.9600,NULL);
INSERT INTO `payment` VALUES (672,174,2,'2020-01-16 00:00:00',37.3600,587);
INSERT INTO `payment` VALUES (673,560,3,'2019-12-14 00:00:00',49.8500,922);
INSERT INTO `payment` VALUES (674,183,1,'2019-06-05 00:00:00',21.8500,NULL);
INSERT INTO `payment` VALUES (675,42,2,'2019-12-28 00:00:00',32.6800,78);
INSERT INTO `payment` VALUES (676,709,2,'2019-02-21 00:00:00',36.0000,445);
INSERT INTO `payment` VALUES (677,35,1,'2019-08-11 00:00:00',35.5900,NULL);
INSERT INTO `payment` VALUES (678,954,1,'2019-03-22 00:00:00',33.0900,NULL);
INSERT INTO `payment` VALUES (679,416,2,'2019-11-29 00:00:00',37.0300,291);
INSERT INTO `payment` VALUES (680,745,3,'2020-01-19 00:00:00',32.6600,728);
INSERT INTO `payment` VALUES (681,518,2,'2019-04-09 00:00:00',22.8700,710);
INSERT INTO `payment` VALUES (682,465,1,'2019-11-24 00:00:00',20.1200,NULL);
INSERT INTO `payment` VALUES (683,465,1,'2020-01-31 00:00:00',28.2500,NULL);
INSERT INTO `payment` VALUES (684,747,1,'2019-12-05 00:00:00',32.1300,NULL);
INSERT INTO `payment` VALUES (685,396,2,'2019-12-31 00:00:00',26.2300,830);
INSERT INTO `payment` VALUES (686,61,1,'2019-08-10 00:00:00',20.6400,NULL);
INSERT INTO `payment` VALUES (687,820,2,'2020-02-03 00:00:00',25.0100,200);
INSERT INTO `payment` VALUES (688,761,3,'2019-07-07 00:00:00',37.5600,842);
INSERT INTO `payment` VALUES (689,523,3,'2019-04-12 00:00:00',25.1000,340);
INSERT INTO `payment` VALUES (690,722,3,'2019-07-20 00:00:00',24.2600,896);
INSERT INTO `payment` VALUES (691,151,2,'2019-12-07 00:00:00',23.8900,647);
INSERT INTO `payment` VALUES (692,86,3,'2019-10-03 00:00:00',42.3000,477);
INSERT INTO `payment` VALUES (693,959,1,'2019-12-22 00:00:00',23.3600,NULL);
INSERT INTO `payment` VALUES (694,945,2,'2019-10-04 00:00:00',42.4900,788);
INSERT INTO `payment` VALUES (695,184,3,'2019-08-01 00:00:00',42.3500,273);
INSERT INTO `payment` VALUES (696,232,2,'2019-04-09 00:00:00',29.3600,252);
INSERT INTO `payment` VALUES (697,975,2,'2019-06-02 00:00:00',21.6800,279);
INSERT INTO `payment` VALUES (698,157,3,'2019-04-10 00:00:00',21.0700,802);
INSERT INTO `payment` VALUES (699,737,2,'2020-01-15 00:00:00',24.5900,793);
INSERT INTO `payment` VALUES (700,6,3,'2020-01-09 00:00:00',29.4300,280);
INSERT INTO `payment` VALUES (701,895,3,'2019-03-23 00:00:00',23.5500,181);
INSERT INTO `payment` VALUES (702,278,2,'2019-04-28 00:00:00',43.1200,989);
INSERT INTO `payment` VALUES (703,149,2,'2019-07-07 00:00:00',47.2000,636);
INSERT INTO `payment` VALUES (704,906,1,'2020-01-24 00:00:00',30.2700,NULL);
INSERT INTO `payment` VALUES (705,367,3,'2019-10-29 00:00:00',45.1300,127);
INSERT INTO `payment` VALUES (706,683,1,'2019-07-04 00:00:00',47.5000,NULL);
INSERT INTO `payment` VALUES (707,732,2,'2019-11-26 00:00:00',22.9900,67);
INSERT INTO `payment` VALUES (708,420,2,'2019-04-03 00:00:00',27.1200,969);
INSERT INTO `payment` VALUES (709,311,1,'2019-09-23 00:00:00',22.5100,NULL);
INSERT INTO `payment` VALUES (710,327,3,'2019-11-27 00:00:00',26.1400,154);
INSERT INTO `payment` VALUES (711,511,2,'2019-05-21 00:00:00',28.4500,164);
INSERT INTO `payment` VALUES (712,537,3,'2019-08-21 00:00:00',31.1100,5);
INSERT INTO `payment` VALUES (713,662,3,'2019-07-19 00:00:00',28.3600,562);
INSERT INTO `payment` VALUES (714,923,2,'2020-01-15 00:00:00',29.3100,203);
INSERT INTO `payment` VALUES (715,228,3,'2019-06-04 00:00:00',46.7000,593);
INSERT INTO `payment` VALUES (716,322,3,'2019-08-31 00:00:00',26.8200,675);
INSERT INTO `payment` VALUES (717,427,2,'2019-06-09 00:00:00',42.4500,632);
INSERT INTO `payment` VALUES (718,394,2,'2020-01-30 00:00:00',49.1100,733);
INSERT INTO `payment` VALUES (719,969,3,'2019-07-29 00:00:00',35.4100,750);
INSERT INTO `payment` VALUES (720,596,3,'2019-02-21 00:00:00',24.0800,310);
INSERT INTO `payment` VALUES (721,472,1,'2020-01-09 00:00:00',37.7700,NULL);
INSERT INTO `payment` VALUES (722,432,3,'2019-05-28 00:00:00',23.5800,587);
INSERT INTO `payment` VALUES (723,199,1,'2019-12-21 00:00:00',37.8000,NULL);
INSERT INTO `payment` VALUES (724,270,2,'2019-11-16 00:00:00',39.8100,564);
INSERT INTO `payment` VALUES (725,736,2,'2019-08-10 00:00:00',47.3300,535);
INSERT INTO `payment` VALUES (726,916,1,'2019-09-09 00:00:00',21.1500,NULL);
INSERT INTO `payment` VALUES (727,227,1,'2020-01-27 00:00:00',25.0500,NULL);
INSERT INTO `payment` VALUES (728,341,1,'2019-08-03 00:00:00',34.2500,NULL);
INSERT INTO `payment` VALUES (729,545,3,'2019-11-17 00:00:00',46.2600,860);
INSERT INTO `payment` VALUES (730,76,2,'2019-06-15 00:00:00',22.8500,979);
INSERT INTO `payment` VALUES (731,18,1,'2019-03-27 00:00:00',34.9500,NULL);
INSERT INTO `payment` VALUES (732,272,3,'2019-10-23 00:00:00',36.2200,936);
INSERT INTO `payment` VALUES (733,751,3,'2019-08-31 00:00:00',49.8200,71);
INSERT INTO `payment` VALUES (734,513,3,'2019-04-19 00:00:00',21.0600,485);
INSERT INTO `payment` VALUES (735,1000,1,'2019-10-26 00:00:00',20.1300,NULL);
INSERT INTO `payment` VALUES (736,479,1,'2019-04-27 00:00:00',49.2600,NULL);
INSERT INTO `payment` VALUES (737,393,2,'2019-05-11 00:00:00',24.3100,900);
INSERT INTO `payment` VALUES (738,688,3,'2020-02-08 00:00:00',30.0100,389);
INSERT INTO `payment` VALUES (739,15,1,'2019-07-05 00:00:00',27.6800,NULL);
INSERT INTO `payment` VALUES (740,902,2,'2019-06-13 00:00:00',48.7700,746);
INSERT INTO `payment` VALUES (741,404,1,'2020-02-10 00:00:00',26.5400,NULL);
INSERT INTO `payment` VALUES (742,527,3,'2019-09-09 00:00:00',22.3000,825);
INSERT INTO `payment` VALUES (743,620,2,'2019-11-30 00:00:00',36.4700,566);
INSERT INTO `payment` VALUES (744,82,1,'2019-12-20 00:00:00',45.7300,NULL);
INSERT INTO `payment` VALUES (745,468,1,'2019-02-21 00:00:00',34.2400,NULL);
INSERT INTO `payment` VALUES (746,121,3,'2020-02-03 00:00:00',35.6500,687);
INSERT INTO `payment` VALUES (747,566,1,'2019-12-07 00:00:00',38.5300,NULL);
INSERT INTO `payment` VALUES (748,20,2,'2019-04-22 00:00:00',40.7900,275);
INSERT INTO `payment` VALUES (749,750,2,'2020-02-10 00:00:00',49.7000,280);
INSERT INTO `payment` VALUES (750,181,3,'2019-10-12 00:00:00',25.2000,422);
INSERT INTO `payment` VALUES (751,829,2,'2019-03-08 00:00:00',21.0500,524);
INSERT INTO `payment` VALUES (752,929,2,'2020-02-06 00:00:00',46.8000,19);
INSERT INTO `payment` VALUES (753,439,3,'2019-03-03 00:00:00',42.0400,75);
INSERT INTO `payment` VALUES (754,217,2,'2020-02-13 00:00:00',46.7400,586);
INSERT INTO `payment` VALUES (755,224,2,'2019-12-03 00:00:00',28.4600,229);
INSERT INTO `payment` VALUES (756,351,1,'2019-04-15 00:00:00',28.1800,NULL);
INSERT INTO `payment` VALUES (757,640,1,'2020-01-24 00:00:00',25.6000,NULL);
INSERT INTO `payment` VALUES (758,948,1,'2019-02-18 00:00:00',38.2700,NULL);
INSERT INTO `payment` VALUES (759,583,2,'2019-12-28 00:00:00',49.7100,445);
INSERT INTO `payment` VALUES (760,610,1,'2019-07-21 00:00:00',29.9100,NULL);
INSERT INTO `payment` VALUES (761,403,2,'2019-08-14 00:00:00',22.5400,857);
INSERT INTO `payment` VALUES (762,541,2,'2019-05-22 00:00:00',38.6000,471);
INSERT INTO `payment` VALUES (763,24,3,'2020-02-08 00:00:00',23.9400,983);
INSERT INTO `payment` VALUES (764,858,3,'2019-11-23 00:00:00',22.6300,790);
INSERT INTO `payment` VALUES (765,810,1,'2019-10-18 00:00:00',48.3300,NULL);
INSERT INTO `payment` VALUES (766,47,2,'2019-04-16 00:00:00',46.3300,823);
INSERT INTO `payment` VALUES (767,637,2,'2019-10-05 00:00:00',46.7800,29);
INSERT INTO `payment` VALUES (768,874,3,'2019-03-03 00:00:00',35.4500,881);
INSERT INTO `payment` VALUES (769,293,1,'2019-12-12 00:00:00',45.3400,NULL);
INSERT INTO `payment` VALUES (770,549,1,'2019-12-16 00:00:00',28.3200,NULL);
INSERT INTO `payment` VALUES (771,66,3,'2019-05-11 00:00:00',41.9000,365);
INSERT INTO `payment` VALUES (772,529,3,'2020-01-07 00:00:00',23.0400,303);
INSERT INTO `payment` VALUES (773,805,1,'2019-08-01 00:00:00',47.5400,NULL);
INSERT INTO `payment` VALUES (774,571,2,'2019-11-13 00:00:00',21.0300,430);
INSERT INTO `payment` VALUES (775,498,2,'2019-05-10 00:00:00',25.0900,923);
INSERT INTO `payment` VALUES (776,330,2,'2020-01-23 00:00:00',21.9200,41);
INSERT INTO `payment` VALUES (777,126,3,'2020-02-10 00:00:00',43.0300,67);
INSERT INTO `payment` VALUES (778,325,1,'2019-08-29 00:00:00',39.4600,NULL);
INSERT INTO `payment` VALUES (779,302,3,'2019-07-03 00:00:00',43.5100,416);
INSERT INTO `payment` VALUES (780,201,1,'2019-03-23 00:00:00',36.6000,NULL);
INSERT INTO `payment` VALUES (781,473,3,'2019-10-26 00:00:00',24.8200,820);
INSERT INTO `payment` VALUES (782,945,2,'2019-12-04 00:00:00',23.0100,666);
INSERT INTO `payment` VALUES (783,628,2,'2019-03-29 00:00:00',32.6100,844);
INSERT INTO `payment` VALUES (784,833,2,'2019-10-09 00:00:00',25.4300,833);
INSERT INTO `payment` VALUES (785,209,2,'2019-05-31 00:00:00',49.7600,384);
INSERT INTO `payment` VALUES (786,142,1,'2019-03-02 00:00:00',28.9200,NULL);
INSERT INTO `payment` VALUES (787,661,1,'2019-10-31 00:00:00',48.8300,NULL);
INSERT INTO `payment` VALUES (788,779,3,'2019-10-16 00:00:00',36.9600,432);
INSERT INTO `payment` VALUES (789,181,3,'2019-11-07 00:00:00',25.8300,229);
INSERT INTO `payment` VALUES (790,65,3,'2020-01-30 00:00:00',30.5700,116);
INSERT INTO `payment` VALUES (791,31,1,'2020-02-01 00:00:00',24.2800,NULL);
INSERT INTO `payment` VALUES (792,825,2,'2019-09-02 00:00:00',46.1500,849);
INSERT INTO `payment` VALUES (793,589,3,'2019-04-21 00:00:00',23.9700,46);
INSERT INTO `payment` VALUES (794,800,2,'2019-10-25 00:00:00',20.0700,838);
INSERT INTO `payment` VALUES (795,442,1,'2019-03-24 00:00:00',49.6600,NULL);
INSERT INTO `payment` VALUES (796,241,3,'2019-10-15 00:00:00',26.2900,470);
INSERT INTO `payment` VALUES (797,90,1,'2019-10-09 00:00:00',46.8400,NULL);
INSERT INTO `payment` VALUES (798,245,2,'2019-06-01 00:00:00',41.3900,263);
INSERT INTO `payment` VALUES (799,199,1,'2019-08-07 00:00:00',35.0100,NULL);
INSERT INTO `payment` VALUES (800,574,1,'2020-02-07 00:00:00',45.7900,NULL);
INSERT INTO `payment` VALUES (801,790,1,'2019-09-25 00:00:00',45.9100,NULL);
INSERT INTO `payment` VALUES (802,30,2,'2020-02-11 00:00:00',21.6900,751);
INSERT INTO `payment` VALUES (803,945,2,'2020-01-27 00:00:00',46.0200,754);
INSERT INTO `payment` VALUES (804,274,2,'2019-02-22 00:00:00',45.3800,964);
INSERT INTO `payment` VALUES (805,836,1,'2019-12-29 00:00:00',48.1100,NULL);
INSERT INTO `payment` VALUES (806,654,3,'2019-06-05 00:00:00',41.5400,506);
INSERT INTO `payment` VALUES (807,542,2,'2019-03-25 00:00:00',21.9200,855);
INSERT INTO `payment` VALUES (808,218,3,'2019-03-11 00:00:00',39.7500,778);
INSERT INTO `payment` VALUES (809,139,2,'2019-06-04 00:00:00',38.7900,611);
INSERT INTO `payment` VALUES (810,287,1,'2019-12-05 00:00:00',44.8500,NULL);
INSERT INTO `payment` VALUES (811,325,2,'2019-07-26 00:00:00',26.1400,883);
INSERT INTO `payment` VALUES (812,599,3,'2019-04-20 00:00:00',39.0400,165);
INSERT INTO `payment` VALUES (813,751,2,'2019-04-19 00:00:00',31.4500,190);
INSERT INTO `payment` VALUES (814,555,1,'2019-03-03 00:00:00',28.7700,NULL);
INSERT INTO `payment` VALUES (815,83,3,'2019-09-11 00:00:00',24.5000,623);
INSERT INTO `payment` VALUES (816,37,2,'2019-12-02 00:00:00',29.6500,345);
INSERT INTO `payment` VALUES (817,184,1,'2019-10-08 00:00:00',41.2100,NULL);
INSERT INTO `payment` VALUES (818,154,1,'2019-08-16 00:00:00',46.5300,NULL);
INSERT INTO `payment` VALUES (819,438,3,'2019-04-06 00:00:00',40.3200,198);
INSERT INTO `payment` VALUES (820,173,3,'2019-07-31 00:00:00',48.7000,483);
INSERT INTO `payment` VALUES (821,81,3,'2020-01-12 00:00:00',31.2800,985);
INSERT INTO `payment` VALUES (822,754,2,'2019-02-22 00:00:00',21.2500,207);
INSERT INTO `payment` VALUES (823,494,1,'2019-11-29 00:00:00',35.1400,NULL);
INSERT INTO `payment` VALUES (824,452,1,'2019-03-09 00:00:00',37.1900,NULL);
INSERT INTO `payment` VALUES (825,727,3,'2019-12-28 00:00:00',42.1300,910);
INSERT INTO `payment` VALUES (826,680,2,'2019-09-06 00:00:00',42.1300,408);
INSERT INTO `payment` VALUES (827,812,1,'2019-10-25 00:00:00',37.6500,NULL);
INSERT INTO `payment` VALUES (828,695,3,'2019-05-21 00:00:00',49.1800,838);
INSERT INTO `payment` VALUES (829,710,1,'2019-09-12 00:00:00',27.8000,NULL);
INSERT INTO `payment` VALUES (830,400,2,'2020-02-05 00:00:00',29.0500,509);
INSERT INTO `payment` VALUES (831,675,3,'2019-12-29 00:00:00',42.1000,827);
INSERT INTO `payment` VALUES (832,961,1,'2019-08-12 00:00:00',46.4400,NULL);
INSERT INTO `payment` VALUES (833,103,3,'2019-07-10 00:00:00',23.8900,96);
INSERT INTO `payment` VALUES (834,455,3,'2020-01-26 00:00:00',25.8300,541);
INSERT INTO `payment` VALUES (835,383,3,'2019-08-24 00:00:00',30.9800,416);
INSERT INTO `payment` VALUES (836,485,3,'2019-09-16 00:00:00',42.2900,808);
INSERT INTO `payment` VALUES (837,149,2,'2019-05-23 00:00:00',29.3100,130);
INSERT INTO `payment` VALUES (838,390,1,'2019-09-28 00:00:00',36.8300,NULL);
INSERT INTO `payment` VALUES (839,345,3,'2019-05-16 00:00:00',29.4700,271);
INSERT INTO `payment` VALUES (840,334,2,'2019-08-23 00:00:00',40.3800,489);
INSERT INTO `payment` VALUES (841,517,3,'2019-05-07 00:00:00',30.2700,691);
INSERT INTO `payment` VALUES (842,62,3,'2019-12-04 00:00:00',37.2700,277);
INSERT INTO `payment` VALUES (843,437,2,'2019-04-19 00:00:00',27.4200,611);
INSERT INTO `payment` VALUES (844,963,2,'2019-05-03 00:00:00',20.7900,703);
INSERT INTO `payment` VALUES (845,556,3,'2019-05-10 00:00:00',43.7200,939);
INSERT INTO `payment` VALUES (846,721,1,'2019-04-12 00:00:00',26.9300,NULL);
INSERT INTO `payment` VALUES (847,85,3,'2020-01-10 00:00:00',45.8000,607);
INSERT INTO `payment` VALUES (848,571,3,'2019-04-07 00:00:00',29.2100,910);
INSERT INTO `payment` VALUES (849,721,1,'2019-07-30 00:00:00',23.3300,NULL);
INSERT INTO `payment` VALUES (850,644,3,'2019-06-06 00:00:00',20.6500,162);
INSERT INTO `payment` VALUES (851,651,3,'2019-12-26 00:00:00',40.3300,696);
INSERT INTO `payment` VALUES (852,290,1,'2019-12-26 00:00:00',31.0800,NULL);
INSERT INTO `payment` VALUES (853,955,3,'2020-01-19 00:00:00',49.9400,47);
INSERT INTO `payment` VALUES (854,134,2,'2019-09-26 00:00:00',45.3800,673);
INSERT INTO `payment` VALUES (855,620,2,'2019-05-26 00:00:00',28.8000,936);
INSERT INTO `payment` VALUES (856,159,3,'2019-04-29 00:00:00',27.2300,210);
INSERT INTO `payment` VALUES (857,208,1,'2019-10-20 00:00:00',38.8400,NULL);
INSERT INTO `payment` VALUES (858,966,1,'2019-04-14 00:00:00',22.2100,NULL);
INSERT INTO `payment` VALUES (859,628,3,'2019-04-17 00:00:00',25.2200,810);
INSERT INTO `payment` VALUES (860,272,3,'2020-01-30 00:00:00',41.8200,429);
INSERT INTO `payment` VALUES (861,965,3,'2019-12-22 00:00:00',45.0200,684);
INSERT INTO `payment` VALUES (862,424,1,'2019-11-30 00:00:00',46.5400,NULL);
INSERT INTO `payment` VALUES (863,913,3,'2019-04-03 00:00:00',35.8000,584);
INSERT INTO `payment` VALUES (864,743,1,'2019-04-20 00:00:00',43.9700,NULL);
INSERT INTO `payment` VALUES (865,101,2,'2019-10-21 00:00:00',43.8900,925);
INSERT INTO `payment` VALUES (866,362,1,'2020-02-07 00:00:00',32.5000,NULL);
INSERT INTO `payment` VALUES (867,580,1,'2019-08-29 00:00:00',41.8500,NULL);
INSERT INTO `payment` VALUES (868,828,1,'2019-03-29 00:00:00',47.6300,NULL);
INSERT INTO `payment` VALUES (869,86,1,'2019-07-08 00:00:00',23.9700,NULL);
INSERT INTO `payment` VALUES (870,456,1,'2019-08-01 00:00:00',36.5800,NULL);
INSERT INTO `payment` VALUES (871,770,1,'2019-04-14 00:00:00',47.1200,NULL);
INSERT INTO `payment` VALUES (872,89,1,'2019-12-27 00:00:00',31.9900,NULL);
INSERT INTO `payment` VALUES (873,225,1,'2019-05-30 00:00:00',48.6300,NULL);
INSERT INTO `payment` VALUES (874,664,3,'2020-02-06 00:00:00',21.7900,570);
INSERT INTO `payment` VALUES (875,460,1,'2019-04-09 00:00:00',33.5600,NULL);
INSERT INTO `payment` VALUES (876,601,1,'2019-05-05 00:00:00',30.1900,NULL);
INSERT INTO `payment` VALUES (877,46,3,'2019-02-27 00:00:00',21.4100,416);
INSERT INTO `payment` VALUES (878,626,3,'2019-04-11 00:00:00',43.1000,425);
INSERT INTO `payment` VALUES (879,209,1,'2019-11-28 00:00:00',38.6600,NULL);
INSERT INTO `payment` VALUES (880,611,3,'2019-11-20 00:00:00',44.1000,308);
INSERT INTO `payment` VALUES (881,435,1,'2019-10-24 00:00:00',20.9500,NULL);
INSERT INTO `payment` VALUES (882,263,1,'2019-11-26 00:00:00',20.4800,NULL);
INSERT INTO `payment` VALUES (883,277,1,'2019-10-09 00:00:00',29.2000,NULL);
INSERT INTO `payment` VALUES (884,242,2,'2019-10-30 00:00:00',37.9200,427);
INSERT INTO `payment` VALUES (885,272,2,'2019-07-30 00:00:00',24.9900,583);
INSERT INTO `payment` VALUES (886,985,1,'2019-07-13 00:00:00',36.6200,NULL);
INSERT INTO `payment` VALUES (887,817,2,'2019-07-19 00:00:00',40.6300,620);
INSERT INTO `payment` VALUES (888,488,3,'2019-10-11 00:00:00',31.7900,277);
INSERT INTO `payment` VALUES (889,979,3,'2019-09-30 00:00:00',40.8800,979);
INSERT INTO `payment` VALUES (890,739,3,'2019-10-13 00:00:00',20.9800,801);
INSERT INTO `payment` VALUES (891,864,2,'2019-12-02 00:00:00',47.0900,951);
INSERT INTO `payment` VALUES (892,944,3,'2020-02-11 00:00:00',20.3500,642);
INSERT INTO `payment` VALUES (893,562,1,'2019-09-27 00:00:00',38.4000,NULL);
INSERT INTO `payment` VALUES (894,555,3,'2019-07-02 00:00:00',28.2300,771);
INSERT INTO `payment` VALUES (895,156,3,'2019-12-13 00:00:00',35.3300,88);
INSERT INTO `payment` VALUES (896,483,3,'2020-02-14 00:00:00',27.6100,50);
INSERT INTO `payment` VALUES (897,163,3,'2019-03-23 00:00:00',30.7100,130);
INSERT INTO `payment` VALUES (898,760,3,'2019-03-15 00:00:00',31.5400,466);
INSERT INTO `payment` VALUES (899,232,2,'2019-09-04 00:00:00',35.9000,43);
INSERT INTO `payment` VALUES (900,494,3,'2019-05-12 00:00:00',39.7900,175);
INSERT INTO `payment` VALUES (901,12,3,'2019-12-29 00:00:00',44.0000,232);
INSERT INTO `payment` VALUES (902,594,2,'2019-08-26 00:00:00',21.1500,110);
INSERT INTO `payment` VALUES (903,5,1,'2019-12-22 00:00:00',42.7800,NULL);
INSERT INTO `payment` VALUES (904,408,3,'2019-08-18 00:00:00',32.6900,637);
INSERT INTO `payment` VALUES (905,234,3,'2019-05-04 00:00:00',29.9700,517);
INSERT INTO `payment` VALUES (906,523,1,'2019-06-13 00:00:00',34.2900,NULL);
INSERT INTO `payment` VALUES (907,536,2,'2019-12-09 00:00:00',43.5700,613);
INSERT INTO `payment` VALUES (908,689,1,'2019-10-05 00:00:00',25.5800,NULL);
INSERT INTO `payment` VALUES (909,830,3,'2019-05-03 00:00:00',26.2400,387);
INSERT INTO `payment` VALUES (910,221,2,'2020-01-03 00:00:00',38.7700,87);
INSERT INTO `payment` VALUES (911,723,2,'2019-07-11 00:00:00',38.5800,119);
INSERT INTO `payment` VALUES (912,145,3,'2019-11-15 00:00:00',20.4800,80);
INSERT INTO `payment` VALUES (913,934,2,'2019-11-01 00:00:00',22.6400,89);
INSERT INTO `payment` VALUES (914,601,2,'2019-07-25 00:00:00',27.9500,652);
INSERT INTO `payment` VALUES (915,383,1,'2019-11-20 00:00:00',30.6400,NULL);
INSERT INTO `payment` VALUES (916,882,3,'2020-01-28 00:00:00',28.2700,402);
INSERT INTO `payment` VALUES (917,143,3,'2019-09-15 00:00:00',44.9600,214);
INSERT INTO `payment` VALUES (918,608,3,'2019-08-15 00:00:00',33.7900,170);
INSERT INTO `payment` VALUES (919,431,1,'2019-12-21 00:00:00',25.5500,NULL);
INSERT INTO `payment` VALUES (920,487,1,'2019-11-05 00:00:00',23.0300,NULL);
INSERT INTO `payment` VALUES (921,661,1,'2019-12-21 00:00:00',29.4800,NULL);
INSERT INTO `payment` VALUES (922,840,2,'2019-04-22 00:00:00',32.9300,985);
INSERT INTO `payment` VALUES (923,138,1,'2019-06-02 00:00:00',30.0200,NULL);
INSERT INTO `payment` VALUES (924,620,3,'2019-10-04 00:00:00',29.9700,91);
INSERT INTO `payment` VALUES (925,733,2,'2019-08-25 00:00:00',30.3800,242);
INSERT INTO `payment` VALUES (926,788,1,'2019-09-20 00:00:00',39.8900,NULL);
INSERT INTO `payment` VALUES (927,671,2,'2019-08-14 00:00:00',39.6200,581);
INSERT INTO `payment` VALUES (928,246,3,'2019-07-03 00:00:00',41.9100,851);
INSERT INTO `payment` VALUES (929,514,3,'2019-07-15 00:00:00',35.7300,992);
INSERT INTO `payment` VALUES (930,79,1,'2020-02-10 00:00:00',40.5500,NULL);
INSERT INTO `payment` VALUES (931,504,2,'2019-06-14 00:00:00',45.9300,183);
INSERT INTO `payment` VALUES (932,423,1,'2019-11-10 00:00:00',49.9600,NULL);
INSERT INTO `payment` VALUES (933,745,3,'2019-04-19 00:00:00',22.9000,981);
INSERT INTO `payment` VALUES (934,450,2,'2019-08-12 00:00:00',30.0900,102);
INSERT INTO `payment` VALUES (935,307,3,'2019-12-16 00:00:00',34.1800,29);
INSERT INTO `payment` VALUES (936,575,1,'2019-02-20 00:00:00',45.0000,NULL);
INSERT INTO `payment` VALUES (937,949,2,'2019-09-14 00:00:00',48.6200,251);
INSERT INTO `payment` VALUES (938,495,2,'2019-06-23 00:00:00',32.9000,317);
INSERT INTO `payment` VALUES (939,199,1,'2019-10-08 00:00:00',37.6600,NULL);
INSERT INTO `payment` VALUES (940,538,1,'2019-06-22 00:00:00',24.4500,NULL);
INSERT INTO `payment` VALUES (941,40,2,'2019-11-10 00:00:00',35.7300,336);
INSERT INTO `payment` VALUES (942,371,1,'2019-06-23 00:00:00',31.2000,NULL);
INSERT INTO `payment` VALUES (943,464,2,'2019-12-06 00:00:00',45.4700,863);
INSERT INTO `payment` VALUES (944,265,1,'2019-12-24 00:00:00',31.7300,NULL);
INSERT INTO `payment` VALUES (945,734,3,'2019-08-08 00:00:00',40.1100,791);
INSERT INTO `payment` VALUES (946,414,2,'2019-04-26 00:00:00',30.4200,867);
INSERT INTO `payment` VALUES (947,190,2,'2019-04-01 00:00:00',38.0500,687);
INSERT INTO `payment` VALUES (948,256,3,'2020-02-02 00:00:00',26.4500,311);
INSERT INTO `payment` VALUES (949,425,1,'2020-01-16 00:00:00',49.8300,NULL);
INSERT INTO `payment` VALUES (950,821,1,'2019-07-03 00:00:00',37.4300,NULL);
INSERT INTO `payment` VALUES (951,454,1,'2019-04-04 00:00:00',30.9100,NULL);
INSERT INTO `payment` VALUES (952,71,3,'2019-12-26 00:00:00',21.7300,417);
INSERT INTO `payment` VALUES (953,775,2,'2020-01-04 00:00:00',49.1800,241);
INSERT INTO `payment` VALUES (954,875,1,'2019-05-08 00:00:00',48.8700,NULL);
INSERT INTO `payment` VALUES (955,929,2,'2019-07-19 00:00:00',20.3900,860);
INSERT INTO `payment` VALUES (956,228,2,'2019-03-22 00:00:00',44.7900,108);
INSERT INTO `payment` VALUES (957,290,3,'2019-07-16 00:00:00',25.1400,183);
INSERT INTO `payment` VALUES (958,72,3,'2019-04-21 00:00:00',23.4800,883);
INSERT INTO `payment` VALUES (959,64,1,'2020-02-06 00:00:00',20.6000,NULL);
INSERT INTO `payment` VALUES (960,848,3,'2019-04-09 00:00:00',27.3600,801);
INSERT INTO `payment` VALUES (961,782,2,'2019-12-29 00:00:00',35.6100,650);
INSERT INTO `payment` VALUES (962,740,3,'2019-08-28 00:00:00',49.9200,720);
INSERT INTO `payment` VALUES (963,724,1,'2019-04-21 00:00:00',45.5700,NULL);
INSERT INTO `payment` VALUES (964,239,2,'2020-01-31 00:00:00',34.8700,969);
INSERT INTO `payment` VALUES (965,516,3,'2019-03-14 00:00:00',47.0900,988);
INSERT INTO `payment` VALUES (966,790,1,'2019-02-20 00:00:00',35.8300,NULL);
INSERT INTO `payment` VALUES (967,162,1,'2019-07-09 00:00:00',45.7500,NULL);
INSERT INTO `payment` VALUES (968,461,2,'2019-06-24 00:00:00',41.3900,893);
INSERT INTO `payment` VALUES (969,248,3,'2019-03-27 00:00:00',25.1400,962);
INSERT INTO `payment` VALUES (970,151,1,'2020-01-09 00:00:00',27.3400,NULL);
INSERT INTO `payment` VALUES (971,584,1,'2019-06-11 00:00:00',20.6800,NULL);
INSERT INTO `payment` VALUES (972,18,1,'2019-12-01 00:00:00',47.5500,NULL);
INSERT INTO `payment` VALUES (973,930,1,'2020-01-27 00:00:00',38.8300,NULL);
INSERT INTO `payment` VALUES (974,86,1,'2019-12-09 00:00:00',37.0400,NULL);
INSERT INTO `payment` VALUES (975,435,2,'2020-02-07 00:00:00',23.0300,287);
INSERT INTO `payment` VALUES (976,302,2,'2019-09-13 00:00:00',43.3000,456);
INSERT INTO `payment` VALUES (977,587,1,'2019-04-05 00:00:00',33.1900,NULL);
INSERT INTO `payment` VALUES (978,296,1,'2019-11-20 00:00:00',20.6500,NULL);
INSERT INTO `payment` VALUES (979,735,3,'2020-01-11 00:00:00',44.4700,892);
INSERT INTO `payment` VALUES (980,457,3,'2019-08-01 00:00:00',29.2300,315);
INSERT INTO `payment` VALUES (981,410,2,'2019-04-18 00:00:00',45.1900,767);
INSERT INTO `payment` VALUES (982,666,1,'2019-11-08 00:00:00',23.7500,NULL);
INSERT INTO `payment` VALUES (983,647,1,'2019-10-16 00:00:00',22.6400,NULL);
INSERT INTO `payment` VALUES (984,512,3,'2019-06-30 00:00:00',24.2900,296);
INSERT INTO `payment` VALUES (985,921,3,'2019-05-23 00:00:00',34.5700,725);
INSERT INTO `payment` VALUES (986,616,3,'2019-03-02 00:00:00',21.8400,412);
INSERT INTO `payment` VALUES (987,192,3,'2019-04-11 00:00:00',22.5900,381);
INSERT INTO `payment` VALUES (988,160,2,'2019-11-17 00:00:00',26.1800,475);
INSERT INTO `payment` VALUES (989,566,3,'2019-07-10 00:00:00',31.8300,835);
INSERT INTO `payment` VALUES (990,75,3,'2019-07-22 00:00:00',30.1400,15);
INSERT INTO `payment` VALUES (991,895,3,'2019-06-03 00:00:00',43.5100,7);
INSERT INTO `payment` VALUES (992,406,2,'2020-01-31 00:00:00',20.7100,534);
INSERT INTO `payment` VALUES (993,258,1,'2020-01-27 00:00:00',45.3800,NULL);
INSERT INTO `payment` VALUES (994,668,1,'2019-11-12 00:00:00',46.6500,NULL);
INSERT INTO `payment` VALUES (995,630,1,'2019-08-08 00:00:00',47.9500,NULL);
INSERT INTO `payment` VALUES (996,208,3,'2019-03-26 00:00:00',30.2500,182);
INSERT INTO `payment` VALUES (997,416,2,'2019-10-09 00:00:00',26.2500,930);
INSERT INTO `payment` VALUES (998,796,3,'2020-01-20 00:00:00',45.4400,599);
INSERT INTO `payment` VALUES (999,627,2,'2019-12-23 00:00:00',43.0000,691);
INSERT INTO `payment` VALUES (1000,900,3,'2019-03-01 00:00:00',48.9400,460);